-- phpMyAdmin SQL Dump
-- version 5.2.1
-- https://www.phpmyadmin.net/
--
-- Hôte : localhost:3306
-- Généré le : ven. 18 juil. 2025 à 15:37
-- Version du serveur : 8.4.3
-- Version de PHP : 8.3.16

SET SQL_MODE = "NO_AUTO_VALUE_ON_ZERO";
START TRANSACTION;
SET time_zone = "+00:00";


/*!40101 SET @OLD_CHARACTER_SET_CLIENT=@@CHARACTER_SET_CLIENT */;
/*!40101 SET @OLD_CHARACTER_SET_RESULTS=@@CHARACTER_SET_RESULTS */;
/*!40101 SET @OLD_COLLATION_CONNECTION=@@COLLATION_CONNECTION */;
/*!40101 SET NAMES utf8mb4 */;

--
-- Base de données : `imf`
--
CREATE DATABASE IF NOT EXISTS `imf` DEFAULT CHARACTER SET utf8mb4 COLLATE utf8mb4_0900_ai_ci;
USE `imf`;

-- --------------------------------------------------------

--
-- Structure de la table `accounts`
--

CREATE TABLE `accounts` (
  `id` bigint UNSIGNED NOT NULL,
  `user_id` bigint UNSIGNED NOT NULL,
  `currency` varchar(255) COLLATE utf8mb4_unicode_ci NOT NULL,
  `balance` decimal(15,2) NOT NULL DEFAULT '0.00',
  `created_at` timestamp NULL DEFAULT NULL,
  `updated_at` timestamp NULL DEFAULT NULL
) ENGINE=InnoDB DEFAULT CHARSET=utf8mb4 COLLATE=utf8mb4_unicode_ci;

--
-- Déchargement des données de la table `accounts`
--

INSERT INTO `accounts` (`id`, `user_id`, `currency`, `balance`, `created_at`, `updated_at`) VALUES
(1, 1, 'USD', 0.00, '2025-05-30 23:09:36', '2025-06-15 07:00:09'),
(2, 1, 'CDF', 0.00, '2025-05-30 23:09:36', '2025-05-30 23:09:36'),
(3, 2, 'USD', 0.00, '2025-05-30 23:09:36', '2025-05-30 23:09:36'),
(4, 2, 'CDF', 0.00, '2025-05-30 23:09:36', '2025-05-30 23:09:36'),
(5, 3, 'USD', 0.00, '2025-05-30 23:09:36', '2025-05-30 23:09:36'),
(6, 3, 'CDF', 0.00, '2025-05-30 23:09:36', '2025-05-30 23:09:36'),
(17, 9, 'USD', 0.00, '2025-05-31 09:01:33', '2025-06-14 13:40:01'),
(18, 9, 'CDF', 250000.00, '2025-05-31 09:01:33', '2025-07-01 17:20:20'),
(19, 10, 'USD', 200.00, '2025-05-31 18:03:34', '2025-05-31 18:04:30'),
(20, 10, 'CDF', 200000.00, '2025-05-31 18:03:34', '2025-07-01 18:27:40'),
(23, 12, 'USD', 195.00, '2025-06-11 09:05:29', '2025-06-11 09:06:19'),
(24, 12, 'CDF', 0.00, '2025-06-11 09:05:29', '2025-06-11 09:05:29'),
(25, 13, 'USD', 21.25, '2025-06-14 09:53:03', '2025-07-01 12:52:52'),
(26, 13, 'CDF', 0.00, '2025-06-14 09:53:03', '2025-06-14 09:53:03'),
(27, 14, 'USD', 0.00, '2025-06-14 09:59:23', '2025-06-21 07:00:09'),
(28, 14, 'CDF', 0.00, '2025-06-14 09:59:23', '2025-06-14 09:59:23'),
(29, 15, 'USD', 0.00, '2025-06-14 10:09:08', '2025-06-15 07:00:09'),
(30, 15, 'CDF', 0.00, '2025-06-14 10:09:08', '2025-06-14 10:09:08'),
(31, 16, 'USD', 0.00, '2025-06-14 10:43:44', '2025-06-21 07:00:09'),
(32, 16, 'CDF', 330000.00, '2025-06-14 10:43:44', '2025-07-01 10:41:07'),
(33, 17, 'USD', -383.70, '2025-06-14 11:05:18', '2025-06-26 07:00:09'),
(34, 17, 'CDF', 0.00, '2025-06-14 11:05:18', '2025-06-14 11:05:18'),
(35, 18, 'USD', 0.00, '2025-06-14 11:13:05', '2025-06-21 07:00:09'),
(36, 18, 'CDF', 0.00, '2025-06-14 11:13:05', '2025-06-14 11:13:05'),
(37, 19, 'USD', 0.00, '2025-06-15 11:56:05', '2025-06-21 07:00:09'),
(38, 19, 'CDF', 0.00, '2025-06-15 11:56:05', '2025-06-15 11:56:05'),
(39, 22, 'USD', 0.00, '2025-06-16 17:58:51', '2025-06-16 17:58:51'),
(40, 22, 'CDF', 50000.00, '2025-06-16 17:58:51', '2025-06-16 18:00:52'),
(41, 23, 'USD', 0.00, '2025-06-17 16:04:06', '2025-06-18 16:36:23'),
(42, 23, 'CDF', 180000.00, '2025-06-17 16:04:06', '2025-07-01 10:45:03'),
(43, 24, 'USD', 0.00, '2025-06-17 16:06:26', '2025-06-17 16:06:26'),
(44, 24, 'CDF', 39000.00, '2025-06-17 16:06:26', '2025-06-27 09:25:23'),
(45, 25, 'USD', 0.00, '2025-06-17 16:08:21', '2025-06-17 16:08:21'),
(46, 25, 'CDF', 600000.00, '2025-06-17 16:08:21', '2025-07-01 12:24:26'),
(49, 27, 'USD', 0.00, '2025-06-17 18:51:16', '2025-06-17 18:51:16'),
(50, 27, 'CDF', 33000.00, '2025-06-17 18:51:16', '2025-06-28 18:10:25'),
(51, 28, 'USD', 0.00, '2025-06-17 18:53:00', '2025-06-17 18:53:00'),
(52, 28, 'CDF', 10000.00, '2025-06-17 18:53:00', '2025-06-19 18:19:21'),
(53, 29, 'USD', 90.00, '2025-06-17 18:54:19', '2025-07-01 16:08:13'),
(54, 29, 'CDF', 3000.00, '2025-06-17 18:54:19', '2025-06-27 16:18:38'),
(55, 30, 'USD', 0.00, '2025-06-17 18:55:21', '2025-06-17 18:55:21'),
(56, 30, 'CDF', 90000.00, '2025-06-17 18:55:21', '2025-07-01 16:19:25'),
(57, 31, 'USD', 0.00, '2025-06-17 18:56:40', '2025-06-17 18:56:40'),
(58, 31, 'CDF', 44000.00, '2025-06-17 18:56:40', '2025-07-01 16:02:21'),
(59, 32, 'USD', 0.00, '2025-06-17 18:59:20', '2025-06-17 18:59:20'),
(60, 32, 'CDF', 40000.00, '2025-06-17 18:59:20', '2025-06-18 18:58:49'),
(61, 33, 'USD', 0.00, '2025-06-17 19:01:03', '2025-06-17 19:01:03'),
(62, 33, 'CDF', 35000.00, '2025-06-17 19:01:03', '2025-06-27 16:28:19'),
(63, 34, 'USD', 0.00, '2025-06-17 19:02:42', '2025-06-17 19:02:42'),
(64, 34, 'CDF', 33000.00, '2025-06-17 19:02:42', '2025-06-28 18:11:20'),
(65, 35, 'USD', 0.00, '2025-06-17 19:03:49', '2025-06-17 19:03:49'),
(66, 35, 'CDF', 44000.00, '2025-06-17 19:03:49', '2025-06-28 18:09:05'),
(67, 36, 'USD', 0.00, '2025-06-17 19:05:13', '2025-06-17 19:05:13'),
(68, 36, 'CDF', 660000.00, '2025-06-17 19:05:13', '2025-06-28 18:09:42'),
(69, 37, 'USD', 0.00, '2025-06-17 19:06:29', '2025-06-17 19:06:29'),
(70, 37, 'CDF', 33000.00, '2025-06-17 19:06:29', '2025-06-28 18:11:55'),
(71, 38, 'USD', 0.00, '2025-06-18 16:07:53', '2025-06-27 15:21:27'),
(72, 38, 'CDF', 120000.00, '2025-06-18 16:07:53', '2025-07-01 16:01:51'),
(73, 39, 'USD', 0.00, '2025-06-18 16:27:28', '2025-06-27 15:22:44'),
(74, 39, 'CDF', 90000.00, '2025-06-18 16:27:28', '2025-07-01 15:58:23'),
(75, 40, 'USD', 0.00, '2025-06-18 16:45:09', '2025-06-18 16:45:09'),
(76, 40, 'CDF', 40000.00, '2025-06-18 16:45:09', '2025-07-01 16:15:14'),
(77, 41, 'USD', 0.00, '2025-06-18 17:48:05', '2025-06-18 17:48:05'),
(78, 41, 'CDF', 260000.00, '2025-06-18 17:48:05', '2025-07-01 18:00:49'),
(79, 42, 'USD', 0.00, '2025-06-18 18:41:49', '2025-06-18 18:41:49'),
(80, 42, 'CDF', 44000.00, '2025-06-18 18:41:49', '2025-07-01 13:29:35'),
(81, 43, 'USD', 0.00, '2025-06-18 18:42:50', '2025-06-18 18:42:50'),
(82, 43, 'CDF', 20000.00, '2025-06-18 18:42:50', '2025-07-01 10:45:24'),
(83, 44, 'USD', 0.00, '2025-06-18 18:43:40', '2025-06-18 18:43:40'),
(84, 44, 'CDF', 20000.00, '2025-06-18 18:43:40', '2025-07-01 10:49:00'),
(85, 45, 'USD', 0.00, '2025-06-18 18:46:24', '2025-06-18 18:46:24'),
(86, 45, 'CDF', 12000.00, '2025-06-18 18:46:24', '2025-07-01 13:26:53'),
(87, 46, 'USD', 0.00, '2025-06-18 18:47:26', '2025-06-18 18:47:26'),
(88, 46, 'CDF', 56000.00, '2025-06-18 18:47:26', '2025-07-01 17:17:34'),
(89, 47, 'USD', 0.00, '2025-06-18 18:48:26', '2025-06-18 18:48:26'),
(90, 47, 'CDF', 36000.00, '2025-06-18 18:48:26', '2025-07-01 17:19:24'),
(91, 48, 'USD', 0.00, '2025-06-18 18:49:27', '2025-06-18 18:49:27'),
(92, 48, 'CDF', 36000.00, '2025-06-18 18:49:27', '2025-07-01 17:19:01'),
(93, 49, 'USD', 0.00, '2025-06-18 18:50:26', '2025-06-18 18:50:26'),
(94, 49, 'CDF', 27000.00, '2025-06-18 18:50:26', '2025-07-01 17:19:54'),
(95, 50, 'USD', 0.00, '2025-06-18 18:51:51', '2025-06-18 18:51:51'),
(96, 50, 'CDF', 24000.00, '2025-06-18 18:51:51', '2025-06-26 16:25:54'),
(97, 51, 'USD', 0.00, '2025-06-18 18:52:50', '2025-06-18 18:52:50'),
(98, 51, 'CDF', 8000.00, '2025-06-18 18:52:50', '2025-06-26 16:26:59'),
(99, 52, 'USD', 0.00, '2025-06-18 18:54:14', '2025-06-18 18:54:14'),
(100, 52, 'CDF', 30000.00, '2025-06-18 18:54:14', '2025-07-01 13:32:17'),
(101, 53, 'USD', 0.00, '2025-06-19 16:55:26', '2025-06-19 16:55:26'),
(102, 53, 'CDF', 60000.00, '2025-06-19 16:55:26', '2025-07-01 14:38:38'),
(103, 54, 'USD', 15.00, '2025-06-19 16:57:48', '2025-06-28 16:37:30'),
(104, 54, 'CDF', 55000.00, '2025-06-19 16:57:48', '2025-06-27 16:25:57'),
(105, 55, 'USD', 0.00, '2025-06-19 17:00:07', '2025-06-19 17:00:07'),
(106, 55, 'CDF', 55000.00, '2025-06-19 17:00:07', '2025-07-01 16:29:21'),
(107, 56, 'USD', 0.00, '2025-06-19 17:01:34', '2025-06-19 17:01:34'),
(108, 56, 'CDF', 30000.00, '2025-06-19 17:01:34', '2025-07-01 15:34:32'),
(109, 57, 'USD', 0.00, '2025-06-19 17:04:45', '2025-06-19 17:04:45'),
(110, 57, 'CDF', 16000.00, '2025-06-19 17:04:45', '2025-06-25 15:44:01'),
(111, 58, 'USD', 0.00, '2025-06-19 17:10:29', '2025-06-19 17:10:29'),
(112, 58, 'CDF', 42000.00, '2025-06-19 17:10:29', '2025-07-01 10:51:05'),
(113, 59, 'USD', 0.00, '2025-06-19 17:11:37', '2025-06-19 17:11:37'),
(114, 59, 'CDF', 5000.00, '2025-06-19 17:11:37', '2025-06-19 17:21:09'),
(115, 60, 'USD', 0.00, '2025-06-19 17:12:58', '2025-06-19 17:12:58'),
(116, 60, 'CDF', 2000.00, '2025-06-19 17:12:58', '2025-06-19 17:39:35'),
(117, 61, 'USD', 0.00, '2025-06-19 17:14:23', '2025-06-19 17:14:23'),
(118, 61, 'CDF', 20000.00, '2025-06-19 17:14:23', '2025-06-28 17:55:09'),
(119, 62, 'USD', 0.00, '2025-06-19 17:16:18', '2025-06-19 17:16:18'),
(120, 62, 'CDF', 50000.00, '2025-06-19 17:16:18', '2025-07-01 17:16:27'),
(121, 63, 'USD', 0.00, '2025-06-19 17:26:28', '2025-06-19 17:26:28'),
(122, 63, 'CDF', 14000.00, '2025-06-19 17:26:28', '2025-06-28 16:32:25'),
(123, 64, 'USD', 0.00, '2025-06-19 17:27:25', '2025-06-19 17:27:25'),
(124, 64, 'CDF', 0.00, '2025-06-19 17:27:25', '2025-07-18 11:34:43'),
(125, 65, 'USD', 0.00, '2025-06-19 17:54:28', '2025-06-19 17:54:28'),
(126, 65, 'CDF', 515000.00, '2025-06-19 17:54:28', '2025-07-01 14:46:13'),
(127, 66, 'USD', 0.00, '2025-06-19 17:55:44', '2025-06-19 17:55:44'),
(128, 66, 'CDF', 325000.00, '2025-06-19 17:55:44', '2025-07-01 16:14:37'),
(129, 67, 'USD', 0.00, '2025-06-19 17:57:35', '2025-06-19 17:57:35'),
(130, 67, 'CDF', 15000.00, '2025-06-19 17:57:35', '2025-06-25 15:38:00'),
(131, 68, 'USD', 0.00, '2025-06-19 17:58:47', '2025-06-19 17:58:47'),
(132, 68, 'CDF', 30000.00, '2025-06-19 17:58:47', '2025-06-27 15:24:00'),
(133, 69, 'USD', 0.00, '2025-06-19 18:02:28', '2025-06-27 15:22:10'),
(134, 69, 'CDF', 32000.00, '2025-06-19 18:02:28', '2025-07-01 16:14:03'),
(137, 71, 'USD', 0.00, '2025-06-19 18:08:13', '2025-06-19 18:08:13'),
(138, 71, 'CDF', 35000.00, '2025-06-19 18:08:13', '2025-07-01 13:22:14'),
(139, 72, 'USD', 0.00, '2025-06-19 19:01:17', '2025-06-19 19:01:17'),
(140, 72, 'CDF', 70000.00, '2025-06-19 19:01:17', '2025-06-26 16:40:09'),
(141, 73, 'USD', 0.00, '2025-06-20 18:40:17', '2025-06-20 18:40:17'),
(142, 73, 'CDF', 65000.00, '2025-06-20 18:40:17', '2025-07-01 17:22:22'),
(143, 74, 'USD', 0.00, '2025-06-20 18:41:49', '2025-06-20 18:41:49'),
(144, 74, 'CDF', 20000.00, '2025-06-20 18:41:49', '2025-07-01 16:21:03'),
(145, 75, 'USD', 0.00, '2025-06-21 10:26:23', '2025-06-21 10:26:23'),
(146, 75, 'CDF', 46000.00, '2025-06-21 10:26:23', '2025-06-21 10:28:09'),
(147, 76, 'USD', 0.00, '2025-06-21 13:35:12', '2025-06-21 13:35:12'),
(148, 76, 'CDF', 0.00, '2025-06-21 13:35:12', '2025-06-21 13:35:12'),
(149, 77, 'USD', 0.00, '2025-06-21 14:18:18', '2025-06-21 14:18:18'),
(150, 77, 'CDF', 55000.00, '2025-06-21 14:18:18', '2025-07-01 10:44:33'),
(151, 78, 'USD', 0.00, '2025-06-21 17:50:52', '2025-06-21 17:50:52'),
(152, 78, 'CDF', 0.00, '2025-06-21 17:50:52', '2025-06-28 23:59:04'),
(153, 79, 'USD', 0.00, '2025-06-21 18:05:01', '2025-06-21 18:05:01'),
(154, 79, 'CDF', 150000.00, '2025-06-21 18:05:01', '2025-07-01 17:18:27'),
(155, 80, 'USD', 0.00, '2025-06-21 18:06:30', '2025-06-21 18:06:30'),
(156, 80, 'CDF', 40000.00, '2025-06-21 18:06:30', '2025-06-25 18:40:13'),
(157, 81, 'USD', 0.00, '2025-06-21 18:31:57', '2025-06-21 18:31:57'),
(158, 81, 'CDF', 20000.00, '2025-06-21 18:31:57', '2025-06-23 18:40:57'),
(159, 82, 'USD', 0.00, '2025-06-21 18:33:53', '2025-06-21 18:33:53'),
(160, 82, 'CDF', 120000.00, '2025-06-21 18:33:53', '2025-07-01 17:21:53'),
(161, 83, 'USD', 0.00, '2025-06-23 16:35:32', '2025-06-23 16:35:32'),
(162, 83, 'CDF', 20000.00, '2025-06-23 16:35:32', '2025-07-01 15:53:31'),
(163, 84, 'USD', 0.00, '2025-06-23 18:15:50', '2025-06-23 18:15:50'),
(164, 84, 'CDF', 120000.00, '2025-06-23 18:15:50', '2025-07-01 10:40:49'),
(165, 85, 'USD', 0.00, '2025-06-24 15:14:28', '2025-06-24 15:14:28'),
(166, 85, 'CDF', 18000.00, '2025-06-24 15:14:28', '2025-07-01 18:32:59'),
(167, 86, 'USD', 0.00, '2025-06-24 15:19:14', '2025-06-24 15:19:14'),
(168, 86, 'CDF', 40000.00, '2025-06-24 15:19:14', '2025-07-01 10:52:12'),
(169, 87, 'USD', 0.00, '2025-06-24 17:51:45', '2025-06-24 17:51:45'),
(170, 87, 'CDF', 45000.00, '2025-06-24 17:51:45', '2025-07-01 15:45:55'),
(171, 88, 'USD', 0.00, '2025-06-24 18:02:16', '2025-06-24 18:02:16'),
(172, 88, 'CDF', 39000.00, '2025-06-24 18:02:16', '2025-07-01 15:52:40'),
(173, 89, 'USD', 0.00, '2025-06-24 18:04:36', '2025-06-24 18:04:36'),
(174, 89, 'CDF', 70000.00, '2025-06-24 18:04:36', '2025-07-01 18:28:22'),
(175, 90, 'USD', 0.00, '2025-06-25 10:51:23', '2025-06-25 10:51:23'),
(176, 90, 'CDF', 30000.00, '2025-06-25 10:51:23', '2025-07-01 10:38:40'),
(177, 91, 'USD', 0.00, '2025-06-25 13:14:23', '2025-06-25 13:14:23'),
(178, 91, 'CDF', 30000.00, '2025-06-25 13:14:23', '2025-06-27 12:11:46'),
(179, 92, 'USD', 0.00, '2025-06-25 17:18:15', '2025-06-25 17:18:15'),
(180, 92, 'CDF', 70000.00, '2025-06-25 17:18:15', '2025-07-01 12:56:48'),
(181, 93, 'USD', 0.00, '2025-06-25 17:20:28', '2025-06-25 17:20:28'),
(182, 93, 'CDF', 7000.00, '2025-06-25 17:20:28', '2025-06-25 19:01:26'),
(183, 98, 'USD', 0.00, '2025-06-25 17:48:36', '2025-06-25 17:48:36'),
(184, 98, 'CDF', 40000.00, '2025-06-25 17:48:36', '2025-06-28 15:28:14'),
(185, 99, 'USD', 0.00, '2025-06-25 17:50:51', '2025-06-25 17:50:51'),
(186, 99, 'CDF', 6000.00, '2025-06-25 17:50:51', '2025-07-01 14:03:07'),
(187, 100, 'USD', 0.00, '2025-06-25 17:55:54', '2025-06-25 17:55:54'),
(188, 100, 'CDF', 10000.00, '2025-06-25 17:55:54', '2025-06-25 19:03:44'),
(189, 101, 'USD', 0.00, '2025-06-25 18:57:26', '2025-06-25 18:57:26'),
(190, 101, 'CDF', 60000.00, '2025-06-25 18:57:26', '2025-06-28 18:03:36'),
(191, 102, 'USD', 0.00, '2025-06-25 19:08:09', '2025-06-25 19:08:09'),
(192, 102, 'CDF', 175000.00, '2025-06-25 19:08:09', '2025-07-17 17:47:28'),
(193, 103, 'USD', 0.00, '2025-06-26 08:56:11', '2025-06-26 08:56:11'),
(194, 103, 'CDF', 15000.00, '2025-06-26 08:56:11', '2025-07-01 10:39:38'),
(195, 104, 'USD', 0.00, '2025-06-26 19:53:15', '2025-06-26 19:53:15'),
(196, 104, 'CDF', 10000.00, '2025-06-26 19:53:15', '2025-06-27 16:27:57'),
(197, 105, 'USD', 0.00, '2025-06-27 09:30:25', '2025-06-27 09:30:25'),
(198, 105, 'CDF', 60000.00, '2025-06-27 09:30:25', '2025-07-01 10:41:48'),
(199, 106, 'USD', 0.00, '2025-06-27 09:42:34', '2025-06-27 09:42:34'),
(200, 106, 'CDF', 50000.00, '2025-06-27 09:42:34', '2025-07-01 10:42:36'),
(201, 107, 'USD', 0.00, '2025-06-27 09:44:41', '2025-06-27 09:44:41'),
(202, 107, 'CDF', 20000.00, '2025-06-27 09:44:41', '2025-07-01 10:39:11'),
(203, 108, 'USD', 0.00, '2025-06-27 16:17:38', '2025-06-27 16:17:38'),
(204, 108, 'CDF', 15000.00, '2025-06-27 16:17:38', '2025-07-01 14:06:28'),
(205, 109, 'USD', 0.00, '2025-06-27 16:21:20', '2025-06-27 16:21:20'),
(206, 109, 'CDF', 15000.00, '2025-06-27 16:21:20', '2025-07-01 14:07:14'),
(207, 110, 'USD', 0.00, '2025-06-27 16:23:35', '2025-06-27 16:23:35'),
(208, 110, 'CDF', 10000.00, '2025-06-27 16:23:35', '2025-06-28 18:01:21'),
(209, 111, 'USD', 0.00, '2025-06-27 16:25:56', '2025-06-27 16:25:56'),
(210, 111, 'CDF', 15000.00, '2025-06-27 16:25:56', '2025-07-01 14:10:46'),
(211, 112, 'USD', 0.00, '2025-06-27 16:30:53', '2025-06-27 16:30:53'),
(212, 112, 'CDF', 15000.00, '2025-06-27 16:30:53', '2025-07-01 14:11:36'),
(213, 113, 'USD', 0.00, '2025-06-27 16:47:51', '2025-06-27 16:47:51'),
(214, 113, 'CDF', 20000.00, '2025-06-27 16:47:51', '2025-07-01 14:11:13'),
(215, 114, 'USD', 0.00, '2025-06-27 16:50:39', '2025-06-27 16:50:39'),
(216, 114, 'CDF', 4000.00, '2025-06-27 16:50:39', '2025-07-01 14:21:15'),
(217, 115, 'USD', 0.00, '2025-06-27 16:54:03', '2025-06-27 16:54:03'),
(218, 115, 'CDF', 9000.00, '2025-06-27 16:54:03', '2025-07-01 15:29:48'),
(219, 116, 'USD', 0.00, '2025-06-27 18:48:18', '2025-06-27 18:48:18'),
(220, 116, 'CDF', 20000.00, '2025-06-27 18:48:18', '2025-06-28 15:14:48'),
(221, 117, 'USD', 0.00, '2025-06-27 18:51:18', '2025-06-27 18:51:18'),
(222, 117, 'CDF', 25000.00, '2025-06-27 18:51:18', '2025-07-01 17:43:36'),
(223, 118, 'USD', 0.00, '2025-06-27 18:52:48', '2025-06-27 18:52:48'),
(224, 118, 'CDF', 6000.00, '2025-06-27 18:52:48', '2025-06-27 18:56:55'),
(225, 119, 'USD', 0.00, '2025-06-28 16:19:34', '2025-06-28 16:19:34'),
(226, 119, 'CDF', 5000.00, '2025-06-28 16:19:34', '2025-06-28 16:40:34'),
(227, 120, 'USD', 0.00, '2025-06-28 18:31:05', '2025-06-28 18:31:05'),
(228, 120, 'CDF', 20000.00, '2025-06-28 18:31:05', '2025-06-28 18:45:08'),
(229, 121, 'USD', 0.00, '2025-07-01 10:57:27', '2025-07-01 10:57:27'),
(230, 121, 'CDF', 20000.00, '2025-07-01 10:57:27', '2025-07-01 13:20:26'),
(231, 1, 'USD', 0.00, '2025-07-01 12:06:52', '2025-07-01 12:06:52'),
(232, 1, 'CDF', 0.00, '2025-07-01 12:06:52', '2025-07-01 12:06:52'),
(233, 2, 'USD', 0.00, '2025-07-01 12:06:52', '2025-07-01 12:06:52'),
(234, 2, 'CDF', 0.00, '2025-07-01 12:06:52', '2025-07-01 12:06:52'),
(235, 3, 'USD', 0.00, '2025-07-01 12:06:52', '2025-07-01 12:06:52'),
(236, 3, 'CDF', 0.00, '2025-07-01 12:06:52', '2025-07-01 12:06:52'),
(237, 9, 'USD', 0.00, '2025-07-01 12:06:52', '2025-07-01 12:06:52'),
(238, 9, 'CDF', 0.00, '2025-07-01 12:06:52', '2025-07-01 12:06:52'),
(239, 10, 'USD', 0.00, '2025-07-01 12:06:52', '2025-07-01 12:06:52'),
(240, 10, 'CDF', 0.00, '2025-07-01 12:06:52', '2025-07-01 12:06:52'),
(241, 12, 'USD', 0.00, '2025-07-01 12:06:52', '2025-07-01 12:06:52'),
(242, 12, 'CDF', 0.00, '2025-07-01 12:06:52', '2025-07-01 12:06:52'),
(243, 13, 'USD', 0.00, '2025-07-01 12:06:52', '2025-07-01 12:06:52'),
(244, 13, 'CDF', 0.00, '2025-07-01 12:06:52', '2025-07-01 12:06:52'),
(245, 14, 'USD', 0.00, '2025-07-01 12:06:52', '2025-07-01 12:06:52'),
(246, 14, 'CDF', 0.00, '2025-07-01 12:06:52', '2025-07-01 12:06:52'),
(247, 15, 'USD', 0.00, '2025-07-01 12:06:52', '2025-07-01 12:06:52'),
(248, 15, 'CDF', 0.00, '2025-07-01 12:06:52', '2025-07-01 12:06:52'),
(249, 16, 'USD', 0.00, '2025-07-01 12:06:52', '2025-07-01 12:06:52'),
(250, 16, 'CDF', 0.00, '2025-07-01 12:06:52', '2025-07-01 12:06:52'),
(251, 17, 'USD', 0.00, '2025-07-01 12:06:52', '2025-07-01 12:06:52'),
(252, 17, 'CDF', 0.00, '2025-07-01 12:06:52', '2025-07-01 12:06:52'),
(253, 18, 'USD', 0.00, '2025-07-01 12:06:52', '2025-07-01 12:06:52'),
(254, 18, 'CDF', 0.00, '2025-07-01 12:06:52', '2025-07-01 12:06:52'),
(255, 19, 'USD', 0.00, '2025-07-01 12:06:52', '2025-07-01 12:06:52'),
(256, 19, 'CDF', 0.00, '2025-07-01 12:06:52', '2025-07-01 12:06:52'),
(257, 20, 'USD', 0.00, '2025-07-01 12:06:52', '2025-07-01 12:06:52'),
(258, 20, 'CDF', 0.00, '2025-07-01 12:06:52', '2025-07-01 12:06:52'),
(259, 21, 'USD', 0.00, '2025-07-01 12:06:52', '2025-07-01 12:06:52'),
(260, 21, 'CDF', 0.00, '2025-07-01 12:06:52', '2025-07-01 12:06:52'),
(261, 22, 'USD', 0.00, '2025-07-01 12:06:52', '2025-07-01 12:06:52'),
(262, 22, 'CDF', 0.00, '2025-07-01 12:06:52', '2025-07-01 12:06:52'),
(263, 23, 'USD', 0.00, '2025-07-01 12:06:52', '2025-07-01 12:06:52'),
(264, 23, 'CDF', 0.00, '2025-07-01 12:06:52', '2025-07-01 12:06:52'),
(265, 24, 'USD', 0.00, '2025-07-01 12:06:52', '2025-07-01 12:06:52'),
(266, 24, 'CDF', 0.00, '2025-07-01 12:06:52', '2025-07-01 12:06:52'),
(267, 25, 'USD', 0.00, '2025-07-01 12:06:52', '2025-07-01 12:06:52'),
(268, 25, 'CDF', 0.00, '2025-07-01 12:06:52', '2025-07-01 12:06:52'),
(269, 27, 'USD', 0.00, '2025-07-01 12:06:52', '2025-07-01 12:06:52'),
(270, 27, 'CDF', 0.00, '2025-07-01 12:06:52', '2025-07-01 12:06:52'),
(271, 28, 'USD', 0.00, '2025-07-01 12:06:52', '2025-07-01 12:06:52'),
(272, 28, 'CDF', 0.00, '2025-07-01 12:06:52', '2025-07-01 12:06:52'),
(273, 29, 'USD', 0.00, '2025-07-01 12:06:52', '2025-07-01 12:06:52'),
(274, 29, 'CDF', 0.00, '2025-07-01 12:06:52', '2025-07-01 12:06:52'),
(275, 30, 'USD', 0.00, '2025-07-01 12:06:52', '2025-07-01 12:06:52'),
(276, 30, 'CDF', 0.00, '2025-07-01 12:06:52', '2025-07-01 12:06:52'),
(277, 31, 'USD', 0.00, '2025-07-01 12:06:52', '2025-07-01 12:06:52'),
(278, 31, 'CDF', 0.00, '2025-07-01 12:06:52', '2025-07-01 12:06:52'),
(279, 32, 'USD', 0.00, '2025-07-01 12:06:52', '2025-07-01 12:06:52'),
(280, 32, 'CDF', 0.00, '2025-07-01 12:06:52', '2025-07-01 12:06:52'),
(281, 33, 'USD', 0.00, '2025-07-01 12:06:52', '2025-07-01 12:06:52'),
(282, 33, 'CDF', 0.00, '2025-07-01 12:06:52', '2025-07-01 12:06:52'),
(283, 34, 'USD', 0.00, '2025-07-01 12:06:52', '2025-07-01 12:06:52'),
(284, 34, 'CDF', 0.00, '2025-07-01 12:06:52', '2025-07-01 12:06:52'),
(285, 35, 'USD', 0.00, '2025-07-01 12:06:52', '2025-07-01 12:06:52'),
(286, 35, 'CDF', 0.00, '2025-07-01 12:06:52', '2025-07-01 12:06:52'),
(287, 36, 'USD', 0.00, '2025-07-01 12:06:52', '2025-07-01 12:06:52'),
(288, 36, 'CDF', 0.00, '2025-07-01 12:06:52', '2025-07-01 12:06:52'),
(289, 37, 'USD', 0.00, '2025-07-01 12:06:52', '2025-07-01 12:06:52'),
(290, 37, 'CDF', 0.00, '2025-07-01 12:06:52', '2025-07-01 12:06:52'),
(291, 38, 'USD', 0.00, '2025-07-01 12:06:52', '2025-07-01 12:06:52'),
(292, 38, 'CDF', 0.00, '2025-07-01 12:06:52', '2025-07-01 12:06:52'),
(293, 39, 'USD', 0.00, '2025-07-01 12:06:52', '2025-07-01 12:06:52'),
(294, 39, 'CDF', 0.00, '2025-07-01 12:06:52', '2025-07-01 12:06:52'),
(295, 40, 'USD', 0.00, '2025-07-01 12:06:52', '2025-07-01 12:06:52'),
(296, 40, 'CDF', 0.00, '2025-07-01 12:06:52', '2025-07-01 12:06:52'),
(297, 41, 'USD', 0.00, '2025-07-01 12:06:52', '2025-07-01 12:06:52'),
(298, 41, 'CDF', 0.00, '2025-07-01 12:06:52', '2025-07-01 12:06:52'),
(299, 42, 'USD', 0.00, '2025-07-01 12:06:52', '2025-07-01 12:06:52'),
(300, 42, 'CDF', 0.00, '2025-07-01 12:06:52', '2025-07-01 12:06:52'),
(301, 43, 'USD', 0.00, '2025-07-01 12:06:52', '2025-07-01 12:06:52'),
(302, 43, 'CDF', 0.00, '2025-07-01 12:06:52', '2025-07-01 12:06:52'),
(303, 44, 'USD', 0.00, '2025-07-01 12:06:52', '2025-07-01 12:06:52'),
(304, 44, 'CDF', 0.00, '2025-07-01 12:06:52', '2025-07-01 12:06:52'),
(305, 45, 'USD', 0.00, '2025-07-01 12:06:52', '2025-07-01 12:06:52'),
(306, 45, 'CDF', 0.00, '2025-07-01 12:06:52', '2025-07-01 12:06:52'),
(307, 46, 'USD', 0.00, '2025-07-01 12:06:52', '2025-07-01 12:06:52'),
(308, 46, 'CDF', 0.00, '2025-07-01 12:06:52', '2025-07-01 12:06:52'),
(309, 47, 'USD', 0.00, '2025-07-01 12:06:52', '2025-07-01 12:06:52'),
(310, 47, 'CDF', 0.00, '2025-07-01 12:06:52', '2025-07-01 12:06:52'),
(311, 48, 'USD', 0.00, '2025-07-01 12:06:52', '2025-07-01 12:06:52'),
(312, 48, 'CDF', 0.00, '2025-07-01 12:06:52', '2025-07-01 12:06:52'),
(313, 49, 'USD', 0.00, '2025-07-01 12:06:52', '2025-07-01 12:06:52'),
(314, 49, 'CDF', 0.00, '2025-07-01 12:06:52', '2025-07-01 12:06:52'),
(315, 50, 'USD', 0.00, '2025-07-01 12:06:52', '2025-07-01 12:06:52'),
(316, 50, 'CDF', 0.00, '2025-07-01 12:06:52', '2025-07-01 12:06:52'),
(317, 51, 'USD', 0.00, '2025-07-01 12:06:52', '2025-07-01 12:06:52'),
(318, 51, 'CDF', 0.00, '2025-07-01 12:06:52', '2025-07-01 12:06:52'),
(319, 52, 'USD', 0.00, '2025-07-01 12:06:52', '2025-07-01 12:06:52'),
(320, 52, 'CDF', 0.00, '2025-07-01 12:06:52', '2025-07-01 12:06:52'),
(321, 53, 'USD', 0.00, '2025-07-01 12:06:52', '2025-07-01 12:06:52'),
(322, 53, 'CDF', 0.00, '2025-07-01 12:06:52', '2025-07-01 12:06:52'),
(323, 54, 'USD', 0.00, '2025-07-01 12:06:52', '2025-07-01 12:06:52'),
(324, 54, 'CDF', 0.00, '2025-07-01 12:06:52', '2025-07-01 12:06:52'),
(325, 55, 'USD', 0.00, '2025-07-01 12:06:52', '2025-07-01 12:06:52'),
(326, 55, 'CDF', 0.00, '2025-07-01 12:06:52', '2025-07-01 12:06:52'),
(327, 56, 'USD', 0.00, '2025-07-01 12:06:52', '2025-07-01 12:06:52'),
(328, 56, 'CDF', 0.00, '2025-07-01 12:06:52', '2025-07-01 12:06:52'),
(329, 57, 'USD', 0.00, '2025-07-01 12:06:52', '2025-07-01 12:06:52'),
(330, 57, 'CDF', 0.00, '2025-07-01 12:06:52', '2025-07-01 12:06:52'),
(331, 58, 'USD', 0.00, '2025-07-01 12:06:52', '2025-07-01 12:06:52'),
(332, 58, 'CDF', 0.00, '2025-07-01 12:06:52', '2025-07-01 12:06:52'),
(333, 59, 'USD', 0.00, '2025-07-01 12:06:52', '2025-07-01 12:06:52'),
(334, 59, 'CDF', 0.00, '2025-07-01 12:06:52', '2025-07-01 12:06:52'),
(335, 60, 'USD', 0.00, '2025-07-01 12:06:52', '2025-07-01 12:06:52'),
(336, 60, 'CDF', 0.00, '2025-07-01 12:06:52', '2025-07-01 12:06:52'),
(337, 61, 'USD', 0.00, '2025-07-01 12:06:52', '2025-07-01 12:06:52'),
(338, 61, 'CDF', 0.00, '2025-07-01 12:06:52', '2025-07-01 12:06:52'),
(339, 62, 'USD', 0.00, '2025-07-01 12:06:52', '2025-07-01 12:06:52'),
(340, 62, 'CDF', 0.00, '2025-07-01 12:06:52', '2025-07-01 12:06:52'),
(341, 63, 'USD', 0.00, '2025-07-01 12:06:52', '2025-07-01 12:06:52'),
(342, 63, 'CDF', 0.00, '2025-07-01 12:06:52', '2025-07-01 12:06:52'),
(343, 64, 'USD', 0.00, '2025-07-01 12:06:52', '2025-07-01 12:06:52'),
(344, 64, 'CDF', 0.00, '2025-07-01 12:06:52', '2025-07-01 12:06:52'),
(345, 65, 'USD', 0.00, '2025-07-01 12:06:52', '2025-07-01 12:06:52'),
(346, 65, 'CDF', 0.00, '2025-07-01 12:06:52', '2025-07-01 12:06:52'),
(347, 66, 'USD', 0.00, '2025-07-01 12:06:52', '2025-07-01 12:06:52'),
(348, 66, 'CDF', 0.00, '2025-07-01 12:06:52', '2025-07-01 12:06:52'),
(349, 67, 'USD', 0.00, '2025-07-01 12:06:52', '2025-07-01 12:06:52'),
(350, 67, 'CDF', 0.00, '2025-07-01 12:06:52', '2025-07-01 12:06:52'),
(351, 68, 'USD', 0.00, '2025-07-01 12:06:52', '2025-07-01 12:06:52'),
(352, 68, 'CDF', 0.00, '2025-07-01 12:06:52', '2025-07-01 12:06:52'),
(353, 69, 'USD', 0.00, '2025-07-01 12:06:52', '2025-07-01 12:06:52'),
(354, 69, 'CDF', 0.00, '2025-07-01 12:06:52', '2025-07-01 12:06:52'),
(355, 71, 'USD', 0.00, '2025-07-01 12:06:52', '2025-07-01 12:06:52'),
(356, 71, 'CDF', 0.00, '2025-07-01 12:06:52', '2025-07-01 12:06:52'),
(357, 72, 'USD', 0.00, '2025-07-01 12:06:52', '2025-07-01 12:06:52'),
(358, 72, 'CDF', 0.00, '2025-07-01 12:06:52', '2025-07-01 12:06:52'),
(359, 73, 'USD', 0.00, '2025-07-01 12:06:52', '2025-07-01 12:06:52'),
(360, 73, 'CDF', 0.00, '2025-07-01 12:06:52', '2025-07-01 12:06:52'),
(361, 74, 'USD', 0.00, '2025-07-01 12:06:52', '2025-07-01 12:06:52'),
(362, 74, 'CDF', 0.00, '2025-07-01 12:06:52', '2025-07-01 12:06:52'),
(363, 75, 'USD', 0.00, '2025-07-01 12:06:52', '2025-07-01 12:06:52'),
(364, 75, 'CDF', 0.00, '2025-07-01 12:06:52', '2025-07-01 12:06:52'),
(365, 76, 'USD', 0.00, '2025-07-01 12:06:52', '2025-07-01 12:06:52'),
(366, 76, 'CDF', 0.00, '2025-07-01 12:06:52', '2025-07-01 12:06:52'),
(367, 77, 'USD', 0.00, '2025-07-01 12:06:52', '2025-07-01 12:06:52'),
(368, 77, 'CDF', 0.00, '2025-07-01 12:06:52', '2025-07-01 12:06:52'),
(369, 78, 'USD', 0.00, '2025-07-01 12:06:52', '2025-07-01 12:06:52'),
(370, 78, 'CDF', 0.00, '2025-07-01 12:06:52', '2025-07-01 12:06:52'),
(371, 79, 'USD', 0.00, '2025-07-01 12:06:52', '2025-07-01 12:06:52'),
(372, 79, 'CDF', 0.00, '2025-07-01 12:06:52', '2025-07-01 12:06:52'),
(373, 80, 'USD', 0.00, '2025-07-01 12:06:52', '2025-07-01 12:06:52'),
(374, 80, 'CDF', 0.00, '2025-07-01 12:06:52', '2025-07-01 12:06:52'),
(375, 81, 'USD', 0.00, '2025-07-01 12:06:52', '2025-07-01 12:06:52'),
(376, 81, 'CDF', 0.00, '2025-07-01 12:06:52', '2025-07-01 12:06:52'),
(377, 82, 'USD', 0.00, '2025-07-01 12:06:52', '2025-07-01 12:06:52'),
(378, 82, 'CDF', 0.00, '2025-07-01 12:06:52', '2025-07-01 12:06:52'),
(379, 83, 'USD', 0.00, '2025-07-01 12:06:52', '2025-07-01 12:06:52'),
(380, 83, 'CDF', 0.00, '2025-07-01 12:06:52', '2025-07-01 12:06:52'),
(381, 84, 'USD', 0.00, '2025-07-01 12:06:52', '2025-07-01 12:06:52'),
(382, 84, 'CDF', 0.00, '2025-07-01 12:06:52', '2025-07-01 12:06:52'),
(383, 85, 'USD', 0.00, '2025-07-01 12:06:52', '2025-07-01 12:06:52'),
(384, 85, 'CDF', 0.00, '2025-07-01 12:06:52', '2025-07-01 12:06:52'),
(385, 86, 'USD', 0.00, '2025-07-01 12:06:52', '2025-07-01 12:06:52'),
(386, 86, 'CDF', 0.00, '2025-07-01 12:06:52', '2025-07-01 12:06:52'),
(387, 87, 'USD', 0.00, '2025-07-01 12:06:52', '2025-07-01 12:06:52'),
(388, 87, 'CDF', 0.00, '2025-07-01 12:06:52', '2025-07-01 12:06:52'),
(389, 88, 'USD', 0.00, '2025-07-01 12:06:52', '2025-07-01 12:06:52'),
(390, 88, 'CDF', 0.00, '2025-07-01 12:06:52', '2025-07-01 12:06:52'),
(391, 89, 'USD', 0.00, '2025-07-01 12:06:52', '2025-07-01 12:06:52'),
(392, 89, 'CDF', 0.00, '2025-07-01 12:06:52', '2025-07-01 12:06:52'),
(393, 90, 'USD', 0.00, '2025-07-01 12:06:52', '2025-07-01 12:06:52'),
(394, 90, 'CDF', 0.00, '2025-07-01 12:06:52', '2025-07-01 12:06:52'),
(395, 91, 'USD', 0.00, '2025-07-01 12:06:52', '2025-07-01 12:06:52'),
(396, 91, 'CDF', 0.00, '2025-07-01 12:06:52', '2025-07-01 12:06:52'),
(397, 92, 'USD', 0.00, '2025-07-01 12:06:52', '2025-07-01 12:06:52'),
(398, 92, 'CDF', 0.00, '2025-07-01 12:06:52', '2025-07-01 12:06:52'),
(399, 93, 'USD', 0.00, '2025-07-01 12:06:52', '2025-07-01 12:06:52'),
(400, 93, 'CDF', 0.00, '2025-07-01 12:06:52', '2025-07-01 12:06:52'),
(401, 94, 'USD', 0.00, '2025-07-01 12:06:52', '2025-07-01 12:06:52'),
(402, 94, 'CDF', 0.00, '2025-07-01 12:06:52', '2025-07-01 12:06:52'),
(403, 95, 'USD', 0.00, '2025-07-01 12:06:52', '2025-07-01 12:06:52'),
(404, 95, 'CDF', 0.00, '2025-07-01 12:06:52', '2025-07-01 12:06:52'),
(405, 97, 'USD', 0.00, '2025-07-01 12:06:52', '2025-07-01 12:06:52'),
(406, 97, 'CDF', 0.00, '2025-07-01 12:06:52', '2025-07-01 12:06:52'),
(407, 98, 'USD', 0.00, '2025-07-01 12:06:52', '2025-07-01 12:06:52'),
(408, 98, 'CDF', 0.00, '2025-07-01 12:06:52', '2025-07-01 12:06:52'),
(409, 99, 'USD', 0.00, '2025-07-01 12:06:52', '2025-07-01 12:06:52'),
(410, 99, 'CDF', 0.00, '2025-07-01 12:06:52', '2025-07-01 12:06:52'),
(411, 100, 'USD', 0.00, '2025-07-01 12:06:52', '2025-07-01 12:06:52'),
(412, 100, 'CDF', 0.00, '2025-07-01 12:06:52', '2025-07-01 12:06:52'),
(413, 101, 'USD', 0.00, '2025-07-01 12:06:52', '2025-07-01 12:06:52'),
(414, 101, 'CDF', 0.00, '2025-07-01 12:06:52', '2025-07-01 12:06:52'),
(415, 102, 'USD', 0.00, '2025-07-01 12:06:52', '2025-07-01 12:06:52'),
(416, 102, 'CDF', 0.00, '2025-07-01 12:06:52', '2025-07-01 12:06:52'),
(417, 103, 'USD', 0.00, '2025-07-01 12:06:52', '2025-07-01 12:06:52'),
(418, 103, 'CDF', 0.00, '2025-07-01 12:06:52', '2025-07-01 12:06:52'),
(419, 104, 'USD', 0.00, '2025-07-01 12:06:52', '2025-07-01 12:06:52'),
(420, 104, 'CDF', 0.00, '2025-07-01 12:06:52', '2025-07-01 12:06:52'),
(421, 105, 'USD', 0.00, '2025-07-01 12:06:52', '2025-07-01 12:06:52'),
(422, 105, 'CDF', 0.00, '2025-07-01 12:06:52', '2025-07-01 12:06:52'),
(423, 106, 'USD', 0.00, '2025-07-01 12:06:52', '2025-07-01 12:06:52'),
(424, 106, 'CDF', 0.00, '2025-07-01 12:06:52', '2025-07-01 12:06:52'),
(425, 107, 'USD', 0.00, '2025-07-01 12:06:52', '2025-07-01 12:06:52'),
(426, 107, 'CDF', 0.00, '2025-07-01 12:06:52', '2025-07-01 12:06:52'),
(427, 108, 'USD', 0.00, '2025-07-01 12:06:52', '2025-07-01 12:06:52'),
(428, 108, 'CDF', 0.00, '2025-07-01 12:06:52', '2025-07-01 12:06:52'),
(429, 109, 'USD', 0.00, '2025-07-01 12:06:52', '2025-07-01 12:06:52'),
(430, 109, 'CDF', 0.00, '2025-07-01 12:06:52', '2025-07-01 12:06:52'),
(431, 110, 'USD', 0.00, '2025-07-01 12:06:52', '2025-07-01 12:06:52'),
(432, 110, 'CDF', 0.00, '2025-07-01 12:06:52', '2025-07-01 12:06:52'),
(433, 111, 'USD', 0.00, '2025-07-01 12:06:52', '2025-07-01 12:06:52'),
(434, 111, 'CDF', 0.00, '2025-07-01 12:06:52', '2025-07-01 12:06:52'),
(435, 112, 'USD', 0.00, '2025-07-01 12:06:52', '2025-07-01 12:06:52'),
(436, 112, 'CDF', 0.00, '2025-07-01 12:06:52', '2025-07-01 12:06:52'),
(437, 113, 'USD', 0.00, '2025-07-01 12:06:52', '2025-07-01 12:06:52'),
(438, 113, 'CDF', 0.00, '2025-07-01 12:06:52', '2025-07-01 12:06:52'),
(439, 114, 'USD', 0.00, '2025-07-01 12:06:52', '2025-07-01 12:06:52'),
(440, 114, 'CDF', 0.00, '2025-07-01 12:06:52', '2025-07-01 12:06:52'),
(441, 115, 'USD', 0.00, '2025-07-01 12:06:52', '2025-07-01 12:06:52'),
(442, 115, 'CDF', 0.00, '2025-07-01 12:06:52', '2025-07-01 12:06:52'),
(443, 116, 'USD', 0.00, '2025-07-01 12:06:52', '2025-07-01 12:06:52'),
(444, 116, 'CDF', 0.00, '2025-07-01 12:06:52', '2025-07-01 12:06:52'),
(445, 117, 'USD', 0.00, '2025-07-01 12:06:52', '2025-07-01 12:06:52'),
(446, 117, 'CDF', 0.00, '2025-07-01 12:06:52', '2025-07-01 12:06:52'),
(447, 118, 'USD', 0.00, '2025-07-01 12:06:52', '2025-07-01 12:06:52'),
(448, 118, 'CDF', 0.00, '2025-07-01 12:06:52', '2025-07-01 12:06:52'),
(449, 119, 'USD', 0.00, '2025-07-01 12:06:52', '2025-07-01 12:06:52'),
(450, 119, 'CDF', 0.00, '2025-07-01 12:06:52', '2025-07-01 12:06:52'),
(451, 120, 'USD', 0.00, '2025-07-01 12:06:52', '2025-07-01 12:06:52'),
(452, 120, 'CDF', 0.00, '2025-07-01 12:06:52', '2025-07-01 12:06:52'),
(453, 121, 'USD', 0.00, '2025-07-01 12:06:52', '2025-07-01 12:06:52'),
(454, 121, 'CDF', 0.00, '2025-07-01 12:06:52', '2025-07-01 12:06:52'),
(471, 130, 'USD', 0.00, '2025-07-01 13:15:39', '2025-07-01 13:15:39'),
(472, 130, 'CDF', 0.00, '2025-07-01 13:15:39', '2025-07-01 13:15:39'),
(473, 131, 'USD', 0.00, '2025-07-01 14:09:21', '2025-07-01 14:09:21'),
(474, 131, 'CDF', 15000.00, '2025-07-01 14:09:21', '2025-07-01 14:25:14'),
(475, 132, 'USD', 0.00, '2025-07-01 14:17:29', '2025-07-01 14:17:29'),
(476, 132, 'CDF', 5000.00, '2025-07-01 14:17:29', '2025-07-01 14:23:14'),
(477, 133, 'USD', 0.00, '2025-07-01 14:40:11', '2025-07-01 14:40:11'),
(478, 133, 'CDF', 0.00, '2025-07-01 14:40:11', '2025-07-01 14:40:11'),
(479, 134, 'USD', 0.00, '2025-07-01 16:11:09', '2025-07-01 16:11:09'),
(480, 134, 'CDF', 0.00, '2025-07-01 16:11:09', '2025-07-01 16:38:17'),
(481, 135, 'USD', 0.00, '2025-07-01 17:47:14', '2025-07-01 17:47:14'),
(482, 135, 'CDF', 0.00, '2025-07-01 17:47:14', '2025-07-01 17:47:14'),
(483, 136, 'USD', 0.00, '2025-07-01 17:48:33', '2025-07-01 17:48:33'),
(484, 136, 'CDF', 0.00, '2025-07-01 17:48:33', '2025-07-01 17:48:33'),
(485, 137, 'USD', 0.00, '2025-07-01 17:49:39', '2025-07-01 17:49:39'),
(486, 137, 'CDF', 0.00, '2025-07-01 17:49:39', '2025-07-01 17:49:39'),
(487, 138, 'USD', 520.00, '2025-07-05 15:09:52', '2025-07-15 15:56:07'),
(488, 138, 'CDF', 0.00, '2025-07-05 15:09:52', '2025-07-15 11:09:04');

-- --------------------------------------------------------

--
-- Structure de la table `agent_accounts`
--

CREATE TABLE `agent_accounts` (
  `id` bigint UNSIGNED NOT NULL,
  `user_id` bigint UNSIGNED NOT NULL,
  `currency` varchar(255) COLLATE utf8mb4_unicode_ci NOT NULL,
  `balance` decimal(15,2) NOT NULL DEFAULT '0.00',
  `missing_or_surplus` decimal(15,2) NOT NULL DEFAULT '0.00',
  `created_at` timestamp NULL DEFAULT NULL,
  `updated_at` timestamp NULL DEFAULT NULL
) ENGINE=InnoDB DEFAULT CHARSET=utf8mb4 COLLATE=utf8mb4_unicode_ci;

--
-- Déchargement des données de la table `agent_accounts`
--

INSERT INTO `agent_accounts` (`id`, `user_id`, `currency`, `balance`, `missing_or_surplus`, `created_at`, `updated_at`) VALUES
(1, 2, 'USD', 510.00, 0.00, '2025-05-30 23:09:37', '2025-07-15 15:56:08'),
(2, 2, 'CDF', 331000.00, 0.00, '2025-05-30 23:09:37', '2025-07-18 11:34:43'),
(8, 20, 'CDF', 768000.00, 0.00, '2025-06-16 17:53:43', '2025-07-01 18:32:59'),
(11, 20, 'USD', 30.00, 0.00, '2025-06-23 12:15:48', '2025-07-01 16:08:13'),
(12, 21, 'CDF', 4000.00, 0.00, '2025-06-27 09:48:30', '2025-07-01 17:59:24'),
(13, 97, 'CDF', 24000.00, 0.00, '2025-06-27 09:48:30', '2025-07-15 11:06:46'),
(14, 94, 'USD', 150.00, 0.00, '2025-06-27 15:01:05', '2025-07-15 15:56:08'),
(15, 94, 'CDF', 135000.00, 0.00, '2025-06-27 15:07:34', '2025-07-01 16:14:37'),
(16, 95, 'USD', 43.75, 0.00, '2025-06-28 23:59:04', '2025-06-28 23:59:04'),
(17, 95, 'CDF', 60000.00, 0.00, '2025-06-28 23:59:04', '2025-06-28 23:59:04'),
(24, 97, 'USD', 0.00, 0.00, '2025-07-01 12:06:52', '2025-07-01 12:06:52'),
(32, 1, 'CDF', 362000.00, 0.00, '2025-07-01 15:05:02', '2025-07-17 17:47:28'),
(33, 1, 'USD', 165.00, 0.00, '2025-07-15 08:32:41', '2025-07-15 15:35:49');

-- --------------------------------------------------------

--
-- Structure de la table `cache`
--

CREATE TABLE `cache` (
  `key` varchar(255) COLLATE utf8mb4_unicode_ci NOT NULL,
  `value` mediumtext COLLATE utf8mb4_unicode_ci NOT NULL,
  `expiration` int NOT NULL
) ENGINE=InnoDB DEFAULT CHARSET=utf8mb4 COLLATE=utf8mb4_unicode_ci;

--
-- Déchargement des données de la table `cache`
--

INSERT INTO `cache` (`key`, `value`, `expiration`) VALUES
('maisha_bora_cache_356a192b7913b04c54574d18c28d46e6395428ab', 'i:1;', 1752073905),
('maisha_bora_cache_356a192b7913b04c54574d18c28d46e6395428ab:timer', 'i:1752073905;', 1752073905),
('maisha_bora_cache_admin@amb.com|41.243.3.208', 'i:1;', 1750850036),
('maisha_bora_cache_admin@amb.com|41.243.3.208:timer', 'i:1750850036;', 1750850036),
('maisha_bora_cache_admin@amb.com|41.243.52.132', 'i:1;', 1751360941),
('maisha_bora_cache_admin@amb.com|41.243.52.132:timer', 'i:1751360941;', 1751360941),
('maisha_bora_cache_admin@amb.com|41.243.52.167', 'i:1;', 1751348150),
('maisha_bora_cache_admin@amb.com|41.243.52.167:timer', 'i:1751348150;', 1751348150),
('maisha_bora_cache_admin@amb.com|41.243.52.201', 'i:1;', 1750494051),
('maisha_bora_cache_admin@amb.com|41.243.52.201:timer', 'i:1750494051;', 1750494051),
('maisha_bora_cache_admin@amb.com|41.243.52.215', 'i:1;', 1751350778),
('maisha_bora_cache_admin@amb.com|41.243.52.215:timer', 'i:1751350778;', 1751350778),
('maisha_bora_cache_admin@amb.com|41.243.52.224', 'i:5;', 1750246535),
('maisha_bora_cache_admin@amb.com|41.243.52.224:timer', 'i:1750246535;', 1750246535),
('maisha_bora_cache_admin@amb.xn--co-pka|41.243.3.209', 'i:1;', 1750250518),
('maisha_bora_cache_admin@amb.xn--co-pka|41.243.3.209:timer', 'i:1750250518;', 1750250518),
('maisha_bora_cache_admin@amd.com|41.243.3.226', 'i:1;', 1749452420),
('maisha_bora_cache_admin@amd.com|41.243.3.226:timer', 'i:1749452420;', 1749452420),
('maisha_bora_cache_admin@example.com|41.243.52.231', 'i:1;', 1750089757),
('maisha_bora_cache_admin@example.com|41.243.52.231:timer', 'i:1750089757;', 1750089757),
('maisha_bora_cache_admin@gmail.com|41.243.52.205', 'i:1;', 1750494216),
('maisha_bora_cache_admin@gmail.com|41.243.52.205:timer', 'i:1750494216;', 1750494216),
('maisha_bora_cache_admin@gmail.com|41.243.52.244', 'i:1;', 1751052429),
('maisha_bora_cache_admin@gmail.com|41.243.52.244:timer', 'i:1751052429;', 1751052429),
('maisha_bora_cache_admin@gmail.com|41.243.52.246', 'i:1;', 1750494102),
('maisha_bora_cache_admin@gmail.com|41.243.52.246:timer', 'i:1750494102;', 1750494102),
('maisha_bora_cache_admin@gmb.com|41.243.52.132', 'i:1;', 1751360969),
('maisha_bora_cache_admin@gmb.com|41.243.52.132:timer', 'i:1751360969;', 1751360969),
('maisha_bora_cache_admin@gmb.com|41.243.52.148', 'i:2;', 1749070105),
('maisha_bora_cache_admin@gmb.com|41.243.52.148:timer', 'i:1749070105;', 1749070105),
('maisha_bora_cache_admin@gmb.com|41.243.52.167', 'i:1;', 1751348113),
('maisha_bora_cache_admin@gmb.com|41.243.52.167:timer', 'i:1751348113;', 1751348113),
('maisha_bora_cache_admin@gmb.com|41.243.52.209', 'i:2;', 1748731666),
('maisha_bora_cache_admin@gmb.com|41.243.52.209:timer', 'i:1748731666;', 1748731666),
('maisha_bora_cache_admnin@amb.com|41.243.52.158', 'i:1;', 1750923476),
('maisha_bora_cache_admnin@amb.com|41.243.52.158:timer', 'i:1750923476;', 1750923476),
('maisha_bora_cache_admnin@amb.com|41.243.52.199', 'i:1;', 1750260931),
('maisha_bora_cache_admnin@amb.com|41.243.52.199:timer', 'i:1750260931;', 1750260931),
('maisha_bora_cache_admnin@amb.com|41.243.52.227', 'i:1;', 1750663674),
('maisha_bora_cache_admnin@amb.com|41.243.52.227:timer', 'i:1750663674;', 1750663674),
('maisha_bora_cache_admnin@amb.com|41.243.52.253', 'i:1;', 1750489764),
('maisha_bora_cache_admnin@amb.com|41.243.52.253:timer', 'i:1750489764;', 1750489764),
('maisha_bora_cache_baciboneaganze@gmail.com|41.243.52.208', 'i:2;', 1748707811),
('maisha_bora_cache_baciboneaganze@gmail.com|41.243.52.208:timer', 'i:1748707811;', 1748707811),
('maisha_bora_cache_brandonfarmer75@outlook.com|3.79.185.32', 'i:2;', 1749003512),
('maisha_bora_cache_brandonfarmer75@outlook.com|3.79.185.32:timer', 'i:1749003512;', 1749003512),
('maisha_bora_cache_brandonfarmer75@outlook.com|51.44.16.201', 'i:2;', 1749003356),
('maisha_bora_cache_brandonfarmer75@outlook.com|51.44.16.201:timer', 'i:1749003356;', 1749003356),
('maisha_bora_cache_caisier@amb.com|41.243.52.231', 'i:1;', 1750152747),
('maisha_bora_cache_caisier@amb.com|41.243.52.231:timer', 'i:1750152747;', 1750152747),
('maisha_bora_cache_citoulrich@gmail.com|41.243.58.99', 'i:1;', 1749632409),
('maisha_bora_cache_citoulrich@gmail.com|41.243.58.99:timer', 'i:1749632409;', 1749632409),
('maisha_bora_cache_claudiaashuza@gmail.com|41.243.52.196', 'i:1;', 1750655597),
('maisha_bora_cache_claudiaashuza@gmail.com|41.243.52.196:timer', 'i:1750655597;', 1750655597),
('maisha_bora_cache_claudiaashuzarhugendabanga@gmail.com|41.243.52.208', 'i:2;', 1750507767),
('maisha_bora_cache_claudiaashuzarhugendabanga@gmail.com|41.243.52.208:timer', 'i:1750507767;', 1750507767),
('maisha_bora_cache_daron.larson6@gmail.com|3.79.185.32', 'i:2;', 1749003496),
('maisha_bora_cache_daron.larson6@gmail.com|3.79.185.32:timer', 'i:1749003496;', 1749003496),
('maisha_bora_cache_daron.larson6@gmail.com|51.44.16.201', 'i:2;', 1749003372),
('maisha_bora_cache_daron.larson6@gmail.com|51.44.16.201:timer', 'i:1749003372;', 1749003372),
('maisha_bora_cache_evan_lecomte@linksandmail.com|51.44.16.201', 'i:4;', 1749003323),
('maisha_bora_cache_evan_lecomte@linksandmail.com|51.44.16.201:timer', 'i:1749003323;', 1749003323),
('maisha_bora_cache_louis.burghagen80@linksandmail.com|3.79.185.32', 'i:4;', 1749003462),
('maisha_bora_cache_louis.burghagen80@linksandmail.com|3.79.185.32:timer', 'i:1749003462;', 1749003462),
('maisha_bora_cache_membre@example.com|41.243.52.137', 'i:1;', 1749622408),
('maisha_bora_cache_membre@example.com|41.243.52.137:timer', 'i:1749622408;', 1749622408),
('maisha_bora_cache_patiencebakenga@gmail.com|41.243.52.218', 'i:2;', 1751387569),
('maisha_bora_cache_patiencebakenga@gmail.com|41.243.52.218:timer', 'i:1751387569;', 1751387569),
('maisha_bora_cache_patiencebakenga@gmail.com|41.243.52.241', 'i:1;', 1751387402),
('maisha_bora_cache_patiencebakenga@gmail.com|41.243.52.241:timer', 'i:1751387402;', 1751387402),
('maisha_bora_cache_patiencebakenga39@gmail.com|41.243.52.232', 'i:1;', 1750083325),
('maisha_bora_cache_patiencebakenga39@gmail.com|41.243.52.232:timer', 'i:1750083325;', 1750083325),
('maisha_bora_cache_spatie.permission.cache', 'a:3:{s:5:\"alias\";a:4:{s:1:\"a\";s:2:\"id\";s:1:\"b\";s:4:\"name\";s:1:\"c\";s:10:\"guard_name\";s:1:\"r\";s:5:\"roles\";}s:11:\"permissions\";a:40:{i:0;a:4:{s:1:\"a\";i:1;s:1:\"b\";s:13:\"afficher-role\";s:1:\"c\";s:3:\"web\";s:1:\"r\";a:1:{i:0;i:1;}}i:1;a:4:{s:1:\"a\";i:2;s:1:\"b\";s:12:\"ajouter-role\";s:1:\"c\";s:3:\"web\";s:1:\"r\";a:1:{i:0;i:1;}}i:2;a:4:{s:1:\"a\";i:3;s:1:\"b\";s:13:\"modifier-role\";s:1:\"c\";s:3:\"web\";s:1:\"r\";a:1:{i:0;i:1;}}i:3;a:4:{s:1:\"a\";i:4;s:1:\"b\";s:14:\"supprimer-role\";s:1:\"c\";s:3:\"web\";s:1:\"r\";a:1:{i:0;i:1;}}i:4;a:4:{s:1:\"a\";i:5;s:1:\"b\";s:24:\"afficher-caisse-centrale\";s:1:\"c\";s:3:\"web\";s:1:\"r\";a:2:{i:0;i:1;i:1;i:2;}}i:5;a:4:{s:1:\"a\";i:6;s:1:\"b\";s:21:\"depot-caisse-centrale\";s:1:\"c\";s:3:\"web\";s:1:\"r\";a:2:{i:0;i:1;i:1;i:2;}}i:6;a:4:{s:1:\"a\";i:7;s:1:\"b\";s:23:\"retrait-caisse-centrale\";s:1:\"c\";s:3:\"web\";s:1:\"r\";a:2:{i:0;i:1;i:1;i:2;}}i:7;a:4:{s:1:\"a\";i:8;s:1:\"b\";s:15:\"afficher-client\";s:1:\"c\";s:3:\"web\";s:1:\"r\";a:4:{i:0;i:1;i:1;i:2;i:2;i:3;i:3;i:4;}}i:8;a:4:{s:1:\"a\";i:9;s:1:\"b\";s:14:\"ajouter-client\";s:1:\"c\";s:3:\"web\";s:1:\"r\";a:2:{i:0;i:1;i:1;i:3;}}i:9;a:4:{s:1:\"a\";i:10;s:1:\"b\";s:15:\"modifier-client\";s:1:\"c\";s:3:\"web\";s:1:\"r\";a:3:{i:0;i:1;i:1;i:2;i:2;i:3;}}i:10;a:4:{s:1:\"a\";i:11;s:1:\"b\";s:16:\"supprimer-client\";s:1:\"c\";s:3:\"web\";s:1:\"r\";a:1:{i:0;i:1;}}i:11;a:4:{s:1:\"a\";i:12;s:1:\"b\";s:20:\"afficher-utilisateur\";s:1:\"c\";s:3:\"web\";s:1:\"r\";a:1:{i:0;i:1;}}i:12;a:4:{s:1:\"a\";i:13;s:1:\"b\";s:19:\"ajouter-utilisateur\";s:1:\"c\";s:3:\"web\";s:1:\"r\";a:1:{i:0;i:1;}}i:13;a:4:{s:1:\"a\";i:14;s:1:\"b\";s:20:\"modifier-utilisateur\";s:1:\"c\";s:3:\"web\";s:1:\"r\";a:1:{i:0;i:1;}}i:14;a:4:{s:1:\"a\";i:15;s:1:\"b\";s:21:\"supprimer-utilisateur\";s:1:\"c\";s:3:\"web\";s:1:\"r\";a:1:{i:0;i:1;}}i:15;a:4:{s:1:\"a\";i:16;s:1:\"b\";s:15:\"afficher-credit\";s:1:\"c\";s:3:\"web\";s:1:\"r\";a:2:{i:0;i:1;i:1;i:2;}}i:16;a:4:{s:1:\"a\";i:17;s:1:\"b\";s:14:\"ajouter-credit\";s:1:\"c\";s:3:\"web\";s:1:\"r\";a:2:{i:0;i:1;i:1;i:2;}}i:17;a:4:{s:1:\"a\";i:18;s:1:\"b\";s:15:\"modifier-credit\";s:1:\"c\";s:3:\"web\";s:1:\"r\";a:2:{i:0;i:1;i:1;i:2;}}i:18;a:4:{s:1:\"a\";i:19;s:1:\"b\";s:16:\"supprimer-credit\";s:1:\"c\";s:3:\"web\";s:1:\"r\";a:2:{i:0;i:1;i:1;i:2;}}i:19;a:4:{s:1:\"a\";i:20;s:1:\"b\";s:15:\"afficher-carnet\";s:1:\"c\";s:3:\"web\";s:1:\"r\";a:4:{i:0;i:1;i:1;i:2;i:2;i:3;i:3;i:4;}}i:20;a:4:{s:1:\"a\";i:21;s:1:\"b\";s:14:\"ajouter-carnet\";s:1:\"c\";s:3:\"web\";s:1:\"r\";a:4:{i:0;i:1;i:1;i:2;i:2;i:3;i:3;i:4;}}i:21;a:4:{s:1:\"a\";i:22;s:1:\"b\";s:15:\"modifier-carnet\";s:1:\"c\";s:3:\"web\";s:1:\"r\";a:3:{i:0;i:1;i:1;i:2;i:2;i:3;}}i:22;a:4:{s:1:\"a\";i:23;s:1:\"b\";s:16:\"supprimer-carnet\";s:1:\"c\";s:3:\"web\";s:1:\"r\";a:1:{i:0;i:1;}}i:23;a:4:{s:1:\"a\";i:24;s:1:\"b\";s:25:\"afficher-transfert-caisse\";s:1:\"c\";s:3:\"web\";s:1:\"r\";a:4:{i:0;i:1;i:1;i:2;i:2;i:3;i:3;i:4;}}i:24;a:4:{s:1:\"a\";i:25;s:1:\"b\";s:24:\"ajouter-transfert-caisse\";s:1:\"c\";s:3:\"web\";s:1:\"r\";a:4:{i:0;i:1;i:1;i:2;i:2;i:3;i:3;i:4;}}i:25;a:4:{s:1:\"a\";i:26;s:1:\"b\";s:25:\"modifier-transfert-caisse\";s:1:\"c\";s:3:\"web\";s:1:\"r\";a:2:{i:0;i:1;i:1;i:2;}}i:26;a:4:{s:1:\"a\";i:27;s:1:\"b\";s:26:\"supprimer-transfert-caisse\";s:1:\"c\";s:3:\"web\";s:1:\"r\";a:2:{i:0;i:1;i:1;i:2;}}i:27;a:4:{s:1:\"a\";i:28;s:1:\"b\";s:22:\"afficher-sortie-caisse\";s:1:\"c\";s:3:\"web\";s:1:\"r\";a:2:{i:0;i:1;i:1;i:2;}}i:28;a:4:{s:1:\"a\";i:29;s:1:\"b\";s:21:\"ajouter-sortie-caisse\";s:1:\"c\";s:3:\"web\";s:1:\"r\";a:2:{i:0;i:1;i:1;i:2;}}i:29;a:4:{s:1:\"a\";i:30;s:1:\"b\";s:22:\"modifier-sortie-caisse\";s:1:\"c\";s:3:\"web\";s:1:\"r\";a:1:{i:0;i:1;}}i:30;a:4:{s:1:\"a\";i:31;s:1:\"b\";s:23:\"supprimer-sortie-caisse\";s:1:\"c\";s:3:\"web\";s:1:\"r\";a:1:{i:0;i:1;}}i:31;a:4:{s:1:\"a\";i:32;s:1:\"b\";s:21:\"afficher-caisse-agent\";s:1:\"c\";s:3:\"web\";s:1:\"r\";a:2:{i:0;i:1;i:1;i:2;}}i:32;a:4:{s:1:\"a\";i:33;s:1:\"b\";s:23:\"afficher-rapport-credit\";s:1:\"c\";s:3:\"web\";s:1:\"r\";a:2:{i:0;i:1;i:1;i:2;}}i:33;a:4:{s:1:\"a\";i:34;s:1:\"b\";s:26:\"afficher-simulation-credit\";s:1:\"c\";s:3:\"web\";s:1:\"r\";a:4:{i:0;i:1;i:1;i:2;i:2;i:3;i:3;i:4;}}i:34;a:4:{s:1:\"a\";i:35;s:1:\"b\";s:28:\"afficher-tableaudebord-admin\";s:1:\"c\";s:3:\"web\";s:1:\"r\";a:2:{i:0;i:1;i:1;i:2;}}i:35;a:4:{s:1:\"a\";i:36;s:1:\"b\";s:35:\"afficher-tableaudebord-receptionist\";s:1:\"c\";s:3:\"web\";s:1:\"r\";a:1:{i:0;i:3;}}i:36;a:4:{s:1:\"a\";i:37;s:1:\"b\";s:33:\"afficher-tableaudebord-recouvreur\";s:1:\"c\";s:3:\"web\";s:1:\"r\";a:1:{i:0;i:4;}}i:37;a:4:{s:1:\"a\";i:38;s:1:\"b\";s:29:\"afficher-tableaudebord-client\";s:1:\"c\";s:3:\"web\";s:1:\"r\";a:1:{i:0;i:5;}}i:38;a:4:{s:1:\"a\";i:39;s:1:\"b\";s:19:\"depot-compte-membre\";s:1:\"c\";s:3:\"web\";s:1:\"r\";a:4:{i:0;i:1;i:1;i:2;i:2;i:3;i:3;i:4;}}i:39;a:4:{s:1:\"a\";i:40;s:1:\"b\";s:21:\"retrait-compte-membre\";s:1:\"c\";s:3:\"web\";s:1:\"r\";a:2:{i:0;i:1;i:1;i:2;}}}s:5:\"roles\";a:5:{i:0;a:3:{s:1:\"a\";i:1;s:1:\"b\";s:5:\"Admin\";s:1:\"c\";s:3:\"web\";}i:1;a:3:{s:1:\"a\";i:2;s:1:\"b\";s:8:\"Caissier\";s:1:\"c\";s:3:\"web\";}i:2;a:3:{s:1:\"a\";i:3;s:1:\"b\";s:14:\"Receptionniste\";s:1:\"c\";s:3:\"web\";}i:3;a:3:{s:1:\"a\";i:4;s:1:\"b\";s:10:\"Recouvreur\";s:1:\"c\";s:3:\"web\";}i:4;a:3:{s:1:\"a\";i:5;s:1:\"b\";s:6:\"Membre\";s:1:\"c\";s:3:\"web\";}}}', 1752854799);

-- --------------------------------------------------------

--
-- Structure de la table `cache_locks`
--

CREATE TABLE `cache_locks` (
  `key` varchar(255) COLLATE utf8mb4_unicode_ci NOT NULL,
  `owner` varchar(255) COLLATE utf8mb4_unicode_ci NOT NULL,
  `expiration` int NOT NULL
) ENGINE=InnoDB DEFAULT CHARSET=utf8mb4 COLLATE=utf8mb4_unicode_ci;

-- --------------------------------------------------------

--
-- Structure de la table `cash_registers`
--

CREATE TABLE `cash_registers` (
  `id` bigint UNSIGNED NOT NULL,
  `type_operation` varchar(255) COLLATE utf8mb4_unicode_ci NOT NULL,
  `montant` decimal(10,2) NOT NULL,
  `reference_type` varchar(255) COLLATE utf8mb4_unicode_ci DEFAULT NULL,
  `reference_id` bigint UNSIGNED DEFAULT NULL,
  `created_at` timestamp NULL DEFAULT NULL,
  `updated_at` timestamp NULL DEFAULT NULL
) ENGINE=InnoDB DEFAULT CHARSET=utf8mb4 COLLATE=utf8mb4_unicode_ci;

-- --------------------------------------------------------

--
-- Structure de la table `contribution_books`
--

CREATE TABLE `contribution_books` (
  `id` bigint UNSIGNED NOT NULL,
  `subscription_id` bigint UNSIGNED NOT NULL,
  `code` varchar(255) COLLATE utf8mb4_unicode_ci NOT NULL,
  `taille` int NOT NULL DEFAULT '30',
  `verrouille` tinyint(1) NOT NULL DEFAULT '0',
  `created_at` timestamp NULL DEFAULT NULL,
  `updated_at` timestamp NULL DEFAULT NULL
) ENGINE=InnoDB DEFAULT CHARSET=utf8mb4 COLLATE=utf8mb4_unicode_ci;

-- --------------------------------------------------------

--
-- Structure de la table `contribution_lines`
--

CREATE TABLE `contribution_lines` (
  `id` bigint UNSIGNED NOT NULL,
  `contribution_book_id` bigint UNSIGNED NOT NULL,
  `numero_ligne` int NOT NULL,
  `date_contribution` date NOT NULL,
  `montant` decimal(10,2) NOT NULL,
  `created_at` timestamp NULL DEFAULT NULL,
  `updated_at` timestamp NULL DEFAULT NULL
) ENGINE=InnoDB DEFAULT CHARSET=utf8mb4 COLLATE=utf8mb4_unicode_ci;

-- --------------------------------------------------------

--
-- Structure de la table `credits`
--

CREATE TABLE `credits` (
  `id` bigint UNSIGNED NOT NULL,
  `user_id` bigint UNSIGNED NOT NULL,
  `account_id` bigint UNSIGNED NOT NULL,
  `currency` varchar(255) COLLATE utf8mb4_unicode_ci NOT NULL,
  `amount` decimal(15,2) NOT NULL,
  `interest_rate` decimal(5,2) NOT NULL,
  `installments` int NOT NULL,
  `start_date` date NOT NULL,
  `due_date` date NOT NULL,
  `is_paid` tinyint(1) NOT NULL DEFAULT '0',
  `created_at` timestamp NULL DEFAULT NULL,
  `updated_at` timestamp NULL DEFAULT NULL
) ENGINE=InnoDB DEFAULT CHARSET=utf8mb4 COLLATE=utf8mb4_unicode_ci;

--
-- Déchargement des données de la table `credits`
--

INSERT INTO `credits` (`id`, `user_id`, `account_id`, `currency`, `amount`, `interest_rate`, `installments`, `start_date`, `due_date`, `is_paid`, `created_at`, `updated_at`) VALUES
(5, 13, 25, 'USD', 437.50, 10.00, 7, '2025-06-28', '2025-08-09', 0, '2025-06-14 10:01:15', '2025-06-14 10:01:15'),
(6, 14, 27, 'USD', 350.00, 5.00, 4, '2025-06-28', '2025-07-19', 0, '2025-06-14 10:17:50', '2025-06-14 10:17:50'),
(8, 15, 29, 'USD', 250.00, 5.00, 2, '2025-06-28', '2025-07-05', 0, '2025-06-14 10:33:03', '2025-06-14 10:33:03'),
(10, 16, 31, 'USD', 100.00, 5.00, 1, '2025-06-14', '2025-06-28', 0, '2025-06-14 10:57:17', '2025-06-14 10:57:17'),
(12, 17, 33, 'USD', 50.00, 20.00, 1, '2025-05-01', '2025-06-01', 0, '2025-06-14 11:07:16', '2025-06-14 11:07:16'),
(13, 18, 35, 'USD', 50.00, 20.00, 1, '2025-06-05', '2025-07-05', 0, '2025-06-14 11:16:36', '2025-06-14 11:16:36'),
(14, 19, 37, 'USD', 100.00, 20.00, 1, '2025-06-15', '2025-06-15', 0, '2025-06-15 12:04:40', '2025-06-15 12:04:40'),
(15, 23, 41, 'USD', 300.00, 20.00, 3, '2025-07-10', '2025-09-10', 0, '2025-06-21 12:31:54', '2025-06-21 12:31:54'),
(16, 9, 17, 'USD', 150.00, 20.00, 1, '2025-06-28', '2025-06-28', 0, '2025-06-21 12:48:12', '2025-06-21 12:48:12'),
(17, 9, 17, 'USD', 350.00, 5.00, 4, '2025-06-28', '2025-07-19', 0, '2025-06-21 12:48:40', '2025-06-21 12:48:40'),
(18, 78, 152, 'CDF', 300000.00, 20.00, 1, '2025-06-28', '2025-06-28', 1, '2025-06-21 18:28:46', '2025-06-28 23:59:04'),
(19, 38, 71, 'USD', 200.00, 5.00, 3, '2025-07-23', '2025-09-23', 0, '2025-06-27 15:01:05', '2025-06-27 15:01:05'),
(20, 69, 133, 'USD', 300.00, 5.00, 3, '2025-07-23', '2025-09-23', 0, '2025-06-27 15:04:10', '2025-06-27 15:04:10'),
(21, 39, 73, 'USD', 200.00, 5.00, 3, '2025-07-23', '2025-09-23', 0, '2025-06-27 15:05:34', '2025-06-27 15:05:34'),
(22, 68, 132, 'CDF', 600000.00, 5.00, 2, '2025-07-24', '2025-08-24', 0, '2025-06-27 15:07:34', '2025-06-27 15:07:34'),
(23, 55, 106, 'CDF', 900000.00, 5.00, 2, '2025-07-27', '2025-08-27', 0, '2025-06-27 15:09:07', '2025-06-27 15:09:07'),
(24, 63, 122, 'CDF', 200000.00, 10.00, 1, '2025-07-27', '2025-07-27', 0, '2025-06-28 16:16:40', '2025-06-28 16:16:40'),
(25, 54, 103, 'USD', 300.00, 5.00, 3, '2025-07-28', '2025-09-28', 0, '2025-06-28 16:36:52', '2025-06-28 16:36:52'),
(26, 9, 17, 'USD', 41487.03, 2.57, 12, '2025-07-01', '2026-01-01', 0, '2025-07-01 12:06:52', '2025-07-01 12:06:52'),
(27, 10, 19, 'USD', 14866.38, 2.58, 4, '2025-07-01', '2026-01-01', 0, '2025-07-01 12:06:52', '2025-07-01 12:06:52'),
(28, 12, 23, 'USD', 45471.92, 6.54, 5, '2025-07-01', '2026-01-01', 0, '2025-07-01 12:06:52', '2025-07-01 12:06:52'),
(29, 13, 25, 'USD', 8963.50, 3.45, 3, '2025-07-01', '2026-01-01', 0, '2025-07-01 12:06:52', '2025-07-01 12:06:52'),
(30, 14, 27, 'USD', 12029.19, 4.22, 10, '2025-07-01', '2026-01-01', 0, '2025-07-01 12:06:52', '2025-07-01 12:06:52'),
(31, 65, 126, 'CDF', 500000.00, 5.00, 3, '2025-08-01', '2025-10-01', 0, '2025-07-01 14:46:13', '2025-07-01 14:46:13'),
(32, 66, 128, 'CDF', 300000.00, 5.00, 3, '2025-08-01', '2025-10-01', 0, '2025-07-01 16:14:37', '2025-07-01 16:14:37'),
(33, 138, 487, 'USD', 500.00, 20.00, 2, '2025-08-01', '2025-08-01', 0, '2025-07-15 15:56:07', '2025-07-15 15:56:08');

-- --------------------------------------------------------

--
-- Structure de la table `daily_contributions`
--

CREATE TABLE `daily_contributions` (
  `id` bigint UNSIGNED NOT NULL,
  `membership_card_id` bigint UNSIGNED NOT NULL,
  `contribution_date` date NOT NULL,
  `amount` decimal(15,2) NOT NULL,
  `is_paid` tinyint(1) NOT NULL DEFAULT '0',
  `created_at` timestamp NULL DEFAULT NULL,
  `updated_at` timestamp NULL DEFAULT NULL
) ENGINE=InnoDB DEFAULT CHARSET=utf8mb4 COLLATE=utf8mb4_unicode_ci;

--
-- Déchargement des données de la table `daily_contributions`
--

INSERT INTO `daily_contributions` (`id`, `membership_card_id`, `contribution_date`, `amount`, `is_paid`, `created_at`, `updated_at`) VALUES
(1, 1, '2025-06-26', 5000.00, 1, '2025-06-26 19:55:59', '2025-06-26 21:09:22'),
(2, 1, '2025-06-27', 5000.00, 0, '2025-06-26 19:55:59', '2025-06-26 19:55:59'),
(3, 1, '2025-06-28', 5000.00, 0, '2025-06-26 19:55:59', '2025-06-26 19:55:59'),
(4, 1, '2025-06-29', 5000.00, 0, '2025-06-26 19:55:59', '2025-06-26 19:55:59'),
(5, 1, '2025-06-30', 5000.00, 0, '2025-06-26 19:55:59', '2025-06-26 19:55:59'),
(6, 1, '2025-07-01', 5000.00, 0, '2025-06-26 19:55:59', '2025-06-26 19:55:59'),
(7, 1, '2025-07-02', 5000.00, 0, '2025-06-26 19:55:59', '2025-06-26 19:55:59'),
(8, 1, '2025-07-03', 5000.00, 0, '2025-06-26 19:55:59', '2025-06-26 19:55:59'),
(9, 1, '2025-07-04', 5000.00, 0, '2025-06-26 19:55:59', '2025-06-26 19:55:59'),
(10, 1, '2025-07-05', 5000.00, 0, '2025-06-26 19:55:59', '2025-06-26 19:55:59'),
(11, 1, '2025-07-06', 5000.00, 0, '2025-06-26 19:55:59', '2025-06-26 19:55:59'),
(12, 1, '2025-07-07', 5000.00, 0, '2025-06-26 19:55:59', '2025-06-26 19:55:59'),
(13, 1, '2025-07-08', 5000.00, 0, '2025-06-26 19:55:59', '2025-06-26 19:55:59'),
(14, 1, '2025-07-09', 5000.00, 0, '2025-06-26 19:55:59', '2025-06-26 19:55:59'),
(15, 1, '2025-07-10', 5000.00, 0, '2025-06-26 19:55:59', '2025-06-26 19:55:59'),
(16, 1, '2025-07-11', 5000.00, 0, '2025-06-26 19:55:59', '2025-06-26 19:55:59'),
(17, 1, '2025-07-12', 5000.00, 0, '2025-06-26 19:55:59', '2025-06-26 19:55:59'),
(18, 1, '2025-07-13', 5000.00, 0, '2025-06-26 19:55:59', '2025-06-26 19:55:59'),
(19, 1, '2025-07-14', 5000.00, 0, '2025-06-26 19:55:59', '2025-06-26 19:55:59'),
(20, 1, '2025-07-15', 5000.00, 0, '2025-06-26 19:55:59', '2025-06-26 19:55:59'),
(21, 1, '2025-07-16', 5000.00, 0, '2025-06-26 19:55:59', '2025-06-26 19:55:59'),
(22, 1, '2025-07-17', 5000.00, 0, '2025-06-26 19:55:59', '2025-06-26 19:55:59'),
(23, 1, '2025-07-18', 5000.00, 0, '2025-06-26 19:55:59', '2025-06-26 19:55:59'),
(24, 1, '2025-07-19', 5000.00, 0, '2025-06-26 19:55:59', '2025-06-26 19:55:59'),
(25, 1, '2025-07-20', 5000.00, 0, '2025-06-26 19:55:59', '2025-06-26 19:55:59'),
(26, 1, '2025-07-21', 5000.00, 0, '2025-06-26 19:55:59', '2025-06-26 19:55:59'),
(27, 1, '2025-07-22', 5000.00, 0, '2025-06-26 19:55:59', '2025-06-26 19:55:59'),
(28, 1, '2025-07-23', 5000.00, 0, '2025-06-26 19:55:59', '2025-06-26 19:55:59'),
(29, 1, '2025-07-24', 5000.00, 0, '2025-06-26 19:55:59', '2025-06-26 19:55:59'),
(30, 1, '2025-07-25', 5000.00, 0, '2025-06-26 19:55:59', '2025-06-26 19:55:59'),
(31, 1, '2025-07-26', 5000.00, 0, '2025-06-26 19:55:59', '2025-06-26 19:55:59'),
(32, 2, '2025-06-27', 10000.00, 1, '2025-06-27 09:48:30', '2025-06-27 10:09:05'),
(33, 2, '2025-06-28', 10000.00, 0, '2025-06-27 09:48:30', '2025-06-27 09:48:30'),
(34, 2, '2025-06-29', 10000.00, 0, '2025-06-27 09:48:30', '2025-06-27 09:48:30'),
(35, 2, '2025-06-30', 10000.00, 0, '2025-06-27 09:48:30', '2025-06-27 09:48:30'),
(36, 2, '2025-07-01', 10000.00, 0, '2025-06-27 09:48:30', '2025-06-27 09:48:30'),
(37, 2, '2025-07-02', 10000.00, 0, '2025-06-27 09:48:30', '2025-06-27 09:48:30'),
(38, 2, '2025-07-03', 10000.00, 0, '2025-06-27 09:48:30', '2025-06-27 09:48:30'),
(39, 2, '2025-07-04', 10000.00, 0, '2025-06-27 09:48:30', '2025-06-27 09:48:30'),
(40, 2, '2025-07-05', 10000.00, 0, '2025-06-27 09:48:30', '2025-06-27 09:48:30'),
(41, 2, '2025-07-06', 10000.00, 0, '2025-06-27 09:48:30', '2025-06-27 09:48:30'),
(42, 2, '2025-07-07', 10000.00, 0, '2025-06-27 09:48:30', '2025-06-27 09:48:30'),
(43, 2, '2025-07-08', 10000.00, 0, '2025-06-27 09:48:30', '2025-06-27 09:48:30'),
(44, 2, '2025-07-09', 10000.00, 0, '2025-06-27 09:48:30', '2025-06-27 09:48:30'),
(45, 2, '2025-07-10', 10000.00, 0, '2025-06-27 09:48:30', '2025-06-27 09:48:30'),
(46, 2, '2025-07-11', 10000.00, 0, '2025-06-27 09:48:30', '2025-06-27 09:48:30'),
(47, 2, '2025-07-12', 10000.00, 0, '2025-06-27 09:48:30', '2025-06-27 09:48:30'),
(48, 2, '2025-07-13', 10000.00, 0, '2025-06-27 09:48:30', '2025-06-27 09:48:30'),
(49, 2, '2025-07-14', 10000.00, 0, '2025-06-27 09:48:30', '2025-06-27 09:48:30'),
(50, 2, '2025-07-15', 10000.00, 0, '2025-06-27 09:48:30', '2025-06-27 09:48:30'),
(51, 2, '2025-07-16', 10000.00, 0, '2025-06-27 09:48:30', '2025-06-27 09:48:30'),
(52, 2, '2025-07-17', 10000.00, 0, '2025-06-27 09:48:30', '2025-06-27 09:48:30'),
(53, 2, '2025-07-18', 10000.00, 0, '2025-06-27 09:48:30', '2025-06-27 09:48:30'),
(54, 2, '2025-07-19', 10000.00, 0, '2025-06-27 09:48:30', '2025-06-27 09:48:30'),
(55, 2, '2025-07-20', 10000.00, 0, '2025-06-27 09:48:30', '2025-06-27 09:48:30'),
(56, 2, '2025-07-21', 10000.00, 0, '2025-06-27 09:48:30', '2025-06-27 09:48:30'),
(57, 2, '2025-07-22', 10000.00, 0, '2025-06-27 09:48:30', '2025-06-27 09:48:30'),
(58, 2, '2025-07-23', 10000.00, 0, '2025-06-27 09:48:30', '2025-06-27 09:48:30'),
(59, 2, '2025-07-24', 10000.00, 0, '2025-06-27 09:48:30', '2025-06-27 09:48:30'),
(60, 2, '2025-07-25', 10000.00, 0, '2025-06-27 09:48:30', '2025-06-27 09:48:30'),
(61, 2, '2025-07-26', 10000.00, 0, '2025-06-27 09:48:30', '2025-06-27 09:48:30'),
(62, 2, '2025-07-27', 10000.00, 0, '2025-06-27 09:48:30', '2025-06-27 09:48:30'),
(63, 4, '2025-06-27', 20000.00, 1, '2025-06-27 09:55:43', '2025-06-27 10:08:28'),
(64, 4, '2025-06-28', 20000.00, 0, '2025-06-27 09:55:43', '2025-06-27 09:55:43'),
(65, 4, '2025-06-29', 20000.00, 0, '2025-06-27 09:55:43', '2025-06-27 09:55:43'),
(66, 4, '2025-06-30', 20000.00, 0, '2025-06-27 09:55:43', '2025-06-27 09:55:43'),
(67, 4, '2025-07-01', 20000.00, 0, '2025-06-27 09:55:43', '2025-06-27 09:55:43'),
(68, 4, '2025-07-02', 20000.00, 0, '2025-06-27 09:55:43', '2025-06-27 09:55:43'),
(69, 4, '2025-07-03', 20000.00, 0, '2025-06-27 09:55:43', '2025-06-27 09:55:43'),
(70, 4, '2025-07-04', 20000.00, 0, '2025-06-27 09:55:43', '2025-06-27 09:55:43'),
(71, 4, '2025-07-05', 20000.00, 0, '2025-06-27 09:55:43', '2025-06-27 09:55:43'),
(72, 4, '2025-07-06', 20000.00, 0, '2025-06-27 09:55:43', '2025-06-27 09:55:43'),
(73, 4, '2025-07-07', 20000.00, 0, '2025-06-27 09:55:43', '2025-06-27 09:55:43'),
(74, 4, '2025-07-08', 20000.00, 0, '2025-06-27 09:55:43', '2025-06-27 09:55:43'),
(75, 4, '2025-07-09', 20000.00, 0, '2025-06-27 09:55:43', '2025-06-27 09:55:43'),
(76, 4, '2025-07-10', 20000.00, 0, '2025-06-27 09:55:43', '2025-06-27 09:55:43'),
(77, 4, '2025-07-11', 20000.00, 0, '2025-06-27 09:55:43', '2025-06-27 09:55:43'),
(78, 4, '2025-07-12', 20000.00, 0, '2025-06-27 09:55:43', '2025-06-27 09:55:43'),
(79, 4, '2025-07-13', 20000.00, 0, '2025-06-27 09:55:43', '2025-06-27 09:55:43'),
(80, 4, '2025-07-14', 20000.00, 0, '2025-06-27 09:55:43', '2025-06-27 09:55:43'),
(81, 4, '2025-07-15', 20000.00, 0, '2025-06-27 09:55:43', '2025-06-27 09:55:43'),
(82, 4, '2025-07-16', 20000.00, 0, '2025-06-27 09:55:43', '2025-06-27 09:55:43'),
(83, 4, '2025-07-17', 20000.00, 0, '2025-06-27 09:55:43', '2025-06-27 09:55:43'),
(84, 4, '2025-07-18', 20000.00, 0, '2025-06-27 09:55:43', '2025-06-27 09:55:43'),
(85, 4, '2025-07-19', 20000.00, 0, '2025-06-27 09:55:43', '2025-06-27 09:55:43'),
(86, 4, '2025-07-20', 20000.00, 0, '2025-06-27 09:55:43', '2025-06-27 09:55:43'),
(87, 4, '2025-07-21', 20000.00, 0, '2025-06-27 09:55:43', '2025-06-27 09:55:43'),
(88, 4, '2025-07-22', 20000.00, 0, '2025-06-27 09:55:43', '2025-06-27 09:55:43'),
(89, 4, '2025-07-23', 20000.00, 0, '2025-06-27 09:55:43', '2025-06-27 09:55:43'),
(90, 4, '2025-07-24', 20000.00, 0, '2025-06-27 09:55:43', '2025-06-27 09:55:43'),
(91, 4, '2025-07-25', 20000.00, 0, '2025-06-27 09:55:43', '2025-06-27 09:55:43'),
(92, 4, '2025-07-26', 20000.00, 0, '2025-06-27 09:55:43', '2025-06-27 09:55:43'),
(93, 4, '2025-07-27', 20000.00, 0, '2025-06-27 09:55:43', '2025-06-27 09:55:43'),
(94, 5, '2025-06-27', 10000.00, 1, '2025-06-27 09:57:01', '2025-06-27 10:09:42'),
(95, 5, '2025-06-28', 10000.00, 1, '2025-06-27 09:57:01', '2025-06-27 12:21:45'),
(96, 5, '2025-06-29', 10000.00, 0, '2025-06-27 09:57:01', '2025-06-27 09:57:01'),
(97, 5, '2025-06-30', 10000.00, 0, '2025-06-27 09:57:01', '2025-06-27 09:57:01'),
(98, 5, '2025-07-01', 10000.00, 0, '2025-06-27 09:57:01', '2025-06-27 09:57:01'),
(99, 5, '2025-07-02', 10000.00, 0, '2025-06-27 09:57:01', '2025-06-27 09:57:01'),
(100, 5, '2025-07-03', 10000.00, 0, '2025-06-27 09:57:01', '2025-06-27 09:57:01'),
(101, 5, '2025-07-04', 10000.00, 0, '2025-06-27 09:57:01', '2025-06-27 09:57:01'),
(102, 5, '2025-07-05', 10000.00, 0, '2025-06-27 09:57:01', '2025-06-27 09:57:01'),
(103, 5, '2025-07-06', 10000.00, 0, '2025-06-27 09:57:01', '2025-06-27 09:57:01'),
(104, 5, '2025-07-07', 10000.00, 0, '2025-06-27 09:57:01', '2025-06-27 09:57:01'),
(105, 5, '2025-07-08', 10000.00, 0, '2025-06-27 09:57:01', '2025-06-27 09:57:01'),
(106, 5, '2025-07-09', 10000.00, 0, '2025-06-27 09:57:01', '2025-06-27 09:57:01'),
(107, 5, '2025-07-10', 10000.00, 0, '2025-06-27 09:57:01', '2025-06-27 09:57:01'),
(108, 5, '2025-07-11', 10000.00, 0, '2025-06-27 09:57:01', '2025-06-27 09:57:01'),
(109, 5, '2025-07-12', 10000.00, 0, '2025-06-27 09:57:01', '2025-06-27 09:57:01'),
(110, 5, '2025-07-13', 10000.00, 0, '2025-06-27 09:57:01', '2025-06-27 09:57:01'),
(111, 5, '2025-07-14', 10000.00, 0, '2025-06-27 09:57:01', '2025-06-27 09:57:01'),
(112, 5, '2025-07-15', 10000.00, 0, '2025-06-27 09:57:01', '2025-06-27 09:57:01'),
(113, 5, '2025-07-16', 10000.00, 0, '2025-06-27 09:57:01', '2025-06-27 09:57:01'),
(114, 5, '2025-07-17', 10000.00, 0, '2025-06-27 09:57:01', '2025-06-27 09:57:01'),
(115, 5, '2025-07-18', 10000.00, 0, '2025-06-27 09:57:01', '2025-06-27 09:57:01'),
(116, 5, '2025-07-19', 10000.00, 0, '2025-06-27 09:57:01', '2025-06-27 09:57:01'),
(117, 5, '2025-07-20', 10000.00, 0, '2025-06-27 09:57:01', '2025-06-27 09:57:01'),
(118, 5, '2025-07-21', 10000.00, 0, '2025-06-27 09:57:01', '2025-06-27 09:57:01'),
(119, 5, '2025-07-22', 10000.00, 0, '2025-06-27 09:57:01', '2025-06-27 09:57:01'),
(120, 5, '2025-07-23', 10000.00, 0, '2025-06-27 09:57:01', '2025-06-27 09:57:01'),
(121, 5, '2025-07-24', 10000.00, 0, '2025-06-27 09:57:01', '2025-06-27 09:57:01'),
(122, 5, '2025-07-25', 10000.00, 0, '2025-06-27 09:57:01', '2025-06-27 09:57:01'),
(123, 5, '2025-07-26', 10000.00, 0, '2025-06-27 09:57:01', '2025-06-27 09:57:01'),
(124, 5, '2025-07-27', 10000.00, 0, '2025-06-27 09:57:01', '2025-06-27 09:57:01'),
(125, 6, '2025-06-27', 5000.00, 1, '2025-06-27 16:37:17', '2025-06-27 18:10:21'),
(126, 6, '2025-06-28', 5000.00, 1, '2025-06-27 16:37:17', '2025-06-28 18:00:43'),
(127, 6, '2025-06-29', 5000.00, 0, '2025-06-27 16:37:17', '2025-06-27 16:37:17'),
(128, 6, '2025-06-30', 5000.00, 0, '2025-06-27 16:37:17', '2025-06-27 16:37:17'),
(129, 6, '2025-07-01', 5000.00, 0, '2025-06-27 16:37:17', '2025-06-27 16:37:17'),
(130, 6, '2025-07-02', 5000.00, 0, '2025-06-27 16:37:17', '2025-06-27 16:37:17'),
(131, 6, '2025-07-03', 5000.00, 0, '2025-06-27 16:37:17', '2025-06-27 16:37:17'),
(132, 6, '2025-07-04', 5000.00, 0, '2025-06-27 16:37:17', '2025-06-27 16:37:17'),
(133, 6, '2025-07-05', 5000.00, 0, '2025-06-27 16:37:17', '2025-06-27 16:37:17'),
(134, 6, '2025-07-06', 5000.00, 0, '2025-06-27 16:37:17', '2025-06-27 16:37:17'),
(135, 6, '2025-07-07', 5000.00, 0, '2025-06-27 16:37:17', '2025-06-27 16:37:17'),
(136, 6, '2025-07-08', 5000.00, 0, '2025-06-27 16:37:17', '2025-06-27 16:37:17'),
(137, 6, '2025-07-09', 5000.00, 0, '2025-06-27 16:37:17', '2025-06-27 16:37:17'),
(138, 6, '2025-07-10', 5000.00, 0, '2025-06-27 16:37:17', '2025-06-27 16:37:17'),
(139, 6, '2025-07-11', 5000.00, 0, '2025-06-27 16:37:17', '2025-06-27 16:37:17'),
(140, 6, '2025-07-12', 5000.00, 0, '2025-06-27 16:37:17', '2025-06-27 16:37:17'),
(141, 6, '2025-07-13', 5000.00, 0, '2025-06-27 16:37:17', '2025-06-27 16:37:17'),
(142, 6, '2025-07-14', 5000.00, 0, '2025-06-27 16:37:17', '2025-06-27 16:37:17'),
(143, 6, '2025-07-15', 5000.00, 0, '2025-06-27 16:37:17', '2025-06-27 16:37:17'),
(144, 6, '2025-07-16', 5000.00, 0, '2025-06-27 16:37:17', '2025-06-27 16:37:17'),
(145, 6, '2025-07-17', 5000.00, 0, '2025-06-27 16:37:17', '2025-06-27 16:37:17'),
(146, 6, '2025-07-18', 5000.00, 0, '2025-06-27 16:37:17', '2025-06-27 16:37:17'),
(147, 6, '2025-07-19', 5000.00, 0, '2025-06-27 16:37:17', '2025-06-27 16:37:17'),
(148, 6, '2025-07-20', 5000.00, 0, '2025-06-27 16:37:17', '2025-06-27 16:37:17'),
(149, 6, '2025-07-21', 5000.00, 0, '2025-06-27 16:37:17', '2025-06-27 16:37:17'),
(150, 6, '2025-07-22', 5000.00, 0, '2025-06-27 16:37:17', '2025-06-27 16:37:17'),
(151, 6, '2025-07-23', 5000.00, 0, '2025-06-27 16:37:17', '2025-06-27 16:37:17'),
(152, 6, '2025-07-24', 5000.00, 0, '2025-06-27 16:37:17', '2025-06-27 16:37:17'),
(153, 6, '2025-07-25', 5000.00, 0, '2025-06-27 16:37:17', '2025-06-27 16:37:17'),
(154, 6, '2025-07-26', 5000.00, 0, '2025-06-27 16:37:17', '2025-06-27 16:37:17'),
(155, 6, '2025-07-27', 5000.00, 0, '2025-06-27 16:37:17', '2025-06-27 16:37:17'),
(156, 7, '2025-06-27', 5000.00, 1, '2025-06-27 16:39:52', '2025-06-27 18:12:21'),
(157, 7, '2025-06-28', 5000.00, 1, '2025-06-27 16:39:52', '2025-06-28 18:01:42'),
(158, 7, '2025-06-29', 5000.00, 0, '2025-06-27 16:39:52', '2025-06-27 16:39:52'),
(159, 7, '2025-06-30', 5000.00, 0, '2025-06-27 16:39:52', '2025-06-27 16:39:52'),
(160, 7, '2025-07-01', 5000.00, 0, '2025-06-27 16:39:52', '2025-06-27 16:39:52'),
(161, 7, '2025-07-02', 5000.00, 0, '2025-06-27 16:39:52', '2025-06-27 16:39:52'),
(162, 7, '2025-07-03', 5000.00, 0, '2025-06-27 16:39:52', '2025-06-27 16:39:52'),
(163, 7, '2025-07-04', 5000.00, 0, '2025-06-27 16:39:52', '2025-06-27 16:39:52'),
(164, 7, '2025-07-05', 5000.00, 0, '2025-06-27 16:39:52', '2025-06-27 16:39:52'),
(165, 7, '2025-07-06', 5000.00, 0, '2025-06-27 16:39:52', '2025-06-27 16:39:52'),
(166, 7, '2025-07-07', 5000.00, 0, '2025-06-27 16:39:52', '2025-06-27 16:39:52'),
(167, 7, '2025-07-08', 5000.00, 0, '2025-06-27 16:39:52', '2025-06-27 16:39:52'),
(168, 7, '2025-07-09', 5000.00, 0, '2025-06-27 16:39:52', '2025-06-27 16:39:52'),
(169, 7, '2025-07-10', 5000.00, 0, '2025-06-27 16:39:52', '2025-06-27 16:39:52'),
(170, 7, '2025-07-11', 5000.00, 0, '2025-06-27 16:39:52', '2025-06-27 16:39:52'),
(171, 7, '2025-07-12', 5000.00, 0, '2025-06-27 16:39:52', '2025-06-27 16:39:52'),
(172, 7, '2025-07-13', 5000.00, 0, '2025-06-27 16:39:52', '2025-06-27 16:39:52'),
(173, 7, '2025-07-14', 5000.00, 0, '2025-06-27 16:39:52', '2025-06-27 16:39:52'),
(174, 7, '2025-07-15', 5000.00, 0, '2025-06-27 16:39:52', '2025-06-27 16:39:52'),
(175, 7, '2025-07-16', 5000.00, 0, '2025-06-27 16:39:52', '2025-06-27 16:39:52'),
(176, 7, '2025-07-17', 5000.00, 0, '2025-06-27 16:39:52', '2025-06-27 16:39:52'),
(177, 7, '2025-07-18', 5000.00, 0, '2025-06-27 16:39:52', '2025-06-27 16:39:52'),
(178, 7, '2025-07-19', 5000.00, 0, '2025-06-27 16:39:52', '2025-06-27 16:39:52'),
(179, 7, '2025-07-20', 5000.00, 0, '2025-06-27 16:39:52', '2025-06-27 16:39:52'),
(180, 7, '2025-07-21', 5000.00, 0, '2025-06-27 16:39:52', '2025-06-27 16:39:52'),
(181, 7, '2025-07-22', 5000.00, 0, '2025-06-27 16:39:52', '2025-06-27 16:39:52'),
(182, 7, '2025-07-23', 5000.00, 0, '2025-06-27 16:39:52', '2025-06-27 16:39:52'),
(183, 7, '2025-07-24', 5000.00, 0, '2025-06-27 16:39:52', '2025-06-27 16:39:52'),
(184, 7, '2025-07-25', 5000.00, 0, '2025-06-27 16:39:52', '2025-06-27 16:39:52'),
(185, 7, '2025-07-26', 5000.00, 0, '2025-06-27 16:39:52', '2025-06-27 16:39:52'),
(186, 7, '2025-07-27', 5000.00, 0, '2025-06-27 16:39:52', '2025-06-27 16:39:52'),
(187, 8, '2025-06-27', 5000.00, 1, '2025-06-27 16:41:34', '2025-06-27 18:11:21'),
(188, 8, '2025-06-28', 5000.00, 1, '2025-06-27 16:41:34', '2025-06-28 18:01:21'),
(189, 8, '2025-06-29', 5000.00, 0, '2025-06-27 16:41:34', '2025-06-27 16:41:34'),
(190, 8, '2025-06-30', 5000.00, 0, '2025-06-27 16:41:34', '2025-06-27 16:41:34'),
(191, 8, '2025-07-01', 5000.00, 0, '2025-06-27 16:41:34', '2025-06-27 16:41:34'),
(192, 8, '2025-07-02', 5000.00, 0, '2025-06-27 16:41:34', '2025-06-27 16:41:34'),
(193, 8, '2025-07-03', 5000.00, 0, '2025-06-27 16:41:34', '2025-06-27 16:41:34'),
(194, 8, '2025-07-04', 5000.00, 0, '2025-06-27 16:41:34', '2025-06-27 16:41:34'),
(195, 8, '2025-07-05', 5000.00, 0, '2025-06-27 16:41:34', '2025-06-27 16:41:34'),
(196, 8, '2025-07-06', 5000.00, 0, '2025-06-27 16:41:34', '2025-06-27 16:41:34'),
(197, 8, '2025-07-07', 5000.00, 0, '2025-06-27 16:41:34', '2025-06-27 16:41:34'),
(198, 8, '2025-07-08', 5000.00, 0, '2025-06-27 16:41:34', '2025-06-27 16:41:34'),
(199, 8, '2025-07-09', 5000.00, 0, '2025-06-27 16:41:34', '2025-06-27 16:41:34'),
(200, 8, '2025-07-10', 5000.00, 0, '2025-06-27 16:41:34', '2025-06-27 16:41:34'),
(201, 8, '2025-07-11', 5000.00, 0, '2025-06-27 16:41:34', '2025-06-27 16:41:34'),
(202, 8, '2025-07-12', 5000.00, 0, '2025-06-27 16:41:34', '2025-06-27 16:41:34'),
(203, 8, '2025-07-13', 5000.00, 0, '2025-06-27 16:41:34', '2025-06-27 16:41:34'),
(204, 8, '2025-07-14', 5000.00, 0, '2025-06-27 16:41:34', '2025-06-27 16:41:34'),
(205, 8, '2025-07-15', 5000.00, 0, '2025-06-27 16:41:34', '2025-06-27 16:41:34'),
(206, 8, '2025-07-16', 5000.00, 0, '2025-06-27 16:41:34', '2025-06-27 16:41:34'),
(207, 8, '2025-07-17', 5000.00, 0, '2025-06-27 16:41:34', '2025-06-27 16:41:34'),
(208, 8, '2025-07-18', 5000.00, 0, '2025-06-27 16:41:34', '2025-06-27 16:41:34'),
(209, 8, '2025-07-19', 5000.00, 0, '2025-06-27 16:41:34', '2025-06-27 16:41:34'),
(210, 8, '2025-07-20', 5000.00, 0, '2025-06-27 16:41:34', '2025-06-27 16:41:34'),
(211, 8, '2025-07-21', 5000.00, 0, '2025-06-27 16:41:34', '2025-06-27 16:41:34'),
(212, 8, '2025-07-22', 5000.00, 0, '2025-06-27 16:41:34', '2025-06-27 16:41:34'),
(213, 8, '2025-07-23', 5000.00, 0, '2025-06-27 16:41:34', '2025-06-27 16:41:34'),
(214, 8, '2025-07-24', 5000.00, 0, '2025-06-27 16:41:34', '2025-06-27 16:41:34'),
(215, 8, '2025-07-25', 5000.00, 0, '2025-06-27 16:41:34', '2025-06-27 16:41:34'),
(216, 8, '2025-07-26', 5000.00, 0, '2025-06-27 16:41:34', '2025-06-27 16:41:34'),
(217, 8, '2025-07-27', 5000.00, 0, '2025-06-27 16:41:34', '2025-06-27 16:41:34'),
(218, 9, '2025-06-27', 5000.00, 1, '2025-06-27 16:42:53', '2025-06-27 18:10:55'),
(219, 9, '2025-06-28', 5000.00, 1, '2025-06-27 16:42:53', '2025-06-28 20:16:06'),
(220, 9, '2025-06-29', 5000.00, 0, '2025-06-27 16:42:53', '2025-06-27 16:42:53'),
(221, 9, '2025-06-30', 5000.00, 0, '2025-06-27 16:42:53', '2025-06-27 16:42:53'),
(222, 9, '2025-07-01', 5000.00, 0, '2025-06-27 16:42:53', '2025-06-27 16:42:53'),
(223, 9, '2025-07-02', 5000.00, 0, '2025-06-27 16:42:53', '2025-06-27 16:42:53'),
(224, 9, '2025-07-03', 5000.00, 0, '2025-06-27 16:42:53', '2025-06-27 16:42:53'),
(225, 9, '2025-07-04', 5000.00, 0, '2025-06-27 16:42:53', '2025-06-27 16:42:53'),
(226, 9, '2025-07-05', 5000.00, 0, '2025-06-27 16:42:53', '2025-06-27 16:42:53'),
(227, 9, '2025-07-06', 5000.00, 0, '2025-06-27 16:42:53', '2025-06-27 16:42:53'),
(228, 9, '2025-07-07', 5000.00, 0, '2025-06-27 16:42:53', '2025-06-27 16:42:53'),
(229, 9, '2025-07-08', 5000.00, 0, '2025-06-27 16:42:53', '2025-06-27 16:42:53'),
(230, 9, '2025-07-09', 5000.00, 0, '2025-06-27 16:42:53', '2025-06-27 16:42:53'),
(231, 9, '2025-07-10', 5000.00, 0, '2025-06-27 16:42:53', '2025-06-27 16:42:53'),
(232, 9, '2025-07-11', 5000.00, 0, '2025-06-27 16:42:53', '2025-06-27 16:42:53'),
(233, 9, '2025-07-12', 5000.00, 0, '2025-06-27 16:42:53', '2025-06-27 16:42:53'),
(234, 9, '2025-07-13', 5000.00, 0, '2025-06-27 16:42:53', '2025-06-27 16:42:53'),
(235, 9, '2025-07-14', 5000.00, 0, '2025-06-27 16:42:53', '2025-06-27 16:42:53'),
(236, 9, '2025-07-15', 5000.00, 0, '2025-06-27 16:42:53', '2025-06-27 16:42:53'),
(237, 9, '2025-07-16', 5000.00, 0, '2025-06-27 16:42:53', '2025-06-27 16:42:53'),
(238, 9, '2025-07-17', 5000.00, 0, '2025-06-27 16:42:53', '2025-06-27 16:42:53'),
(239, 9, '2025-07-18', 5000.00, 0, '2025-06-27 16:42:53', '2025-06-27 16:42:53'),
(240, 9, '2025-07-19', 5000.00, 0, '2025-06-27 16:42:53', '2025-06-27 16:42:53'),
(241, 9, '2025-07-20', 5000.00, 0, '2025-06-27 16:42:53', '2025-06-27 16:42:53'),
(242, 9, '2025-07-21', 5000.00, 0, '2025-06-27 16:42:53', '2025-06-27 16:42:53'),
(243, 9, '2025-07-22', 5000.00, 0, '2025-06-27 16:42:53', '2025-06-27 16:42:53'),
(244, 9, '2025-07-23', 5000.00, 0, '2025-06-27 16:42:53', '2025-06-27 16:42:53'),
(245, 9, '2025-07-24', 5000.00, 0, '2025-06-27 16:42:53', '2025-06-27 16:42:53'),
(246, 9, '2025-07-25', 5000.00, 0, '2025-06-27 16:42:53', '2025-06-27 16:42:53'),
(247, 9, '2025-07-26', 5000.00, 0, '2025-06-27 16:42:53', '2025-06-27 16:42:53'),
(248, 9, '2025-07-27', 5000.00, 0, '2025-06-27 16:42:53', '2025-06-27 16:42:53'),
(249, 10, '2025-06-27', 5000.00, 1, '2025-06-27 16:44:33', '2025-06-27 18:11:51'),
(250, 10, '2025-06-28', 5000.00, 0, '2025-06-27 16:44:33', '2025-06-27 16:44:33'),
(251, 10, '2025-06-29', 5000.00, 0, '2025-06-27 16:44:33', '2025-06-27 16:44:33'),
(252, 10, '2025-06-30', 5000.00, 0, '2025-06-27 16:44:33', '2025-06-27 16:44:33'),
(253, 10, '2025-07-01', 5000.00, 0, '2025-06-27 16:44:33', '2025-06-27 16:44:33'),
(254, 10, '2025-07-02', 5000.00, 0, '2025-06-27 16:44:33', '2025-06-27 16:44:33'),
(255, 10, '2025-07-03', 5000.00, 0, '2025-06-27 16:44:33', '2025-06-27 16:44:33'),
(256, 10, '2025-07-04', 5000.00, 0, '2025-06-27 16:44:33', '2025-06-27 16:44:33'),
(257, 10, '2025-07-05', 5000.00, 0, '2025-06-27 16:44:33', '2025-06-27 16:44:33'),
(258, 10, '2025-07-06', 5000.00, 0, '2025-06-27 16:44:33', '2025-06-27 16:44:33'),
(259, 10, '2025-07-07', 5000.00, 0, '2025-06-27 16:44:33', '2025-06-27 16:44:33'),
(260, 10, '2025-07-08', 5000.00, 0, '2025-06-27 16:44:33', '2025-06-27 16:44:33'),
(261, 10, '2025-07-09', 5000.00, 0, '2025-06-27 16:44:33', '2025-06-27 16:44:33'),
(262, 10, '2025-07-10', 5000.00, 0, '2025-06-27 16:44:33', '2025-06-27 16:44:33'),
(263, 10, '2025-07-11', 5000.00, 0, '2025-06-27 16:44:33', '2025-06-27 16:44:33'),
(264, 10, '2025-07-12', 5000.00, 0, '2025-06-27 16:44:33', '2025-06-27 16:44:33'),
(265, 10, '2025-07-13', 5000.00, 0, '2025-06-27 16:44:33', '2025-06-27 16:44:33'),
(266, 10, '2025-07-14', 5000.00, 0, '2025-06-27 16:44:33', '2025-06-27 16:44:33'),
(267, 10, '2025-07-15', 5000.00, 0, '2025-06-27 16:44:33', '2025-06-27 16:44:33'),
(268, 10, '2025-07-16', 5000.00, 0, '2025-06-27 16:44:33', '2025-06-27 16:44:33'),
(269, 10, '2025-07-17', 5000.00, 0, '2025-06-27 16:44:33', '2025-06-27 16:44:33'),
(270, 10, '2025-07-18', 5000.00, 0, '2025-06-27 16:44:33', '2025-06-27 16:44:33'),
(271, 10, '2025-07-19', 5000.00, 0, '2025-06-27 16:44:33', '2025-06-27 16:44:33'),
(272, 10, '2025-07-20', 5000.00, 0, '2025-06-27 16:44:33', '2025-06-27 16:44:33'),
(273, 10, '2025-07-21', 5000.00, 0, '2025-06-27 16:44:33', '2025-06-27 16:44:33'),
(274, 10, '2025-07-22', 5000.00, 0, '2025-06-27 16:44:33', '2025-06-27 16:44:33'),
(275, 10, '2025-07-23', 5000.00, 0, '2025-06-27 16:44:33', '2025-06-27 16:44:33'),
(276, 10, '2025-07-24', 5000.00, 0, '2025-06-27 16:44:33', '2025-06-27 16:44:33'),
(277, 10, '2025-07-25', 5000.00, 0, '2025-06-27 16:44:33', '2025-06-27 16:44:33'),
(278, 10, '2025-07-26', 5000.00, 0, '2025-06-27 16:44:33', '2025-06-27 16:44:33'),
(279, 10, '2025-07-27', 5000.00, 0, '2025-06-27 16:44:33', '2025-06-27 16:44:33'),
(280, 11, '2025-06-27', 3000.00, 1, '2025-06-27 16:57:56', '2025-06-27 18:14:39'),
(281, 11, '2025-06-28', 3000.00, 0, '2025-06-27 16:57:56', '2025-06-27 16:57:56'),
(282, 11, '2025-06-29', 3000.00, 0, '2025-06-27 16:57:56', '2025-06-27 16:57:56'),
(283, 11, '2025-06-30', 3000.00, 0, '2025-06-27 16:57:56', '2025-06-27 16:57:56'),
(284, 11, '2025-07-01', 3000.00, 0, '2025-06-27 16:57:56', '2025-06-27 16:57:56'),
(285, 11, '2025-07-02', 3000.00, 0, '2025-06-27 16:57:56', '2025-06-27 16:57:56'),
(286, 11, '2025-07-03', 3000.00, 0, '2025-06-27 16:57:56', '2025-06-27 16:57:56'),
(287, 11, '2025-07-04', 3000.00, 0, '2025-06-27 16:57:56', '2025-06-27 16:57:56'),
(288, 11, '2025-07-05', 3000.00, 0, '2025-06-27 16:57:56', '2025-06-27 16:57:56'),
(289, 11, '2025-07-06', 3000.00, 0, '2025-06-27 16:57:56', '2025-06-27 16:57:56'),
(290, 11, '2025-07-07', 3000.00, 0, '2025-06-27 16:57:56', '2025-06-27 16:57:56'),
(291, 11, '2025-07-08', 3000.00, 0, '2025-06-27 16:57:56', '2025-06-27 16:57:56'),
(292, 11, '2025-07-09', 3000.00, 0, '2025-06-27 16:57:56', '2025-06-27 16:57:56'),
(293, 11, '2025-07-10', 3000.00, 0, '2025-06-27 16:57:56', '2025-06-27 16:57:56'),
(294, 11, '2025-07-11', 3000.00, 0, '2025-06-27 16:57:56', '2025-06-27 16:57:56'),
(295, 11, '2025-07-12', 3000.00, 0, '2025-06-27 16:57:56', '2025-06-27 16:57:56'),
(296, 11, '2025-07-13', 3000.00, 0, '2025-06-27 16:57:56', '2025-06-27 16:57:56'),
(297, 11, '2025-07-14', 3000.00, 0, '2025-06-27 16:57:56', '2025-06-27 16:57:56'),
(298, 11, '2025-07-15', 3000.00, 0, '2025-06-27 16:57:56', '2025-06-27 16:57:56'),
(299, 11, '2025-07-16', 3000.00, 0, '2025-06-27 16:57:56', '2025-06-27 16:57:56'),
(300, 11, '2025-07-17', 3000.00, 0, '2025-06-27 16:57:56', '2025-06-27 16:57:56'),
(301, 11, '2025-07-18', 3000.00, 0, '2025-06-27 16:57:56', '2025-06-27 16:57:56'),
(302, 11, '2025-07-19', 3000.00, 0, '2025-06-27 16:57:56', '2025-06-27 16:57:56'),
(303, 11, '2025-07-20', 3000.00, 0, '2025-06-27 16:57:56', '2025-06-27 16:57:56'),
(304, 11, '2025-07-21', 3000.00, 0, '2025-06-27 16:57:56', '2025-06-27 16:57:56'),
(305, 11, '2025-07-22', 3000.00, 0, '2025-06-27 16:57:56', '2025-06-27 16:57:56'),
(306, 11, '2025-07-23', 3000.00, 0, '2025-06-27 16:57:56', '2025-06-27 16:57:56'),
(307, 11, '2025-07-24', 3000.00, 0, '2025-06-27 16:57:56', '2025-06-27 16:57:56'),
(308, 11, '2025-07-25', 3000.00, 0, '2025-06-27 16:57:56', '2025-06-27 16:57:56'),
(309, 11, '2025-07-26', 3000.00, 0, '2025-06-27 16:57:56', '2025-06-27 16:57:56'),
(310, 11, '2025-07-27', 3000.00, 0, '2025-06-27 16:57:56', '2025-06-27 16:57:56'),
(311, 12, '2025-06-27', 5000.00, 1, '2025-06-27 16:58:47', '2025-06-27 18:12:48'),
(312, 12, '2025-06-28', 5000.00, 1, '2025-06-27 16:58:47', '2025-06-28 20:16:33'),
(313, 12, '2025-06-29', 5000.00, 0, '2025-06-27 16:58:47', '2025-06-27 16:58:47'),
(314, 12, '2025-06-30', 5000.00, 0, '2025-06-27 16:58:47', '2025-06-27 16:58:47'),
(315, 12, '2025-07-01', 5000.00, 0, '2025-06-27 16:58:47', '2025-06-27 16:58:47'),
(316, 12, '2025-07-02', 5000.00, 0, '2025-06-27 16:58:47', '2025-06-27 16:58:47'),
(317, 12, '2025-07-03', 5000.00, 0, '2025-06-27 16:58:47', '2025-06-27 16:58:47'),
(318, 12, '2025-07-04', 5000.00, 0, '2025-06-27 16:58:47', '2025-06-27 16:58:47'),
(319, 12, '2025-07-05', 5000.00, 0, '2025-06-27 16:58:47', '2025-06-27 16:58:47'),
(320, 12, '2025-07-06', 5000.00, 0, '2025-06-27 16:58:47', '2025-06-27 16:58:47'),
(321, 12, '2025-07-07', 5000.00, 0, '2025-06-27 16:58:47', '2025-06-27 16:58:47'),
(322, 12, '2025-07-08', 5000.00, 0, '2025-06-27 16:58:47', '2025-06-27 16:58:47'),
(323, 12, '2025-07-09', 5000.00, 0, '2025-06-27 16:58:47', '2025-06-27 16:58:47'),
(324, 12, '2025-07-10', 5000.00, 0, '2025-06-27 16:58:47', '2025-06-27 16:58:47'),
(325, 12, '2025-07-11', 5000.00, 0, '2025-06-27 16:58:47', '2025-06-27 16:58:47'),
(326, 12, '2025-07-12', 5000.00, 0, '2025-06-27 16:58:47', '2025-06-27 16:58:47'),
(327, 12, '2025-07-13', 5000.00, 0, '2025-06-27 16:58:47', '2025-06-27 16:58:47'),
(328, 12, '2025-07-14', 5000.00, 0, '2025-06-27 16:58:47', '2025-06-27 16:58:47'),
(329, 12, '2025-07-15', 5000.00, 0, '2025-06-27 16:58:47', '2025-06-27 16:58:47'),
(330, 12, '2025-07-16', 5000.00, 0, '2025-06-27 16:58:47', '2025-06-27 16:58:47'),
(331, 12, '2025-07-17', 5000.00, 0, '2025-06-27 16:58:47', '2025-06-27 16:58:47'),
(332, 12, '2025-07-18', 5000.00, 0, '2025-06-27 16:58:47', '2025-06-27 16:58:47'),
(333, 12, '2025-07-19', 5000.00, 0, '2025-06-27 16:58:47', '2025-06-27 16:58:47'),
(334, 12, '2025-07-20', 5000.00, 0, '2025-06-27 16:58:47', '2025-06-27 16:58:47'),
(335, 12, '2025-07-21', 5000.00, 0, '2025-06-27 16:58:47', '2025-06-27 16:58:47'),
(336, 12, '2025-07-22', 5000.00, 0, '2025-06-27 16:58:47', '2025-06-27 16:58:47'),
(337, 12, '2025-07-23', 5000.00, 0, '2025-06-27 16:58:47', '2025-06-27 16:58:47'),
(338, 12, '2025-07-24', 5000.00, 0, '2025-06-27 16:58:47', '2025-06-27 16:58:47'),
(339, 12, '2025-07-25', 5000.00, 0, '2025-06-27 16:58:47', '2025-06-27 16:58:47'),
(340, 12, '2025-07-26', 5000.00, 0, '2025-06-27 16:58:47', '2025-06-27 16:58:47'),
(341, 12, '2025-07-27', 5000.00, 0, '2025-06-27 16:58:47', '2025-06-27 16:58:47'),
(342, 13, '2025-06-27', 2000.00, 1, '2025-06-27 18:45:56', '2025-06-27 18:46:29'),
(343, 13, '2025-06-28', 2000.00, 0, '2025-06-27 18:45:56', '2025-06-27 18:45:56'),
(344, 13, '2025-06-29', 2000.00, 0, '2025-06-27 18:45:56', '2025-06-27 18:45:56'),
(345, 13, '2025-06-30', 2000.00, 0, '2025-06-27 18:45:56', '2025-06-27 18:45:56'),
(346, 13, '2025-07-01', 2000.00, 0, '2025-06-27 18:45:56', '2025-06-27 18:45:56'),
(347, 13, '2025-07-02', 2000.00, 0, '2025-06-27 18:45:56', '2025-06-27 18:45:56'),
(348, 13, '2025-07-03', 2000.00, 0, '2025-06-27 18:45:56', '2025-06-27 18:45:56'),
(349, 13, '2025-07-04', 2000.00, 0, '2025-06-27 18:45:56', '2025-06-27 18:45:56'),
(350, 13, '2025-07-05', 2000.00, 0, '2025-06-27 18:45:56', '2025-06-27 18:45:56'),
(351, 13, '2025-07-06', 2000.00, 0, '2025-06-27 18:45:56', '2025-06-27 18:45:56'),
(352, 13, '2025-07-07', 2000.00, 0, '2025-06-27 18:45:56', '2025-06-27 18:45:56'),
(353, 13, '2025-07-08', 2000.00, 0, '2025-06-27 18:45:56', '2025-06-27 18:45:56'),
(354, 13, '2025-07-09', 2000.00, 0, '2025-06-27 18:45:56', '2025-06-27 18:45:56'),
(355, 13, '2025-07-10', 2000.00, 0, '2025-06-27 18:45:56', '2025-06-27 18:45:56'),
(356, 13, '2025-07-11', 2000.00, 0, '2025-06-27 18:45:56', '2025-06-27 18:45:56'),
(357, 13, '2025-07-12', 2000.00, 0, '2025-06-27 18:45:56', '2025-06-27 18:45:56'),
(358, 13, '2025-07-13', 2000.00, 0, '2025-06-27 18:45:56', '2025-06-27 18:45:56'),
(359, 13, '2025-07-14', 2000.00, 0, '2025-06-27 18:45:56', '2025-06-27 18:45:56'),
(360, 13, '2025-07-15', 2000.00, 0, '2025-06-27 18:45:56', '2025-06-27 18:45:56'),
(361, 13, '2025-07-16', 2000.00, 0, '2025-06-27 18:45:56', '2025-06-27 18:45:56'),
(362, 13, '2025-07-17', 2000.00, 0, '2025-06-27 18:45:56', '2025-06-27 18:45:56'),
(363, 13, '2025-07-18', 2000.00, 0, '2025-06-27 18:45:56', '2025-06-27 18:45:56'),
(364, 13, '2025-07-19', 2000.00, 0, '2025-06-27 18:45:56', '2025-06-27 18:45:56'),
(365, 13, '2025-07-20', 2000.00, 0, '2025-06-27 18:45:56', '2025-06-27 18:45:56'),
(366, 13, '2025-07-21', 2000.00, 0, '2025-06-27 18:45:56', '2025-06-27 18:45:56'),
(367, 13, '2025-07-22', 2000.00, 0, '2025-06-27 18:45:56', '2025-06-27 18:45:56'),
(368, 13, '2025-07-23', 2000.00, 0, '2025-06-27 18:45:56', '2025-06-27 18:45:56'),
(369, 13, '2025-07-24', 2000.00, 0, '2025-06-27 18:45:56', '2025-06-27 18:45:56'),
(370, 13, '2025-07-25', 2000.00, 0, '2025-06-27 18:45:56', '2025-06-27 18:45:56'),
(371, 13, '2025-07-26', 2000.00, 0, '2025-06-27 18:45:56', '2025-06-27 18:45:56'),
(372, 13, '2025-07-27', 2000.00, 0, '2025-06-27 18:45:56', '2025-06-27 18:45:56'),
(373, 14, '2025-06-27', 5000.00, 1, '2025-06-27 18:49:45', '2025-06-27 18:50:39'),
(374, 14, '2025-06-28', 5000.00, 1, '2025-06-27 18:49:45', '2025-06-27 18:50:49'),
(375, 14, '2025-06-29', 5000.00, 1, '2025-06-27 18:49:45', '2025-06-28 15:14:12'),
(376, 14, '2025-06-30', 5000.00, 1, '2025-06-27 18:49:45', '2025-06-28 15:14:48'),
(377, 14, '2025-07-01', 5000.00, 0, '2025-06-27 18:49:45', '2025-06-27 18:49:45'),
(378, 14, '2025-07-02', 5000.00, 0, '2025-06-27 18:49:45', '2025-06-27 18:49:45'),
(379, 14, '2025-07-03', 5000.00, 0, '2025-06-27 18:49:45', '2025-06-27 18:49:45'),
(380, 14, '2025-07-04', 5000.00, 0, '2025-06-27 18:49:45', '2025-06-27 18:49:45'),
(381, 14, '2025-07-05', 5000.00, 0, '2025-06-27 18:49:45', '2025-06-27 18:49:45'),
(382, 14, '2025-07-06', 5000.00, 0, '2025-06-27 18:49:45', '2025-06-27 18:49:45'),
(383, 14, '2025-07-07', 5000.00, 0, '2025-06-27 18:49:45', '2025-06-27 18:49:45'),
(384, 14, '2025-07-08', 5000.00, 0, '2025-06-27 18:49:45', '2025-06-27 18:49:45'),
(385, 14, '2025-07-09', 5000.00, 0, '2025-06-27 18:49:45', '2025-06-27 18:49:45'),
(386, 14, '2025-07-10', 5000.00, 0, '2025-06-27 18:49:45', '2025-06-27 18:49:45'),
(387, 14, '2025-07-11', 5000.00, 0, '2025-06-27 18:49:45', '2025-06-27 18:49:45'),
(388, 14, '2025-07-12', 5000.00, 0, '2025-06-27 18:49:45', '2025-06-27 18:49:45'),
(389, 14, '2025-07-13', 5000.00, 0, '2025-06-27 18:49:45', '2025-06-27 18:49:45'),
(390, 14, '2025-07-14', 5000.00, 0, '2025-06-27 18:49:45', '2025-06-27 18:49:45'),
(391, 14, '2025-07-15', 5000.00, 0, '2025-06-27 18:49:45', '2025-06-27 18:49:45'),
(392, 14, '2025-07-16', 5000.00, 0, '2025-06-27 18:49:45', '2025-06-27 18:49:45'),
(393, 14, '2025-07-17', 5000.00, 0, '2025-06-27 18:49:45', '2025-06-27 18:49:45'),
(394, 14, '2025-07-18', 5000.00, 0, '2025-06-27 18:49:45', '2025-06-27 18:49:45'),
(395, 14, '2025-07-19', 5000.00, 0, '2025-06-27 18:49:45', '2025-06-27 18:49:45'),
(396, 14, '2025-07-20', 5000.00, 0, '2025-06-27 18:49:45', '2025-06-27 18:49:45'),
(397, 14, '2025-07-21', 5000.00, 0, '2025-06-27 18:49:45', '2025-06-27 18:49:45'),
(398, 14, '2025-07-22', 5000.00, 0, '2025-06-27 18:49:45', '2025-06-27 18:49:45'),
(399, 14, '2025-07-23', 5000.00, 0, '2025-06-27 18:49:45', '2025-06-27 18:49:45'),
(400, 14, '2025-07-24', 5000.00, 0, '2025-06-27 18:49:45', '2025-06-27 18:49:45'),
(401, 14, '2025-07-25', 5000.00, 0, '2025-06-27 18:49:45', '2025-06-27 18:49:45'),
(402, 14, '2025-07-26', 5000.00, 0, '2025-06-27 18:49:45', '2025-06-27 18:49:45'),
(403, 14, '2025-07-27', 5000.00, 0, '2025-06-27 18:49:45', '2025-06-27 18:49:45'),
(404, 15, '2025-06-27', 5000.00, 1, '2025-06-27 18:52:43', '2025-06-27 18:54:02'),
(405, 15, '2025-06-28', 5000.00, 1, '2025-06-27 18:52:43', '2025-06-27 19:24:45'),
(406, 15, '2025-06-29', 5000.00, 0, '2025-06-27 18:52:43', '2025-06-27 18:52:43'),
(407, 15, '2025-06-30', 5000.00, 0, '2025-06-27 18:52:43', '2025-06-27 18:52:43'),
(408, 15, '2025-07-01', 5000.00, 0, '2025-06-27 18:52:43', '2025-06-27 18:52:43'),
(409, 15, '2025-07-02', 5000.00, 0, '2025-06-27 18:52:43', '2025-06-27 18:52:43'),
(410, 15, '2025-07-03', 5000.00, 0, '2025-06-27 18:52:43', '2025-06-27 18:52:43'),
(411, 15, '2025-07-04', 5000.00, 0, '2025-06-27 18:52:43', '2025-06-27 18:52:43'),
(412, 15, '2025-07-05', 5000.00, 0, '2025-06-27 18:52:43', '2025-06-27 18:52:43'),
(413, 15, '2025-07-06', 5000.00, 0, '2025-06-27 18:52:43', '2025-06-27 18:52:43'),
(414, 15, '2025-07-07', 5000.00, 0, '2025-06-27 18:52:43', '2025-06-27 18:52:43'),
(415, 15, '2025-07-08', 5000.00, 0, '2025-06-27 18:52:43', '2025-06-27 18:52:43'),
(416, 15, '2025-07-09', 5000.00, 0, '2025-06-27 18:52:43', '2025-06-27 18:52:43'),
(417, 15, '2025-07-10', 5000.00, 0, '2025-06-27 18:52:43', '2025-06-27 18:52:43'),
(418, 15, '2025-07-11', 5000.00, 0, '2025-06-27 18:52:43', '2025-06-27 18:52:43'),
(419, 15, '2025-07-12', 5000.00, 0, '2025-06-27 18:52:43', '2025-06-27 18:52:43'),
(420, 15, '2025-07-13', 5000.00, 0, '2025-06-27 18:52:43', '2025-06-27 18:52:43'),
(421, 15, '2025-07-14', 5000.00, 0, '2025-06-27 18:52:43', '2025-06-27 18:52:43'),
(422, 15, '2025-07-15', 5000.00, 0, '2025-06-27 18:52:43', '2025-06-27 18:52:43'),
(423, 15, '2025-07-16', 5000.00, 0, '2025-06-27 18:52:43', '2025-06-27 18:52:43'),
(424, 15, '2025-07-17', 5000.00, 0, '2025-06-27 18:52:43', '2025-06-27 18:52:43'),
(425, 15, '2025-07-18', 5000.00, 0, '2025-06-27 18:52:43', '2025-06-27 18:52:43'),
(426, 15, '2025-07-19', 5000.00, 0, '2025-06-27 18:52:43', '2025-06-27 18:52:43'),
(427, 15, '2025-07-20', 5000.00, 0, '2025-06-27 18:52:43', '2025-06-27 18:52:43'),
(428, 15, '2025-07-21', 5000.00, 0, '2025-06-27 18:52:43', '2025-06-27 18:52:43'),
(429, 15, '2025-07-22', 5000.00, 0, '2025-06-27 18:52:43', '2025-06-27 18:52:43'),
(430, 15, '2025-07-23', 5000.00, 0, '2025-06-27 18:52:43', '2025-06-27 18:52:43'),
(431, 15, '2025-07-24', 5000.00, 0, '2025-06-27 18:52:43', '2025-06-27 18:52:43'),
(432, 15, '2025-07-25', 5000.00, 0, '2025-06-27 18:52:43', '2025-06-27 18:52:43'),
(433, 15, '2025-07-26', 5000.00, 0, '2025-06-27 18:52:43', '2025-06-27 18:52:43'),
(434, 15, '2025-07-27', 5000.00, 0, '2025-06-27 18:52:43', '2025-06-27 18:52:43'),
(435, 16, '2025-06-27', 3000.00, 1, '2025-06-27 18:55:33', '2025-06-27 18:56:46'),
(436, 16, '2025-06-28', 3000.00, 1, '2025-06-27 18:55:33', '2025-06-27 18:56:55'),
(437, 16, '2025-06-29', 3000.00, 0, '2025-06-27 18:55:33', '2025-06-27 18:55:33'),
(438, 16, '2025-06-30', 3000.00, 0, '2025-06-27 18:55:33', '2025-06-27 18:55:33'),
(439, 16, '2025-07-01', 3000.00, 0, '2025-06-27 18:55:33', '2025-06-27 18:55:33'),
(440, 16, '2025-07-02', 3000.00, 0, '2025-06-27 18:55:33', '2025-06-27 18:55:33'),
(441, 16, '2025-07-03', 3000.00, 0, '2025-06-27 18:55:33', '2025-06-27 18:55:33'),
(442, 16, '2025-07-04', 3000.00, 0, '2025-06-27 18:55:33', '2025-06-27 18:55:33'),
(443, 16, '2025-07-05', 3000.00, 0, '2025-06-27 18:55:33', '2025-06-27 18:55:33'),
(444, 16, '2025-07-06', 3000.00, 0, '2025-06-27 18:55:33', '2025-06-27 18:55:33'),
(445, 16, '2025-07-07', 3000.00, 0, '2025-06-27 18:55:33', '2025-06-27 18:55:33'),
(446, 16, '2025-07-08', 3000.00, 0, '2025-06-27 18:55:33', '2025-06-27 18:55:33'),
(447, 16, '2025-07-09', 3000.00, 0, '2025-06-27 18:55:33', '2025-06-27 18:55:33'),
(448, 16, '2025-07-10', 3000.00, 0, '2025-06-27 18:55:33', '2025-06-27 18:55:33'),
(449, 16, '2025-07-11', 3000.00, 0, '2025-06-27 18:55:33', '2025-06-27 18:55:33'),
(450, 16, '2025-07-12', 3000.00, 0, '2025-06-27 18:55:33', '2025-06-27 18:55:33'),
(451, 16, '2025-07-13', 3000.00, 0, '2025-06-27 18:55:33', '2025-06-27 18:55:33'),
(452, 16, '2025-07-14', 3000.00, 0, '2025-06-27 18:55:33', '2025-06-27 18:55:33'),
(453, 16, '2025-07-15', 3000.00, 0, '2025-06-27 18:55:33', '2025-06-27 18:55:33'),
(454, 16, '2025-07-16', 3000.00, 0, '2025-06-27 18:55:33', '2025-06-27 18:55:33'),
(455, 16, '2025-07-17', 3000.00, 0, '2025-06-27 18:55:33', '2025-06-27 18:55:33'),
(456, 16, '2025-07-18', 3000.00, 0, '2025-06-27 18:55:33', '2025-06-27 18:55:33'),
(457, 16, '2025-07-19', 3000.00, 0, '2025-06-27 18:55:33', '2025-06-27 18:55:33'),
(458, 16, '2025-07-20', 3000.00, 0, '2025-06-27 18:55:33', '2025-06-27 18:55:33'),
(459, 16, '2025-07-21', 3000.00, 0, '2025-06-27 18:55:33', '2025-06-27 18:55:33'),
(460, 16, '2025-07-22', 3000.00, 0, '2025-06-27 18:55:33', '2025-06-27 18:55:33'),
(461, 16, '2025-07-23', 3000.00, 0, '2025-06-27 18:55:33', '2025-06-27 18:55:33'),
(462, 16, '2025-07-24', 3000.00, 0, '2025-06-27 18:55:33', '2025-06-27 18:55:33'),
(463, 16, '2025-07-25', 3000.00, 0, '2025-06-27 18:55:33', '2025-06-27 18:55:33'),
(464, 16, '2025-07-26', 3000.00, 0, '2025-06-27 18:55:33', '2025-06-27 18:55:33'),
(465, 16, '2025-07-27', 3000.00, 0, '2025-06-27 18:55:33', '2025-06-27 18:55:33'),
(466, 17, '2025-06-28', 5000.00, 1, '2025-06-28 16:20:41', '2025-06-28 16:40:34'),
(467, 17, '2025-06-29', 5000.00, 0, '2025-06-28 16:20:41', '2025-06-28 16:20:41'),
(468, 17, '2025-06-30', 5000.00, 0, '2025-06-28 16:20:41', '2025-06-28 16:20:41'),
(469, 17, '2025-07-01', 5000.00, 0, '2025-06-28 16:20:41', '2025-06-28 16:20:41'),
(470, 17, '2025-07-02', 5000.00, 0, '2025-06-28 16:20:41', '2025-06-28 16:20:41'),
(471, 17, '2025-07-03', 5000.00, 0, '2025-06-28 16:20:41', '2025-06-28 16:20:41'),
(472, 17, '2025-07-04', 5000.00, 0, '2025-06-28 16:20:41', '2025-06-28 16:20:41'),
(473, 17, '2025-07-05', 5000.00, 0, '2025-06-28 16:20:41', '2025-06-28 16:20:41'),
(474, 17, '2025-07-06', 5000.00, 0, '2025-06-28 16:20:41', '2025-06-28 16:20:41'),
(475, 17, '2025-07-07', 5000.00, 0, '2025-06-28 16:20:41', '2025-06-28 16:20:41'),
(476, 17, '2025-07-08', 5000.00, 0, '2025-06-28 16:20:41', '2025-06-28 16:20:41'),
(477, 17, '2025-07-09', 5000.00, 0, '2025-06-28 16:20:41', '2025-06-28 16:20:41'),
(478, 17, '2025-07-10', 5000.00, 0, '2025-06-28 16:20:41', '2025-06-28 16:20:41'),
(479, 17, '2025-07-11', 5000.00, 0, '2025-06-28 16:20:41', '2025-06-28 16:20:41'),
(480, 17, '2025-07-12', 5000.00, 0, '2025-06-28 16:20:41', '2025-06-28 16:20:41'),
(481, 17, '2025-07-13', 5000.00, 0, '2025-06-28 16:20:41', '2025-06-28 16:20:41'),
(482, 17, '2025-07-14', 5000.00, 0, '2025-06-28 16:20:41', '2025-06-28 16:20:41'),
(483, 17, '2025-07-15', 5000.00, 0, '2025-06-28 16:20:41', '2025-06-28 16:20:41'),
(484, 17, '2025-07-16', 5000.00, 0, '2025-06-28 16:20:41', '2025-06-28 16:20:41'),
(485, 17, '2025-07-17', 5000.00, 0, '2025-06-28 16:20:41', '2025-06-28 16:20:41'),
(486, 17, '2025-07-18', 5000.00, 0, '2025-06-28 16:20:41', '2025-06-28 16:20:41'),
(487, 17, '2025-07-19', 5000.00, 0, '2025-06-28 16:20:41', '2025-06-28 16:20:41'),
(488, 17, '2025-07-20', 5000.00, 0, '2025-06-28 16:20:41', '2025-06-28 16:20:41'),
(489, 17, '2025-07-21', 5000.00, 0, '2025-06-28 16:20:41', '2025-06-28 16:20:41'),
(490, 17, '2025-07-22', 5000.00, 0, '2025-06-28 16:20:41', '2025-06-28 16:20:41'),
(491, 17, '2025-07-23', 5000.00, 0, '2025-06-28 16:20:41', '2025-06-28 16:20:41'),
(492, 17, '2025-07-24', 5000.00, 0, '2025-06-28 16:20:41', '2025-06-28 16:20:41'),
(493, 17, '2025-07-25', 5000.00, 0, '2025-06-28 16:20:41', '2025-06-28 16:20:41'),
(494, 17, '2025-07-26', 5000.00, 0, '2025-06-28 16:20:41', '2025-06-28 16:20:41'),
(495, 17, '2025-07-27', 5000.00, 0, '2025-06-28 16:20:41', '2025-06-28 16:20:41'),
(496, 17, '2025-07-28', 5000.00, 0, '2025-06-28 16:20:41', '2025-06-28 16:20:41'),
(497, 18, '2025-07-01', 5000.00, 0, '2025-07-01 14:11:29', '2025-07-01 14:11:29'),
(498, 18, '2025-07-02', 5000.00, 0, '2025-07-01 14:11:29', '2025-07-01 14:11:29'),
(499, 18, '2025-07-03', 5000.00, 0, '2025-07-01 14:11:29', '2025-07-01 14:11:29'),
(500, 18, '2025-07-04', 5000.00, 0, '2025-07-01 14:11:29', '2025-07-01 14:11:29'),
(501, 18, '2025-07-05', 5000.00, 0, '2025-07-01 14:11:29', '2025-07-01 14:11:29'),
(502, 18, '2025-07-06', 5000.00, 0, '2025-07-01 14:11:29', '2025-07-01 14:11:29'),
(503, 18, '2025-07-07', 5000.00, 0, '2025-07-01 14:11:29', '2025-07-01 14:11:29'),
(504, 18, '2025-07-08', 5000.00, 0, '2025-07-01 14:11:29', '2025-07-01 14:11:29'),
(505, 18, '2025-07-09', 5000.00, 0, '2025-07-01 14:11:29', '2025-07-01 14:11:29'),
(506, 18, '2025-07-10', 5000.00, 0, '2025-07-01 14:11:29', '2025-07-01 14:11:29'),
(507, 18, '2025-07-11', 5000.00, 0, '2025-07-01 14:11:29', '2025-07-01 14:11:29'),
(508, 18, '2025-07-12', 5000.00, 0, '2025-07-01 14:11:29', '2025-07-01 14:11:29'),
(509, 18, '2025-07-13', 5000.00, 0, '2025-07-01 14:11:29', '2025-07-01 14:11:29'),
(510, 18, '2025-07-14', 5000.00, 0, '2025-07-01 14:11:29', '2025-07-01 14:11:29'),
(511, 18, '2025-07-15', 5000.00, 0, '2025-07-01 14:11:29', '2025-07-01 14:11:29'),
(512, 18, '2025-07-16', 5000.00, 0, '2025-07-01 14:11:29', '2025-07-01 14:11:29'),
(513, 18, '2025-07-17', 5000.00, 0, '2025-07-01 14:11:29', '2025-07-01 14:11:29'),
(514, 18, '2025-07-18', 5000.00, 0, '2025-07-01 14:11:29', '2025-07-01 14:11:29'),
(515, 18, '2025-07-19', 5000.00, 0, '2025-07-01 14:11:29', '2025-07-01 14:11:29'),
(516, 18, '2025-07-20', 5000.00, 0, '2025-07-01 14:11:29', '2025-07-01 14:11:29'),
(517, 18, '2025-07-21', 5000.00, 0, '2025-07-01 14:11:29', '2025-07-01 14:11:29'),
(518, 18, '2025-07-22', 5000.00, 0, '2025-07-01 14:11:29', '2025-07-01 14:11:29'),
(519, 18, '2025-07-23', 5000.00, 0, '2025-07-01 14:11:29', '2025-07-01 14:11:29'),
(520, 18, '2025-07-24', 5000.00, 0, '2025-07-01 14:11:29', '2025-07-01 14:11:29'),
(521, 18, '2025-07-25', 5000.00, 0, '2025-07-01 14:11:29', '2025-07-01 14:11:29'),
(522, 18, '2025-07-26', 5000.00, 0, '2025-07-01 14:11:29', '2025-07-01 14:11:29'),
(523, 18, '2025-07-27', 5000.00, 0, '2025-07-01 14:11:29', '2025-07-01 14:11:29'),
(524, 18, '2025-07-28', 5000.00, 0, '2025-07-01 14:11:29', '2025-07-01 14:11:29'),
(525, 18, '2025-07-29', 5000.00, 0, '2025-07-01 14:11:29', '2025-07-01 14:11:29'),
(526, 18, '2025-07-30', 5000.00, 0, '2025-07-01 14:11:29', '2025-07-01 14:11:29'),
(527, 18, '2025-07-31', 5000.00, 0, '2025-07-01 14:11:29', '2025-07-01 14:11:29'),
(528, 19, '2025-07-01', 5000.00, 0, '2025-07-01 14:18:31', '2025-07-01 14:18:31'),
(529, 19, '2025-07-02', 5000.00, 0, '2025-07-01 14:18:31', '2025-07-01 14:18:31'),
(530, 19, '2025-07-03', 5000.00, 0, '2025-07-01 14:18:31', '2025-07-01 14:18:31'),
(531, 19, '2025-07-04', 5000.00, 0, '2025-07-01 14:18:31', '2025-07-01 14:18:31'),
(532, 19, '2025-07-05', 5000.00, 0, '2025-07-01 14:18:31', '2025-07-01 14:18:31'),
(533, 19, '2025-07-06', 5000.00, 0, '2025-07-01 14:18:31', '2025-07-01 14:18:31'),
(534, 19, '2025-07-07', 5000.00, 0, '2025-07-01 14:18:31', '2025-07-01 14:18:31'),
(535, 19, '2025-07-08', 5000.00, 0, '2025-07-01 14:18:31', '2025-07-01 14:18:31'),
(536, 19, '2025-07-09', 5000.00, 0, '2025-07-01 14:18:31', '2025-07-01 14:18:31'),
(537, 19, '2025-07-10', 5000.00, 0, '2025-07-01 14:18:31', '2025-07-01 14:18:31'),
(538, 19, '2025-07-11', 5000.00, 0, '2025-07-01 14:18:31', '2025-07-01 14:18:31'),
(539, 19, '2025-07-12', 5000.00, 0, '2025-07-01 14:18:31', '2025-07-01 14:18:31'),
(540, 19, '2025-07-13', 5000.00, 0, '2025-07-01 14:18:31', '2025-07-01 14:18:31'),
(541, 19, '2025-07-14', 5000.00, 0, '2025-07-01 14:18:31', '2025-07-01 14:18:31'),
(542, 19, '2025-07-15', 5000.00, 0, '2025-07-01 14:18:31', '2025-07-01 14:18:31'),
(543, 19, '2025-07-16', 5000.00, 0, '2025-07-01 14:18:31', '2025-07-01 14:18:31'),
(544, 19, '2025-07-17', 5000.00, 0, '2025-07-01 14:18:31', '2025-07-01 14:18:31'),
(545, 19, '2025-07-18', 5000.00, 0, '2025-07-01 14:18:31', '2025-07-01 14:18:31'),
(546, 19, '2025-07-19', 5000.00, 0, '2025-07-01 14:18:31', '2025-07-01 14:18:31'),
(547, 19, '2025-07-20', 5000.00, 0, '2025-07-01 14:18:31', '2025-07-01 14:18:31'),
(548, 19, '2025-07-21', 5000.00, 0, '2025-07-01 14:18:31', '2025-07-01 14:18:31'),
(549, 19, '2025-07-22', 5000.00, 0, '2025-07-01 14:18:31', '2025-07-01 14:18:31'),
(550, 19, '2025-07-23', 5000.00, 0, '2025-07-01 14:18:31', '2025-07-01 14:18:31'),
(551, 19, '2025-07-24', 5000.00, 0, '2025-07-01 14:18:31', '2025-07-01 14:18:31'),
(552, 19, '2025-07-25', 5000.00, 0, '2025-07-01 14:18:31', '2025-07-01 14:18:31'),
(553, 19, '2025-07-26', 5000.00, 0, '2025-07-01 14:18:31', '2025-07-01 14:18:31'),
(554, 19, '2025-07-27', 5000.00, 0, '2025-07-01 14:18:31', '2025-07-01 14:18:31'),
(555, 19, '2025-07-28', 5000.00, 0, '2025-07-01 14:18:31', '2025-07-01 14:18:31'),
(556, 19, '2025-07-29', 5000.00, 0, '2025-07-01 14:18:31', '2025-07-01 14:18:31'),
(557, 19, '2025-07-30', 5000.00, 0, '2025-07-01 14:18:31', '2025-07-01 14:18:31'),
(558, 19, '2025-07-31', 5000.00, 0, '2025-07-01 14:18:31', '2025-07-01 14:18:31'),
(559, 20, '2025-07-01', 5000.00, 0, '2025-07-01 14:41:19', '2025-07-01 14:41:19'),
(560, 20, '2025-07-02', 5000.00, 0, '2025-07-01 14:41:19', '2025-07-01 14:41:19'),
(561, 20, '2025-07-03', 5000.00, 0, '2025-07-01 14:41:19', '2025-07-01 14:41:19'),
(562, 20, '2025-07-04', 5000.00, 0, '2025-07-01 14:41:19', '2025-07-01 14:41:19'),
(563, 20, '2025-07-05', 5000.00, 0, '2025-07-01 14:41:19', '2025-07-01 14:41:19'),
(564, 20, '2025-07-06', 5000.00, 0, '2025-07-01 14:41:19', '2025-07-01 14:41:19'),
(565, 20, '2025-07-07', 5000.00, 0, '2025-07-01 14:41:19', '2025-07-01 14:41:19'),
(566, 20, '2025-07-08', 5000.00, 0, '2025-07-01 14:41:19', '2025-07-01 14:41:19'),
(567, 20, '2025-07-09', 5000.00, 0, '2025-07-01 14:41:19', '2025-07-01 14:41:19'),
(568, 20, '2025-07-10', 5000.00, 0, '2025-07-01 14:41:19', '2025-07-01 14:41:19'),
(569, 20, '2025-07-11', 5000.00, 0, '2025-07-01 14:41:19', '2025-07-01 14:41:19'),
(570, 20, '2025-07-12', 5000.00, 0, '2025-07-01 14:41:19', '2025-07-01 14:41:19'),
(571, 20, '2025-07-13', 5000.00, 0, '2025-07-01 14:41:19', '2025-07-01 14:41:19'),
(572, 20, '2025-07-14', 5000.00, 0, '2025-07-01 14:41:19', '2025-07-01 14:41:19'),
(573, 20, '2025-07-15', 5000.00, 0, '2025-07-01 14:41:19', '2025-07-01 14:41:19'),
(574, 20, '2025-07-16', 5000.00, 0, '2025-07-01 14:41:19', '2025-07-01 14:41:19'),
(575, 20, '2025-07-17', 5000.00, 0, '2025-07-01 14:41:19', '2025-07-01 14:41:19'),
(576, 20, '2025-07-18', 5000.00, 0, '2025-07-01 14:41:19', '2025-07-01 14:41:19'),
(577, 20, '2025-07-19', 5000.00, 0, '2025-07-01 14:41:19', '2025-07-01 14:41:19'),
(578, 20, '2025-07-20', 5000.00, 0, '2025-07-01 14:41:19', '2025-07-01 14:41:19'),
(579, 20, '2025-07-21', 5000.00, 0, '2025-07-01 14:41:19', '2025-07-01 14:41:19'),
(580, 20, '2025-07-22', 5000.00, 0, '2025-07-01 14:41:19', '2025-07-01 14:41:19'),
(581, 20, '2025-07-23', 5000.00, 0, '2025-07-01 14:41:19', '2025-07-01 14:41:19'),
(582, 20, '2025-07-24', 5000.00, 0, '2025-07-01 14:41:19', '2025-07-01 14:41:19'),
(583, 20, '2025-07-25', 5000.00, 0, '2025-07-01 14:41:19', '2025-07-01 14:41:19'),
(584, 20, '2025-07-26', 5000.00, 0, '2025-07-01 14:41:19', '2025-07-01 14:41:19'),
(585, 20, '2025-07-27', 5000.00, 0, '2025-07-01 14:41:19', '2025-07-01 14:41:19'),
(586, 20, '2025-07-28', 5000.00, 0, '2025-07-01 14:41:19', '2025-07-01 14:41:19'),
(587, 20, '2025-07-29', 5000.00, 0, '2025-07-01 14:41:19', '2025-07-01 14:41:19'),
(588, 20, '2025-07-30', 5000.00, 0, '2025-07-01 14:41:19', '2025-07-01 14:41:19'),
(589, 20, '2025-07-31', 5000.00, 0, '2025-07-01 14:41:19', '2025-07-01 14:41:19'),
(590, 21, '2025-07-01', 1000.00, 0, '2025-07-01 16:15:32', '2025-07-01 16:38:17'),
(591, 21, '2025-07-02', 1000.00, 0, '2025-07-01 16:15:32', '2025-07-01 16:15:32'),
(592, 21, '2025-07-03', 1000.00, 0, '2025-07-01 16:15:32', '2025-07-01 16:15:32'),
(593, 21, '2025-07-04', 1000.00, 0, '2025-07-01 16:15:32', '2025-07-01 16:15:32'),
(594, 21, '2025-07-05', 1000.00, 0, '2025-07-01 16:15:32', '2025-07-01 16:15:32'),
(595, 21, '2025-07-06', 1000.00, 0, '2025-07-01 16:15:32', '2025-07-01 16:15:32'),
(596, 21, '2025-07-07', 1000.00, 0, '2025-07-01 16:15:32', '2025-07-01 16:15:32'),
(597, 21, '2025-07-08', 1000.00, 0, '2025-07-01 16:15:32', '2025-07-01 16:15:32'),
(598, 21, '2025-07-09', 1000.00, 0, '2025-07-01 16:15:32', '2025-07-01 16:15:32'),
(599, 21, '2025-07-10', 1000.00, 0, '2025-07-01 16:15:32', '2025-07-01 16:15:32'),
(600, 21, '2025-07-11', 1000.00, 0, '2025-07-01 16:15:32', '2025-07-01 16:15:32'),
(601, 21, '2025-07-12', 1000.00, 0, '2025-07-01 16:15:32', '2025-07-01 16:15:32'),
(602, 21, '2025-07-13', 1000.00, 0, '2025-07-01 16:15:32', '2025-07-01 16:15:32'),
(603, 21, '2025-07-14', 1000.00, 0, '2025-07-01 16:15:32', '2025-07-01 16:15:32'),
(604, 21, '2025-07-15', 1000.00, 0, '2025-07-01 16:15:32', '2025-07-01 16:15:32'),
(605, 21, '2025-07-16', 1000.00, 0, '2025-07-01 16:15:32', '2025-07-01 16:15:32'),
(606, 21, '2025-07-17', 1000.00, 0, '2025-07-01 16:15:32', '2025-07-01 16:15:32'),
(607, 21, '2025-07-18', 1000.00, 0, '2025-07-01 16:15:32', '2025-07-01 16:15:32'),
(608, 21, '2025-07-19', 1000.00, 0, '2025-07-01 16:15:32', '2025-07-01 16:15:32'),
(609, 21, '2025-07-20', 1000.00, 0, '2025-07-01 16:15:32', '2025-07-01 16:15:32'),
(610, 21, '2025-07-21', 1000.00, 0, '2025-07-01 16:15:32', '2025-07-01 16:15:32'),
(611, 21, '2025-07-22', 1000.00, 0, '2025-07-01 16:15:32', '2025-07-01 16:15:32'),
(612, 21, '2025-07-23', 1000.00, 0, '2025-07-01 16:15:32', '2025-07-01 16:15:32'),
(613, 21, '2025-07-24', 1000.00, 0, '2025-07-01 16:15:32', '2025-07-01 16:15:32'),
(614, 21, '2025-07-25', 1000.00, 0, '2025-07-01 16:15:32', '2025-07-01 16:15:32'),
(615, 21, '2025-07-26', 1000.00, 0, '2025-07-01 16:15:32', '2025-07-01 16:15:32'),
(616, 21, '2025-07-27', 1000.00, 0, '2025-07-01 16:15:32', '2025-07-01 16:15:32'),
(617, 21, '2025-07-28', 1000.00, 0, '2025-07-01 16:15:32', '2025-07-01 16:15:32'),
(618, 21, '2025-07-29', 1000.00, 0, '2025-07-01 16:15:32', '2025-07-01 16:15:32');
INSERT INTO `daily_contributions` (`id`, `membership_card_id`, `contribution_date`, `amount`, `is_paid`, `created_at`, `updated_at`) VALUES
(619, 21, '2025-07-30', 1000.00, 0, '2025-07-01 16:15:32', '2025-07-01 16:15:32'),
(620, 21, '2025-07-31', 1000.00, 0, '2025-07-01 16:15:32', '2025-07-01 16:15:32'),
(621, 22, '2025-07-01', 10000.00, 0, '2025-07-01 17:57:27', '2025-07-01 17:57:27'),
(622, 22, '2025-07-02', 10000.00, 0, '2025-07-01 17:57:27', '2025-07-01 17:57:27'),
(623, 22, '2025-07-03', 10000.00, 0, '2025-07-01 17:57:27', '2025-07-01 17:57:27'),
(624, 22, '2025-07-04', 10000.00, 0, '2025-07-01 17:57:27', '2025-07-01 17:57:27'),
(625, 22, '2025-07-05', 10000.00, 0, '2025-07-01 17:57:27', '2025-07-01 17:57:27'),
(626, 22, '2025-07-06', 10000.00, 0, '2025-07-01 17:57:27', '2025-07-01 17:57:27'),
(627, 22, '2025-07-07', 10000.00, 0, '2025-07-01 17:57:27', '2025-07-01 17:57:27'),
(628, 22, '2025-07-08', 10000.00, 0, '2025-07-01 17:57:27', '2025-07-01 17:57:27'),
(629, 22, '2025-07-09', 10000.00, 0, '2025-07-01 17:57:27', '2025-07-01 17:57:27'),
(630, 22, '2025-07-10', 10000.00, 0, '2025-07-01 17:57:27', '2025-07-01 17:57:27'),
(631, 22, '2025-07-11', 10000.00, 0, '2025-07-01 17:57:27', '2025-07-01 17:57:27'),
(632, 22, '2025-07-12', 10000.00, 0, '2025-07-01 17:57:27', '2025-07-01 17:57:27'),
(633, 22, '2025-07-13', 10000.00, 0, '2025-07-01 17:57:27', '2025-07-01 17:57:27'),
(634, 22, '2025-07-14', 10000.00, 0, '2025-07-01 17:57:27', '2025-07-01 17:57:27'),
(635, 22, '2025-07-15', 10000.00, 0, '2025-07-01 17:57:27', '2025-07-01 17:57:27'),
(636, 22, '2025-07-16', 10000.00, 0, '2025-07-01 17:57:27', '2025-07-01 17:57:27'),
(637, 22, '2025-07-17', 10000.00, 0, '2025-07-01 17:57:27', '2025-07-01 17:57:27'),
(638, 22, '2025-07-18', 10000.00, 0, '2025-07-01 17:57:27', '2025-07-01 17:57:27'),
(639, 22, '2025-07-19', 10000.00, 0, '2025-07-01 17:57:27', '2025-07-01 17:57:27'),
(640, 22, '2025-07-20', 10000.00, 0, '2025-07-01 17:57:27', '2025-07-01 17:57:27'),
(641, 22, '2025-07-21', 10000.00, 0, '2025-07-01 17:57:27', '2025-07-01 17:57:27'),
(642, 22, '2025-07-22', 10000.00, 0, '2025-07-01 17:57:27', '2025-07-01 17:57:27'),
(643, 22, '2025-07-23', 10000.00, 0, '2025-07-01 17:57:27', '2025-07-01 17:57:27'),
(644, 22, '2025-07-24', 10000.00, 0, '2025-07-01 17:57:27', '2025-07-01 17:57:27'),
(645, 22, '2025-07-25', 10000.00, 0, '2025-07-01 17:57:27', '2025-07-01 17:57:27'),
(646, 22, '2025-07-26', 10000.00, 0, '2025-07-01 17:57:27', '2025-07-01 17:57:27'),
(647, 22, '2025-07-27', 10000.00, 0, '2025-07-01 17:57:27', '2025-07-01 17:57:27'),
(648, 22, '2025-07-28', 10000.00, 0, '2025-07-01 17:57:27', '2025-07-01 17:57:27'),
(649, 22, '2025-07-29', 10000.00, 0, '2025-07-01 17:57:27', '2025-07-01 17:57:27'),
(650, 22, '2025-07-30', 10000.00, 0, '2025-07-01 17:57:27', '2025-07-01 17:57:27'),
(651, 22, '2025-07-31', 10000.00, 0, '2025-07-01 17:57:27', '2025-07-01 17:57:27'),
(652, 23, '2025-07-01', 2000.00, 0, '2025-07-01 17:58:30', '2025-07-01 17:58:30'),
(653, 23, '2025-07-02', 2000.00, 0, '2025-07-01 17:58:30', '2025-07-01 17:58:30'),
(654, 23, '2025-07-03', 2000.00, 0, '2025-07-01 17:58:30', '2025-07-01 17:58:30'),
(655, 23, '2025-07-04', 2000.00, 0, '2025-07-01 17:58:30', '2025-07-01 17:58:30'),
(656, 23, '2025-07-05', 2000.00, 0, '2025-07-01 17:58:30', '2025-07-01 17:58:30'),
(657, 23, '2025-07-06', 2000.00, 0, '2025-07-01 17:58:30', '2025-07-01 17:58:30'),
(658, 23, '2025-07-07', 2000.00, 0, '2025-07-01 17:58:30', '2025-07-01 17:58:30'),
(659, 23, '2025-07-08', 2000.00, 0, '2025-07-01 17:58:30', '2025-07-01 17:58:30'),
(660, 23, '2025-07-09', 2000.00, 0, '2025-07-01 17:58:30', '2025-07-01 17:58:30'),
(661, 23, '2025-07-10', 2000.00, 0, '2025-07-01 17:58:30', '2025-07-01 17:58:30'),
(662, 23, '2025-07-11', 2000.00, 0, '2025-07-01 17:58:30', '2025-07-01 17:58:30'),
(663, 23, '2025-07-12', 2000.00, 0, '2025-07-01 17:58:30', '2025-07-01 17:58:30'),
(664, 23, '2025-07-13', 2000.00, 0, '2025-07-01 17:58:30', '2025-07-01 17:58:30'),
(665, 23, '2025-07-14', 2000.00, 0, '2025-07-01 17:58:30', '2025-07-01 17:58:30'),
(666, 23, '2025-07-15', 2000.00, 0, '2025-07-01 17:58:30', '2025-07-01 17:58:30'),
(667, 23, '2025-07-16', 2000.00, 0, '2025-07-01 17:58:30', '2025-07-01 17:58:30'),
(668, 23, '2025-07-17', 2000.00, 0, '2025-07-01 17:58:30', '2025-07-01 17:58:30'),
(669, 23, '2025-07-18', 2000.00, 0, '2025-07-01 17:58:30', '2025-07-01 17:58:30'),
(670, 23, '2025-07-19', 2000.00, 0, '2025-07-01 17:58:30', '2025-07-01 17:58:30'),
(671, 23, '2025-07-20', 2000.00, 0, '2025-07-01 17:58:30', '2025-07-01 17:58:30'),
(672, 23, '2025-07-21', 2000.00, 0, '2025-07-01 17:58:30', '2025-07-01 17:58:30'),
(673, 23, '2025-07-22', 2000.00, 0, '2025-07-01 17:58:30', '2025-07-01 17:58:30'),
(674, 23, '2025-07-23', 2000.00, 0, '2025-07-01 17:58:30', '2025-07-01 17:58:30'),
(675, 23, '2025-07-24', 2000.00, 0, '2025-07-01 17:58:30', '2025-07-01 17:58:30'),
(676, 23, '2025-07-25', 2000.00, 0, '2025-07-01 17:58:30', '2025-07-01 17:58:30'),
(677, 23, '2025-07-26', 2000.00, 0, '2025-07-01 17:58:30', '2025-07-01 17:58:30'),
(678, 23, '2025-07-27', 2000.00, 0, '2025-07-01 17:58:30', '2025-07-01 17:58:30'),
(679, 23, '2025-07-28', 2000.00, 0, '2025-07-01 17:58:30', '2025-07-01 17:58:30'),
(680, 23, '2025-07-29', 2000.00, 0, '2025-07-01 17:58:30', '2025-07-01 17:58:30'),
(681, 23, '2025-07-30', 2000.00, 0, '2025-07-01 17:58:30', '2025-07-01 17:58:30'),
(682, 23, '2025-07-31', 2000.00, 0, '2025-07-01 17:58:30', '2025-07-01 17:58:30'),
(683, 24, '2025-07-01', 5000.00, 0, '2025-07-01 17:59:24', '2025-07-01 17:59:24'),
(684, 24, '2025-07-02', 5000.00, 0, '2025-07-01 17:59:24', '2025-07-01 17:59:24'),
(685, 24, '2025-07-03', 5000.00, 0, '2025-07-01 17:59:24', '2025-07-01 17:59:24'),
(686, 24, '2025-07-04', 5000.00, 0, '2025-07-01 17:59:24', '2025-07-01 17:59:24'),
(687, 24, '2025-07-05', 5000.00, 0, '2025-07-01 17:59:24', '2025-07-01 17:59:24'),
(688, 24, '2025-07-06', 5000.00, 0, '2025-07-01 17:59:24', '2025-07-01 17:59:24'),
(689, 24, '2025-07-07', 5000.00, 0, '2025-07-01 17:59:24', '2025-07-01 17:59:24'),
(690, 24, '2025-07-08', 5000.00, 0, '2025-07-01 17:59:24', '2025-07-01 17:59:24'),
(691, 24, '2025-07-09', 5000.00, 0, '2025-07-01 17:59:24', '2025-07-01 17:59:24'),
(692, 24, '2025-07-10', 5000.00, 0, '2025-07-01 17:59:24', '2025-07-01 17:59:24'),
(693, 24, '2025-07-11', 5000.00, 0, '2025-07-01 17:59:24', '2025-07-01 17:59:24'),
(694, 24, '2025-07-12', 5000.00, 0, '2025-07-01 17:59:24', '2025-07-01 17:59:24'),
(695, 24, '2025-07-13', 5000.00, 0, '2025-07-01 17:59:24', '2025-07-01 17:59:24'),
(696, 24, '2025-07-14', 5000.00, 0, '2025-07-01 17:59:24', '2025-07-01 17:59:24'),
(697, 24, '2025-07-15', 5000.00, 0, '2025-07-01 17:59:24', '2025-07-01 17:59:24'),
(698, 24, '2025-07-16', 5000.00, 0, '2025-07-01 17:59:24', '2025-07-01 17:59:24'),
(699, 24, '2025-07-17', 5000.00, 0, '2025-07-01 17:59:24', '2025-07-01 17:59:24'),
(700, 24, '2025-07-18', 5000.00, 0, '2025-07-01 17:59:24', '2025-07-01 17:59:24'),
(701, 24, '2025-07-19', 5000.00, 0, '2025-07-01 17:59:24', '2025-07-01 17:59:24'),
(702, 24, '2025-07-20', 5000.00, 0, '2025-07-01 17:59:24', '2025-07-01 17:59:24'),
(703, 24, '2025-07-21', 5000.00, 0, '2025-07-01 17:59:24', '2025-07-01 17:59:24'),
(704, 24, '2025-07-22', 5000.00, 0, '2025-07-01 17:59:24', '2025-07-01 17:59:24'),
(705, 24, '2025-07-23', 5000.00, 0, '2025-07-01 17:59:24', '2025-07-01 17:59:24'),
(706, 24, '2025-07-24', 5000.00, 0, '2025-07-01 17:59:24', '2025-07-01 17:59:24'),
(707, 24, '2025-07-25', 5000.00, 0, '2025-07-01 17:59:24', '2025-07-01 17:59:24'),
(708, 24, '2025-07-26', 5000.00, 0, '2025-07-01 17:59:24', '2025-07-01 17:59:24'),
(709, 24, '2025-07-27', 5000.00, 0, '2025-07-01 17:59:24', '2025-07-01 17:59:24'),
(710, 24, '2025-07-28', 5000.00, 0, '2025-07-01 17:59:24', '2025-07-01 17:59:24'),
(711, 24, '2025-07-29', 5000.00, 0, '2025-07-01 17:59:24', '2025-07-01 17:59:24'),
(712, 24, '2025-07-30', 5000.00, 0, '2025-07-01 17:59:24', '2025-07-01 17:59:24'),
(713, 24, '2025-07-31', 5000.00, 0, '2025-07-01 17:59:24', '2025-07-01 17:59:24'),
(714, 25, '2025-07-15', 10000.00, 1, '2025-07-15 10:34:23', '2025-07-15 10:36:09'),
(715, 25, '2025-07-16', 10000.00, 1, '2025-07-15 10:34:23', '2025-07-15 10:36:09'),
(716, 25, '2025-07-17', 10000.00, 1, '2025-07-15 10:34:23', '2025-07-15 10:36:09'),
(717, 25, '2025-07-18', 10000.00, 1, '2025-07-15 10:34:23', '2025-07-15 10:36:09'),
(718, 25, '2025-07-19', 10000.00, 1, '2025-07-15 10:34:23', '2025-07-15 10:36:09'),
(719, 25, '2025-07-20', 10000.00, 1, '2025-07-15 10:34:23', '2025-07-15 10:36:09'),
(720, 25, '2025-07-21', 10000.00, 1, '2025-07-15 10:34:23', '2025-07-15 10:36:09'),
(721, 25, '2025-07-22', 10000.00, 1, '2025-07-15 10:34:23', '2025-07-15 10:36:09'),
(722, 25, '2025-07-23', 10000.00, 1, '2025-07-15 10:34:23', '2025-07-15 10:36:09'),
(723, 25, '2025-07-24', 10000.00, 1, '2025-07-15 10:34:23', '2025-07-15 10:36:09'),
(724, 25, '2025-07-25', 10000.00, 1, '2025-07-15 10:34:23', '2025-07-15 10:36:09'),
(725, 25, '2025-07-26', 10000.00, 1, '2025-07-15 10:34:23', '2025-07-15 10:36:09'),
(726, 25, '2025-07-27', 10000.00, 1, '2025-07-15 10:34:23', '2025-07-15 10:36:09'),
(727, 25, '2025-07-28', 10000.00, 1, '2025-07-15 10:34:23', '2025-07-15 10:36:09'),
(728, 25, '2025-07-29', 10000.00, 1, '2025-07-15 10:34:23', '2025-07-15 10:36:09'),
(729, 25, '2025-07-30', 10000.00, 1, '2025-07-15 10:34:23', '2025-07-15 10:36:09'),
(730, 25, '2025-07-31', 10000.00, 1, '2025-07-15 10:34:23', '2025-07-15 10:36:09'),
(731, 25, '2025-08-01', 10000.00, 1, '2025-07-15 10:34:23', '2025-07-15 10:36:09'),
(732, 25, '2025-08-02', 10000.00, 1, '2025-07-15 10:34:23', '2025-07-15 10:36:09'),
(733, 25, '2025-08-03', 10000.00, 1, '2025-07-15 10:34:23', '2025-07-15 10:36:09'),
(734, 25, '2025-08-04', 10000.00, 1, '2025-07-15 10:34:23', '2025-07-15 10:36:09'),
(735, 25, '2025-08-05', 10000.00, 1, '2025-07-15 10:34:23', '2025-07-15 10:36:09'),
(736, 25, '2025-08-06', 10000.00, 1, '2025-07-15 10:34:23', '2025-07-15 10:36:09'),
(737, 25, '2025-08-07', 10000.00, 1, '2025-07-15 10:34:23', '2025-07-15 10:36:09'),
(738, 25, '2025-08-08', 10000.00, 1, '2025-07-15 10:34:23', '2025-07-15 10:36:09'),
(739, 25, '2025-08-09', 10000.00, 1, '2025-07-15 10:34:23', '2025-07-15 10:36:09'),
(740, 25, '2025-08-10', 10000.00, 1, '2025-07-15 10:34:23', '2025-07-15 10:36:09'),
(741, 25, '2025-08-11', 10000.00, 1, '2025-07-15 10:34:23', '2025-07-15 10:36:09'),
(742, 25, '2025-08-12', 10000.00, 1, '2025-07-15 10:34:23', '2025-07-15 10:36:09'),
(743, 25, '2025-08-13', 10000.00, 1, '2025-07-15 10:34:23', '2025-07-15 10:36:09'),
(744, 25, '2025-08-14', 10000.00, 1, '2025-07-15 10:34:24', '2025-07-15 10:36:09'),
(745, 26, '2025-07-15', 10000.00, 1, '2025-07-15 11:06:45', '2025-07-15 11:08:36'),
(746, 26, '2025-07-16', 10000.00, 1, '2025-07-15 11:06:45', '2025-07-15 11:08:36'),
(747, 26, '2025-07-17', 10000.00, 1, '2025-07-15 11:06:45', '2025-07-15 11:08:36'),
(748, 26, '2025-07-18', 10000.00, 1, '2025-07-15 11:06:45', '2025-07-15 11:08:36'),
(749, 26, '2025-07-19', 10000.00, 1, '2025-07-15 11:06:45', '2025-07-15 11:08:36'),
(750, 26, '2025-07-20', 10000.00, 1, '2025-07-15 11:06:45', '2025-07-15 11:08:36'),
(751, 26, '2025-07-21', 10000.00, 1, '2025-07-15 11:06:45', '2025-07-15 11:08:36'),
(752, 26, '2025-07-22', 10000.00, 1, '2025-07-15 11:06:45', '2025-07-15 11:08:36'),
(753, 26, '2025-07-23', 10000.00, 1, '2025-07-15 11:06:45', '2025-07-15 11:08:36'),
(754, 26, '2025-07-24', 10000.00, 1, '2025-07-15 11:06:45', '2025-07-15 11:08:36'),
(755, 26, '2025-07-25', 10000.00, 1, '2025-07-15 11:06:45', '2025-07-15 11:08:36'),
(756, 26, '2025-07-26', 10000.00, 1, '2025-07-15 11:06:45', '2025-07-15 11:08:36'),
(757, 26, '2025-07-27', 10000.00, 1, '2025-07-15 11:06:46', '2025-07-15 11:08:36'),
(758, 26, '2025-07-28', 10000.00, 1, '2025-07-15 11:06:46', '2025-07-15 11:08:36'),
(759, 26, '2025-07-29', 10000.00, 1, '2025-07-15 11:06:46', '2025-07-15 11:08:36'),
(760, 26, '2025-07-30', 10000.00, 1, '2025-07-15 11:06:46', '2025-07-15 11:08:36'),
(761, 26, '2025-07-31', 10000.00, 1, '2025-07-15 11:06:46', '2025-07-15 11:08:36'),
(762, 26, '2025-08-01', 10000.00, 1, '2025-07-15 11:06:46', '2025-07-15 11:08:36'),
(763, 26, '2025-08-02', 10000.00, 1, '2025-07-15 11:06:46', '2025-07-15 11:08:36'),
(764, 26, '2025-08-03', 10000.00, 1, '2025-07-15 11:06:46', '2025-07-15 11:08:36'),
(765, 26, '2025-08-04', 10000.00, 0, '2025-07-15 11:06:46', '2025-07-15 11:06:46'),
(766, 26, '2025-08-05', 10000.00, 0, '2025-07-15 11:06:46', '2025-07-15 11:06:46'),
(767, 26, '2025-08-06', 10000.00, 0, '2025-07-15 11:06:46', '2025-07-15 11:06:46'),
(768, 26, '2025-08-07', 10000.00, 0, '2025-07-15 11:06:46', '2025-07-15 11:06:46'),
(769, 26, '2025-08-08', 10000.00, 0, '2025-07-15 11:06:46', '2025-07-15 11:06:46'),
(770, 26, '2025-08-09', 10000.00, 0, '2025-07-15 11:06:46', '2025-07-15 11:06:46'),
(771, 26, '2025-08-10', 10000.00, 0, '2025-07-15 11:06:46', '2025-07-15 11:06:46'),
(772, 26, '2025-08-11', 10000.00, 0, '2025-07-15 11:06:46', '2025-07-15 11:06:46'),
(773, 26, '2025-08-12', 10000.00, 0, '2025-07-15 11:06:46', '2025-07-15 11:06:46'),
(774, 26, '2025-08-13', 10000.00, 0, '2025-07-15 11:06:46', '2025-07-15 11:06:46'),
(775, 26, '2025-08-14', 10000.00, 0, '2025-07-15 11:06:46', '2025-07-15 11:06:46');

-- --------------------------------------------------------

--
-- Structure de la table `exchange_rates`
--

CREATE TABLE `exchange_rates` (
  `id` bigint UNSIGNED NOT NULL,
  `from_currency` varchar(3) COLLATE utf8mb4_unicode_ci NOT NULL,
  `to_currency` varchar(3) COLLATE utf8mb4_unicode_ci NOT NULL,
  `rate` decimal(20,8) NOT NULL,
  `applied_at` timestamp NULL DEFAULT NULL,
  `created_at` timestamp NULL DEFAULT NULL,
  `updated_at` timestamp NULL DEFAULT NULL
) ENGINE=InnoDB DEFAULT CHARSET=utf8mb4 COLLATE=utf8mb4_unicode_ci;

-- --------------------------------------------------------

--
-- Structure de la table `failed_jobs`
--

CREATE TABLE `failed_jobs` (
  `id` bigint UNSIGNED NOT NULL,
  `uuid` varchar(255) COLLATE utf8mb4_unicode_ci NOT NULL,
  `connection` text COLLATE utf8mb4_unicode_ci NOT NULL,
  `queue` text COLLATE utf8mb4_unicode_ci NOT NULL,
  `payload` longtext COLLATE utf8mb4_unicode_ci NOT NULL,
  `exception` longtext COLLATE utf8mb4_unicode_ci NOT NULL,
  `failed_at` timestamp NOT NULL DEFAULT CURRENT_TIMESTAMP
) ENGINE=InnoDB DEFAULT CHARSET=utf8mb4 COLLATE=utf8mb4_unicode_ci;

-- --------------------------------------------------------

--
-- Structure de la table `jobs`
--

CREATE TABLE `jobs` (
  `id` bigint UNSIGNED NOT NULL,
  `queue` varchar(255) COLLATE utf8mb4_unicode_ci NOT NULL,
  `payload` longtext COLLATE utf8mb4_unicode_ci NOT NULL,
  `attempts` tinyint UNSIGNED NOT NULL,
  `reserved_at` int UNSIGNED DEFAULT NULL,
  `available_at` int UNSIGNED NOT NULL,
  `created_at` int UNSIGNED NOT NULL
) ENGINE=InnoDB DEFAULT CHARSET=utf8mb4 COLLATE=utf8mb4_unicode_ci;

-- --------------------------------------------------------

--
-- Structure de la table `job_batches`
--

CREATE TABLE `job_batches` (
  `id` varchar(255) COLLATE utf8mb4_unicode_ci NOT NULL,
  `name` varchar(255) COLLATE utf8mb4_unicode_ci NOT NULL,
  `total_jobs` int NOT NULL,
  `pending_jobs` int NOT NULL,
  `failed_jobs` int NOT NULL,
  `failed_job_ids` longtext COLLATE utf8mb4_unicode_ci NOT NULL,
  `options` mediumtext COLLATE utf8mb4_unicode_ci,
  `cancelled_at` int DEFAULT NULL,
  `created_at` int NOT NULL,
  `finished_at` int DEFAULT NULL
) ENGINE=InnoDB DEFAULT CHARSET=utf8mb4 COLLATE=utf8mb4_unicode_ci;

-- --------------------------------------------------------

--
-- Structure de la table `main_cash_registers`
--

CREATE TABLE `main_cash_registers` (
  `id` bigint UNSIGNED NOT NULL,
  `currency` varchar(255) COLLATE utf8mb4_unicode_ci NOT NULL,
  `balance` decimal(15,2) NOT NULL DEFAULT '0.00',
  `created_at` timestamp NULL DEFAULT NULL,
  `updated_at` timestamp NULL DEFAULT NULL
) ENGINE=InnoDB DEFAULT CHARSET=utf8mb4 COLLATE=utf8mb4_unicode_ci;

--
-- Déchargement des données de la table `main_cash_registers`
--

INSERT INTO `main_cash_registers` (`id`, `currency`, `balance`, `created_at`, `updated_at`) VALUES
(1, 'USD', 500.00, '2025-05-23 22:24:23', '2025-07-15 15:56:07'),
(2, 'CDF', 946000.00, '2025-05-23 22:24:23', '2025-07-01 16:14:37');

-- --------------------------------------------------------

--
-- Structure de la table `membership_cards`
--

CREATE TABLE `membership_cards` (
  `id` bigint UNSIGNED NOT NULL,
  `code` varchar(255) COLLATE utf8mb4_unicode_ci NOT NULL,
  `member_id` bigint UNSIGNED NOT NULL,
  `currency` varchar(255) COLLATE utf8mb4_unicode_ci NOT NULL DEFAULT 'CDF',
  `price` decimal(15,2) NOT NULL,
  `subscription_amount` decimal(15,2) NOT NULL,
  `start_date` date NOT NULL DEFAULT '2025-06-26',
  `end_date` date NOT NULL DEFAULT '2025-07-26',
  `is_active` tinyint(1) NOT NULL DEFAULT '1',
  `created_at` timestamp NULL DEFAULT NULL,
  `updated_at` timestamp NULL DEFAULT NULL
) ENGINE=InnoDB DEFAULT CHARSET=utf8mb4 COLLATE=utf8mb4_unicode_ci;

--
-- Déchargement des données de la table `membership_cards`
--

INSERT INTO `membership_cards` (`id`, `code`, `member_id`, `currency`, `price`, `subscription_amount`, `start_date`, `end_date`, `is_active`, `created_at`, `updated_at`) VALUES
(1, 'CODE001', 104, 'CDF', 1000.00, 5000.00, '2025-06-26', '2025-07-26', 1, '2025-06-26 19:55:59', '2025-06-26 19:55:59'),
(2, '006/100095', 107, 'CDF', 1000.00, 10000.00, '2025-06-26', '2025-07-26', 1, '2025-06-27 09:48:30', '2025-06-27 09:48:30'),
(4, '005/100094', 105, 'CDF', 1000.00, 20000.00, '2025-06-26', '2025-07-26', 1, '2025-06-27 09:55:43', '2025-06-27 09:55:43'),
(5, '022/1000093', 106, 'CDF', 1000.00, 10000.00, '2025-06-26', '2025-07-26', 1, '2025-06-27 09:57:01', '2025-06-27 09:57:01'),
(6, '140/10001008', 108, 'CDF', 1000.00, 5000.00, '2025-06-26', '2025-07-26', 1, '2025-06-27 16:37:17', '2025-06-27 16:37:17'),
(7, '143/1000111', 112, 'CDF', 1000.00, 5000.00, '2025-06-26', '2025-07-26', 1, '2025-06-27 16:39:52', '2025-06-27 16:39:52'),
(8, '144/1000112', 110, 'CDF', 1000.00, 5000.00, '2025-06-26', '2025-07-26', 1, '2025-06-27 16:41:34', '2025-06-27 16:41:34'),
(9, '139/10001007', 109, 'CDF', 1000.00, 5000.00, '2025-06-26', '2025-07-26', 1, '2025-06-27 16:42:53', '2025-06-27 16:42:53'),
(10, '141/10001009', 111, 'CDF', 1000.00, 5000.00, '2025-06-26', '2025-07-26', 1, '2025-06-27 16:44:33', '2025-06-27 16:44:33'),
(11, '137/10001005', 115, 'CDF', 1000.00, 3000.00, '2025-06-26', '2025-07-26', 1, '2025-06-27 16:57:56', '2025-06-27 16:57:56'),
(12, '029/100037', 113, 'CDF', 1000.00, 5000.00, '2025-06-26', '2025-07-26', 1, '2025-06-27 16:58:47', '2025-06-27 16:58:47'),
(13, '142/1000110', 114, 'CDF', 1000.00, 2000.00, '2025-06-26', '2025-07-26', 1, '2025-06-27 18:45:56', '2025-06-27 18:45:56'),
(14, '138/10001006', 116, 'CDF', 1000.00, 5000.00, '2025-06-26', '2025-07-26', 1, '2025-06-27 18:49:45', '2025-06-27 18:49:45'),
(15, '017/1000113', 117, 'CDF', 1000.00, 5000.00, '2025-06-26', '2025-07-26', 1, '2025-06-27 18:52:43', '2025-06-27 18:52:43'),
(16, '011/1000101', 118, 'CDF', 1000.00, 3000.00, '2025-06-26', '2025-07-26', 1, '2025-06-27 18:55:33', '2025-06-27 18:55:33'),
(17, '031/100042', 119, 'CDF', 1000.00, 5000.00, '2025-06-26', '2025-07-26', 1, '2025-06-28 16:20:41', '2025-06-28 16:20:41'),
(18, '198/1000165', 131, 'CDF', 1000.00, 5000.00, '2025-06-26', '2025-07-26', 1, '2025-07-01 14:11:29', '2025-07-01 14:11:29'),
(19, '197/1000164', 132, 'CDF', 1000.00, 5000.00, '2025-06-26', '2025-07-26', 1, '2025-07-01 14:18:31', '2025-07-01 14:18:31'),
(20, '190/1000157', 133, 'CDF', 1000.00, 5000.00, '2025-06-26', '2025-07-26', 1, '2025-07-01 14:41:19', '2025-07-01 14:41:19'),
(21, '033/100045', 134, 'CDF', 1000.00, 1000.00, '2025-06-26', '2025-07-26', 1, '2025-07-01 16:15:32', '2025-07-01 16:15:32'),
(22, '018/1000158', 137, 'CDF', 1000.00, 10000.00, '2025-06-26', '2025-07-26', 1, '2025-07-01 17:57:27', '2025-07-01 17:57:27'),
(23, '126/100094', 135, 'CDF', 1000.00, 2000.00, '2025-06-26', '2025-07-26', 1, '2025-07-01 17:58:30', '2025-07-01 17:58:30'),
(24, '015/1000159', 136, 'CDF', 1000.00, 5000.00, '2025-06-26', '2025-07-26', 1, '2025-07-01 17:59:24', '2025-07-01 17:59:24'),
(25, '345678', 138, 'CDF', 1000.00, 10000.00, '2025-06-26', '2025-07-26', 0, '2025-07-15 10:34:23', '2025-07-15 10:37:33'),
(26, '9786453', 138, 'CDF', 1000.00, 10000.00, '2025-06-26', '2025-07-26', 0, '2025-07-15 11:06:45', '2025-07-15 11:09:04');

-- --------------------------------------------------------

--
-- Structure de la table `migrations`
--

CREATE TABLE `migrations` (
  `id` int UNSIGNED NOT NULL,
  `migration` varchar(255) COLLATE utf8mb4_unicode_ci NOT NULL,
  `batch` int NOT NULL
) ENGINE=InnoDB DEFAULT CHARSET=utf8mb4 COLLATE=utf8mb4_unicode_ci;

--
-- Déchargement des données de la table `migrations`
--

INSERT INTO `migrations` (`id`, `migration`, `batch`) VALUES
(1, '0001_01_01_000000_create_users_table', 1),
(2, '0001_01_01_000001_create_cache_table', 1),
(3, '0001_01_01_000002_create_jobs_table', 1),
(5, '2025_05_12_163941_create_subscriptions_table', 1),
(6, '2025_05_12_164108_create_contribution_books_table', 1),
(7, '2025_05_12_164156_create_contribution_lines_table', 1),
(8, '2025_05_12_164333_create_cash_registers_table', 1),
(9, '2025_05_20_222319_create_accounts_table', 1),
(10, '2025_05_20_222521_create_agent_accounts_table', 1),
(11, '2025_05_20_222522_create_credits_table', 1),
(12, '2025_05_20_222523_create_transactions_table', 1),
(13, '2025_05_20_222647_create_main_cash_registers_table', 1),
(14, '2025_05_20_223049_create_repayments_table', 1),
(15, '2025_05_20_223153_create_transferts_table', 1),
(16, '2025_05_20_223245_create_notifications_table', 1),
(17, '2025_06_22_155658_create_daily_contributions_table', 2),
(18, '2025_05_12_163849_create_membership_cards_table', 3),
(19, '2025_06_29_094036_create_permission_tables', 4),
(20, '2025_07_03_143618_create_exchange_rates_table', 5),
(21, '2025_07_05_142317_add_details_to_users_table', 5);

-- --------------------------------------------------------

--
-- Structure de la table `model_has_permissions`
--

CREATE TABLE `model_has_permissions` (
  `permission_id` bigint UNSIGNED NOT NULL,
  `model_type` varchar(255) COLLATE utf8mb4_unicode_ci NOT NULL,
  `model_id` bigint UNSIGNED NOT NULL
) ENGINE=InnoDB DEFAULT CHARSET=utf8mb4 COLLATE=utf8mb4_unicode_ci;

-- --------------------------------------------------------

--
-- Structure de la table `model_has_roles`
--

CREATE TABLE `model_has_roles` (
  `role_id` bigint UNSIGNED NOT NULL,
  `model_type` varchar(255) COLLATE utf8mb4_unicode_ci NOT NULL,
  `model_id` bigint UNSIGNED NOT NULL
) ENGINE=InnoDB DEFAULT CHARSET=utf8mb4 COLLATE=utf8mb4_unicode_ci;

--
-- Déchargement des données de la table `model_has_roles`
--

INSERT INTO `model_has_roles` (`role_id`, `model_type`, `model_id`) VALUES
(1, 'App\\Models\\User', 1),
(2, 'App\\Models\\User', 2),
(5, 'App\\Models\\User', 9),
(5, 'App\\Models\\User', 10),
(5, 'App\\Models\\User', 12),
(5, 'App\\Models\\User', 13),
(5, 'App\\Models\\User', 14),
(5, 'App\\Models\\User', 15),
(5, 'App\\Models\\User', 16),
(5, 'App\\Models\\User', 17),
(5, 'App\\Models\\User', 18),
(5, 'App\\Models\\User', 19),
(4, 'App\\Models\\User', 20),
(3, 'App\\Models\\User', 21),
(5, 'App\\Models\\User', 22),
(5, 'App\\Models\\User', 23),
(5, 'App\\Models\\User', 24),
(5, 'App\\Models\\User', 25),
(5, 'App\\Models\\User', 27),
(5, 'App\\Models\\User', 28),
(5, 'App\\Models\\User', 29),
(5, 'App\\Models\\User', 30),
(5, 'App\\Models\\User', 31),
(5, 'App\\Models\\User', 32),
(5, 'App\\Models\\User', 33),
(5, 'App\\Models\\User', 34),
(5, 'App\\Models\\User', 35),
(5, 'App\\Models\\User', 36),
(5, 'App\\Models\\User', 37),
(5, 'App\\Models\\User', 38),
(5, 'App\\Models\\User', 39),
(5, 'App\\Models\\User', 40),
(5, 'App\\Models\\User', 41),
(5, 'App\\Models\\User', 42),
(5, 'App\\Models\\User', 43),
(5, 'App\\Models\\User', 44),
(5, 'App\\Models\\User', 45),
(5, 'App\\Models\\User', 46),
(5, 'App\\Models\\User', 47),
(5, 'App\\Models\\User', 48),
(5, 'App\\Models\\User', 49),
(5, 'App\\Models\\User', 50),
(5, 'App\\Models\\User', 51),
(5, 'App\\Models\\User', 52),
(5, 'App\\Models\\User', 53),
(5, 'App\\Models\\User', 54),
(5, 'App\\Models\\User', 55),
(5, 'App\\Models\\User', 56),
(5, 'App\\Models\\User', 57),
(5, 'App\\Models\\User', 58),
(5, 'App\\Models\\User', 59),
(5, 'App\\Models\\User', 60),
(5, 'App\\Models\\User', 61),
(5, 'App\\Models\\User', 62),
(5, 'App\\Models\\User', 63),
(5, 'App\\Models\\User', 64),
(5, 'App\\Models\\User', 65),
(5, 'App\\Models\\User', 66),
(5, 'App\\Models\\User', 67),
(5, 'App\\Models\\User', 68),
(5, 'App\\Models\\User', 69),
(5, 'App\\Models\\User', 71),
(5, 'App\\Models\\User', 72),
(5, 'App\\Models\\User', 73),
(5, 'App\\Models\\User', 74),
(5, 'App\\Models\\User', 75),
(5, 'App\\Models\\User', 76),
(5, 'App\\Models\\User', 77),
(5, 'App\\Models\\User', 78),
(5, 'App\\Models\\User', 79),
(5, 'App\\Models\\User', 80),
(5, 'App\\Models\\User', 81),
(5, 'App\\Models\\User', 82),
(5, 'App\\Models\\User', 83),
(5, 'App\\Models\\User', 84),
(5, 'App\\Models\\User', 85),
(5, 'App\\Models\\User', 86),
(5, 'App\\Models\\User', 87),
(5, 'App\\Models\\User', 88),
(5, 'App\\Models\\User', 89),
(5, 'App\\Models\\User', 90),
(5, 'App\\Models\\User', 91),
(5, 'App\\Models\\User', 92),
(5, 'App\\Models\\User', 93),
(5, 'App\\Models\\User', 98),
(5, 'App\\Models\\User', 99),
(5, 'App\\Models\\User', 100),
(5, 'App\\Models\\User', 101),
(5, 'App\\Models\\User', 102),
(5, 'App\\Models\\User', 103),
(5, 'App\\Models\\User', 104),
(5, 'App\\Models\\User', 105),
(5, 'App\\Models\\User', 106),
(5, 'App\\Models\\User', 107),
(5, 'App\\Models\\User', 108),
(5, 'App\\Models\\User', 109),
(5, 'App\\Models\\User', 110),
(5, 'App\\Models\\User', 111),
(5, 'App\\Models\\User', 112),
(5, 'App\\Models\\User', 113),
(5, 'App\\Models\\User', 114),
(5, 'App\\Models\\User', 115),
(5, 'App\\Models\\User', 116),
(5, 'App\\Models\\User', 117),
(5, 'App\\Models\\User', 118),
(5, 'App\\Models\\User', 119),
(5, 'App\\Models\\User', 120),
(5, 'App\\Models\\User', 121),
(5, 'App\\Models\\User', 130),
(5, 'App\\Models\\User', 131);

-- --------------------------------------------------------

--
-- Structure de la table `notifications`
--

CREATE TABLE `notifications` (
  `id` bigint UNSIGNED NOT NULL,
  `user_id` bigint UNSIGNED NOT NULL,
  `title` varchar(255) COLLATE utf8mb4_unicode_ci NOT NULL,
  `message` text COLLATE utf8mb4_unicode_ci NOT NULL,
  `read` tinyint(1) NOT NULL DEFAULT '0',
  `created_at` timestamp NULL DEFAULT NULL,
  `updated_at` timestamp NULL DEFAULT NULL
) ENGINE=InnoDB DEFAULT CHARSET=utf8mb4 COLLATE=utf8mb4_unicode_ci;

--
-- Déchargement des données de la table `notifications`
--

INSERT INTO `notifications` (`id`, `user_id`, `title`, `message`, `read`, `created_at`, `updated_at`) VALUES
(2, 17, 'Retard de remboursement', 'Votre échéance du 2025-05-01 est en retard de 44 jour(s). Une pénalité de 5.28 a été appliquée.', 0, '2025-06-14 12:47:06', '2025-06-14 12:47:06'),
(3, 18, 'Retard de remboursement', 'Votre échéance du 2025-06-05 est en retard de 9 jour(s). Une pénalité de 1.08 a été appliquée.', 0, '2025-06-14 12:47:06', '2025-06-14 12:47:06'),
(4, 13, 'Retard de remboursement', 'Votre échéance du 2025-06-14 est en retard de 1 jour(s). Une pénalité de 0.21 a été appliquée.', 0, '2025-06-15 07:00:09', '2025-06-15 07:00:09'),
(5, 14, 'Retard de remboursement', 'Votre échéance du 2025-06-14 est en retard de 1 jour(s). Une pénalité de 0.28 a été appliquée.', 0, '2025-06-15 07:00:09', '2025-06-15 07:00:09'),
(6, 1, 'Remboursement Automatique', 'Votre échéance du 2025-06-14 a été remboursée automatiquement avec succès.', 0, '2025-06-15 07:00:09', '2025-06-15 07:00:09'),
(7, 15, 'Remboursement Automatique', 'Votre échéance du 2025-06-14 a été remboursée automatiquement avec succès.', 0, '2025-06-15 07:00:09', '2025-06-15 07:00:09'),
(8, 16, 'Remboursement Automatique', 'Votre échéance du 2025-06-14 a été remboursée automatiquement avec succès.', 0, '2025-06-15 07:00:09', '2025-06-15 07:00:09'),
(9, 16, 'Retard de remboursement', 'Votre échéance du 2025-06-14 est en retard de 1 jour(s). Une pénalité de 0.28 a été appliquée.', 0, '2025-06-15 07:00:09', '2025-06-15 07:00:09'),
(10, 17, 'Retard de remboursement', 'Votre échéance du 2025-05-01 est en retard de 45 jour(s). Une pénalité de 8.10 a été appliquée.', 0, '2025-06-15 07:00:09', '2025-06-15 07:00:09'),
(11, 18, 'Retard de remboursement', 'Votre échéance du 2025-06-05 est en retard de 10 jour(s). Une pénalité de 1.80 a été appliquée.', 0, '2025-06-15 07:00:09', '2025-06-15 07:00:09'),
(12, 13, 'Retard de remboursement', 'Votre échéance du 2025-06-14 est en retard de 2 jour(s). Une pénalité de 0.41 a été appliquée.', 0, '2025-06-16 07:00:06', '2025-06-16 07:00:06'),
(13, 14, 'Retard de remboursement', 'Votre échéance du 2025-06-14 est en retard de 2 jour(s). Une pénalité de 0.55 a été appliquée.', 0, '2025-06-16 07:00:06', '2025-06-16 07:00:06'),
(14, 16, 'Retard de remboursement', 'Votre échéance du 2025-06-14 est en retard de 2 jour(s). Une pénalité de 0.57 a été appliquée.', 0, '2025-06-16 07:00:06', '2025-06-16 07:00:06'),
(15, 17, 'Retard de remboursement', 'Votre échéance du 2025-05-01 est en retard de 46 jour(s). Une pénalité de 8.28 a été appliquée.', 0, '2025-06-16 07:00:06', '2025-06-16 07:00:06'),
(16, 18, 'Retard de remboursement', 'Votre échéance du 2025-06-05 est en retard de 11 jour(s). Une pénalité de 1.98 a été appliquée.', 0, '2025-06-16 07:00:06', '2025-06-16 07:00:06'),
(17, 19, 'Retard de remboursement', 'Votre échéance du 2025-06-15 est en retard de 1 jour(s). Une pénalité de 0.36 a été appliquée.', 0, '2025-06-16 07:00:06', '2025-06-16 07:00:06'),
(18, 13, 'Retard de remboursement', 'Votre échéance du 2025-06-14 est en retard de 3 jour(s). Une pénalité de 0.62 a été appliquée.', 0, '2025-06-17 07:00:06', '2025-06-17 07:00:06'),
(19, 14, 'Retard de remboursement', 'Votre échéance du 2025-06-14 est en retard de 3 jour(s). Une pénalité de 0.83 a été appliquée.', 0, '2025-06-17 07:00:06', '2025-06-17 07:00:06'),
(20, 16, 'Retard de remboursement', 'Votre échéance du 2025-06-14 est en retard de 3 jour(s). Une pénalité de 0.85 a été appliquée.', 0, '2025-06-17 07:00:06', '2025-06-17 07:00:06'),
(21, 17, 'Retard de remboursement', 'Votre échéance du 2025-05-01 est en retard de 47 jour(s). Une pénalité de 8.46 a été appliquée.', 0, '2025-06-17 07:00:06', '2025-06-17 07:00:06'),
(22, 18, 'Retard de remboursement', 'Votre échéance du 2025-06-05 est en retard de 12 jour(s). Une pénalité de 2.16 a été appliquée.', 0, '2025-06-17 07:00:06', '2025-06-17 07:00:06'),
(23, 19, 'Retard de remboursement', 'Votre échéance du 2025-06-15 est en retard de 2 jour(s). Une pénalité de 0.72 a été appliquée.', 0, '2025-06-17 07:00:06', '2025-06-17 07:00:06'),
(24, 13, 'Retard de remboursement', 'Votre échéance du 2025-06-14 est en retard de 4 jour(s). Une pénalité de 0.83 a été appliquée.', 0, '2025-06-18 07:00:09', '2025-06-18 07:00:09'),
(25, 14, 'Retard de remboursement', 'Votre échéance du 2025-06-14 est en retard de 4 jour(s). Une pénalité de 1.10 a été appliquée.', 0, '2025-06-18 07:00:09', '2025-06-18 07:00:09'),
(26, 16, 'Retard de remboursement', 'Votre échéance du 2025-06-14 est en retard de 4 jour(s). Une pénalité de 1.13 a été appliquée.', 0, '2025-06-18 07:00:09', '2025-06-18 07:00:09'),
(27, 17, 'Retard de remboursement', 'Votre échéance du 2025-05-01 est en retard de 48 jour(s). Une pénalité de 8.64 a été appliquée.', 0, '2025-06-18 07:00:09', '2025-06-18 07:00:09'),
(28, 18, 'Retard de remboursement', 'Votre échéance du 2025-06-05 est en retard de 13 jour(s). Une pénalité de 2.34 a été appliquée.', 0, '2025-06-18 07:00:09', '2025-06-18 07:00:09'),
(29, 19, 'Retard de remboursement', 'Votre échéance du 2025-06-15 est en retard de 3 jour(s). Une pénalité de 1.08 a été appliquée.', 0, '2025-06-18 07:00:09', '2025-06-18 07:00:09'),
(30, 13, 'Retard de remboursement', 'Votre échéance du 2025-06-14 est en retard de 5 jour(s). Une pénalité de 1.03 a été appliquée.', 0, '2025-06-19 07:00:08', '2025-06-19 07:00:08'),
(31, 14, 'Retard de remboursement', 'Votre échéance du 2025-06-14 est en retard de 5 jour(s). Une pénalité de 1.38 a été appliquée.', 0, '2025-06-19 07:00:08', '2025-06-19 07:00:08'),
(32, 16, 'Retard de remboursement', 'Votre échéance du 2025-06-14 est en retard de 5 jour(s). Une pénalité de 1.42 a été appliquée.', 0, '2025-06-19 07:00:08', '2025-06-19 07:00:08'),
(33, 17, 'Retard de remboursement', 'Votre échéance du 2025-05-01 est en retard de 49 jour(s). Une pénalité de 8.82 a été appliquée.', 0, '2025-06-19 07:00:08', '2025-06-19 07:00:08'),
(34, 18, 'Retard de remboursement', 'Votre échéance du 2025-06-05 est en retard de 14 jour(s). Une pénalité de 2.52 a été appliquée.', 0, '2025-06-19 07:00:08', '2025-06-19 07:00:08'),
(35, 19, 'Retard de remboursement', 'Votre échéance du 2025-06-15 est en retard de 4 jour(s). Une pénalité de 1.44 a été appliquée.', 0, '2025-06-19 07:00:08', '2025-06-19 07:00:08'),
(36, 13, 'Retard de remboursement', 'Votre échéance du 2025-06-14 est en retard de 6 jour(s). Une pénalité de 1.24 a été appliquée.', 0, '2025-06-20 07:00:09', '2025-06-20 07:00:09'),
(37, 14, 'Retard de remboursement', 'Votre échéance du 2025-06-14 est en retard de 6 jour(s). Une pénalité de 1.65 a été appliquée.', 0, '2025-06-20 07:00:09', '2025-06-20 07:00:09'),
(38, 16, 'Retard de remboursement', 'Votre échéance du 2025-06-14 est en retard de 6 jour(s). Une pénalité de 1.70 a été appliquée.', 0, '2025-06-20 07:00:10', '2025-06-20 07:00:10'),
(39, 17, 'Retard de remboursement', 'Votre échéance du 2025-05-01 est en retard de 50 jour(s). Une pénalité de 9.00 a été appliquée.', 0, '2025-06-20 07:00:10', '2025-06-20 07:00:10'),
(40, 18, 'Retard de remboursement', 'Votre échéance du 2025-06-05 est en retard de 15 jour(s). Une pénalité de 2.70 a été appliquée.', 0, '2025-06-20 07:00:10', '2025-06-20 07:00:10'),
(41, 19, 'Retard de remboursement', 'Votre échéance du 2025-06-15 est en retard de 5 jour(s). Une pénalité de 1.80 a été appliquée.', 0, '2025-06-20 07:00:10', '2025-06-20 07:00:10'),
(42, 13, 'Retard de remboursement', 'Votre échéance du 2025-06-14 est en retard de 7 jour(s). Une pénalité de 1.44 a été appliquée.', 0, '2025-06-21 07:00:09', '2025-06-21 07:00:09'),
(43, 14, 'Retard de remboursement', 'Votre échéance du 2025-06-14 est en retard de 7 jour(s). Une pénalité de 1.93 a été appliquée.', 0, '2025-06-21 07:00:09', '2025-06-21 07:00:09'),
(44, 16, 'Retard de remboursement', 'Votre échéance du 2025-06-14 est en retard de 7 jour(s). Une pénalité de 1.98 a été appliquée.', 0, '2025-06-21 07:00:09', '2025-06-21 07:00:09'),
(45, 17, 'Retard de remboursement', 'Votre échéance du 2025-05-01 est en retard de 51 jour(s). Une pénalité de 9.18 a été appliquée.', 0, '2025-06-21 07:00:09', '2025-06-21 07:00:09'),
(46, 18, 'Retard de remboursement', 'Votre échéance du 2025-06-05 est en retard de 16 jour(s). Une pénalité de 2.88 a été appliquée.', 0, '2025-06-21 07:00:09', '2025-06-21 07:00:09'),
(47, 19, 'Retard de remboursement', 'Votre échéance du 2025-06-15 est en retard de 6 jour(s). Une pénalité de 2.16 a été appliquée.', 0, '2025-06-21 07:00:09', '2025-06-21 07:00:09'),
(48, 17, 'Retard de remboursement', 'Votre échéance du 2025-06-01 est en retard de 21 jour(s). Une pénalité de 3.78 a été appliquée.', 0, '2025-06-22 07:00:08', '2025-06-22 07:00:08'),
(49, 17, 'Retard de remboursement', 'Votre échéance du 2025-06-01 est en retard de 22 jour(s). Une pénalité de 3.96 a été appliquée.', 0, '2025-06-23 07:00:09', '2025-06-23 07:00:09'),
(50, 17, 'Retard de remboursement', 'Votre échéance du 2025-06-01 est en retard de 23 jour(s). Une pénalité de 4.14 a été appliquée.', 0, '2025-06-24 07:00:07', '2025-06-24 07:00:07'),
(51, 17, 'Retard de remboursement', 'Votre échéance du 2025-06-01 est en retard de 24 jour(s). Une pénalité de 4.32 a été appliquée.', 0, '2025-06-25 07:00:09', '2025-06-25 07:00:09'),
(52, 17, 'Retard de remboursement', 'Votre échéance du 2025-06-01 est en retard de 25 jour(s). Une pénalité de 4.50 a été appliquée.', 0, '2025-06-26 07:00:09', '2025-06-26 07:00:09'),
(53, 17, 'Retard de remboursement', 'Votre échéance du 2025-06-01 est en retard de 26 jour(s). Une pénalité de 4.68 a été appliquée.', 0, '2025-06-27 07:00:08', '2025-06-27 07:00:08'),
(54, 17, 'Retard de remboursement', 'Votre échéance du 2025-06-01 est en retard de 27 jour(s). Une pénalité de 4.86 a été appliquée.', 0, '2025-06-28 07:00:11', '2025-06-28 07:00:11'),
(55, 13, 'Remboursement Automatique', 'Votre échéance du 2025-06-28 a été remboursée automatiquement avec succès.', 0, '2025-06-28 23:59:04', '2025-06-28 23:59:04'),
(56, 78, 'Remboursement Automatique', 'Votre échéance du 2025-06-28 a été remboursée automatiquement avec succès.', 0, '2025-06-28 23:59:04', '2025-06-28 23:59:04'),
(57, 14, 'Retard de remboursement', 'Votre échéance du 2025-06-28 est en retard de 1 jour(s). Une pénalité de 0.28 a été appliquée.', 0, '2025-06-29 23:59:04', '2025-06-29 23:59:04'),
(58, 15, 'Retard de remboursement', 'Votre échéance du 2025-06-28 est en retard de 1 jour(s). Une pénalité de 0.39 a été appliquée.', 0, '2025-06-29 23:59:04', '2025-06-29 23:59:04'),
(59, 16, 'Retard de remboursement', 'Votre échéance du 2025-06-28 est en retard de 1 jour(s). Une pénalité de 0.32 a été appliquée.', 0, '2025-06-29 23:59:04', '2025-06-29 23:59:04'),
(60, 17, 'Retard de remboursement', 'Votre échéance du 2025-06-01 est en retard de 28 jour(s). Une pénalité de 5.04 a été appliquée.', 0, '2025-06-29 23:59:04', '2025-06-29 23:59:04'),
(61, 9, 'Retard de remboursement', 'Votre échéance du 2025-06-28 est en retard de 1 jour(s). Une pénalité de 0.54 a été appliquée.', 0, '2025-06-29 23:59:04', '2025-06-29 23:59:04'),
(62, 9, 'Retard de remboursement', 'Votre échéance du 2025-06-28 est en retard de 1 jour(s). Une pénalité de 0.28 a été appliquée.', 0, '2025-06-29 23:59:04', '2025-06-29 23:59:04'),
(63, 14, 'Retard de remboursement', 'Votre échéance du 2025-06-28 est en retard de 2 jour(s). Une pénalité de 0.55 a été appliquée.', 0, '2025-06-30 23:59:04', '2025-06-30 23:59:04'),
(64, 15, 'Retard de remboursement', 'Votre échéance du 2025-06-28 est en retard de 2 jour(s). Une pénalité de 0.79 a été appliquée.', 0, '2025-06-30 23:59:04', '2025-06-30 23:59:04'),
(65, 16, 'Retard de remboursement', 'Votre échéance du 2025-06-28 est en retard de 2 jour(s). Une pénalité de 0.63 a été appliquée.', 0, '2025-06-30 23:59:04', '2025-06-30 23:59:04'),
(66, 17, 'Retard de remboursement', 'Votre échéance du 2025-06-01 est en retard de 29 jour(s). Une pénalité de 5.22 a été appliquée.', 0, '2025-06-30 23:59:04', '2025-06-30 23:59:04'),
(67, 9, 'Retard de remboursement', 'Votre échéance du 2025-06-28 est en retard de 2 jour(s). Une pénalité de 1.08 a été appliquée.', 0, '2025-06-30 23:59:04', '2025-06-30 23:59:04'),
(68, 9, 'Retard de remboursement', 'Votre échéance du 2025-06-28 est en retard de 2 jour(s). Une pénalité de 0.55 a été appliquée.', 0, '2025-06-30 23:59:04', '2025-06-30 23:59:04');

-- --------------------------------------------------------

--
-- Structure de la table `password_reset_tokens`
--

CREATE TABLE `password_reset_tokens` (
  `email` varchar(255) COLLATE utf8mb4_unicode_ci NOT NULL,
  `token` varchar(255) COLLATE utf8mb4_unicode_ci NOT NULL,
  `created_at` timestamp NULL DEFAULT NULL
) ENGINE=InnoDB DEFAULT CHARSET=utf8mb4 COLLATE=utf8mb4_unicode_ci;

-- --------------------------------------------------------

--
-- Structure de la table `permissions`
--

CREATE TABLE `permissions` (
  `id` bigint UNSIGNED NOT NULL,
  `name` varchar(255) COLLATE utf8mb4_unicode_ci NOT NULL,
  `guard_name` varchar(255) COLLATE utf8mb4_unicode_ci NOT NULL,
  `created_at` timestamp NULL DEFAULT NULL,
  `updated_at` timestamp NULL DEFAULT NULL
) ENGINE=InnoDB DEFAULT CHARSET=utf8mb4 COLLATE=utf8mb4_unicode_ci;

--
-- Déchargement des données de la table `permissions`
--

INSERT INTO `permissions` (`id`, `name`, `guard_name`, `created_at`, `updated_at`) VALUES
(1, 'afficher-role', 'web', '2025-06-29 15:39:28', '2025-06-29 15:39:28'),
(2, 'ajouter-role', 'web', '2025-06-29 15:39:30', '2025-06-29 15:39:30'),
(3, 'modifier-role', 'web', '2025-06-29 15:39:30', '2025-06-29 15:39:30'),
(4, 'supprimer-role', 'web', '2025-06-29 15:39:32', '2025-06-29 15:39:32'),
(5, 'afficher-caisse-centrale', 'web', '2025-06-29 15:39:32', '2025-06-29 15:39:32'),
(6, 'depot-caisse-centrale', 'web', '2025-06-29 15:39:34', '2025-06-29 15:39:34'),
(7, 'retrait-caisse-centrale', 'web', '2025-06-29 15:39:35', '2025-06-29 15:39:35'),
(8, 'afficher-client', 'web', '2025-06-29 15:39:36', '2025-06-29 15:39:36'),
(9, 'ajouter-client', 'web', '2025-06-29 15:39:36', '2025-06-29 15:39:36'),
(10, 'modifier-client', 'web', '2025-06-29 15:39:38', '2025-06-29 15:39:38'),
(11, 'supprimer-client', 'web', '2025-06-29 15:39:40', '2025-06-29 15:39:40'),
(12, 'afficher-utilisateur', 'web', '2025-06-29 15:39:41', '2025-06-29 15:39:41'),
(13, 'ajouter-utilisateur', 'web', '2025-06-29 15:39:42', '2025-06-29 15:39:42'),
(14, 'modifier-utilisateur', 'web', '2025-06-29 15:39:42', '2025-06-29 15:39:42'),
(15, 'supprimer-utilisateur', 'web', '2025-06-29 15:39:43', '2025-06-29 15:39:43'),
(16, 'afficher-credit', 'web', '2025-06-29 15:39:43', '2025-06-29 15:39:43'),
(17, 'ajouter-credit', 'web', '2025-06-29 15:39:43', '2025-06-29 15:39:43'),
(18, 'modifier-credit', 'web', '2025-06-29 15:39:43', '2025-06-29 15:39:43'),
(19, 'supprimer-credit', 'web', '2025-06-29 15:39:44', '2025-06-29 15:39:44'),
(20, 'afficher-carnet', 'web', '2025-06-29 15:39:44', '2025-06-29 15:39:44'),
(21, 'ajouter-carnet', 'web', '2025-06-29 15:39:44', '2025-06-29 15:39:44'),
(22, 'modifier-carnet', 'web', '2025-06-29 15:39:45', '2025-06-29 15:39:45'),
(23, 'supprimer-carnet', 'web', '2025-06-29 15:39:45', '2025-06-29 15:39:45'),
(24, 'afficher-transfert-caisse', 'web', '2025-06-29 15:39:45', '2025-06-29 15:39:45'),
(25, 'ajouter-transfert-caisse', 'web', '2025-06-29 15:39:46', '2025-06-29 15:39:46'),
(26, 'modifier-transfert-caisse', 'web', '2025-06-29 15:39:46', '2025-06-29 15:39:46'),
(27, 'supprimer-transfert-caisse', 'web', '2025-06-29 15:39:46', '2025-06-29 15:39:46'),
(28, 'afficher-sortie-caisse', 'web', '2025-06-29 15:39:46', '2025-06-29 15:39:46'),
(29, 'ajouter-sortie-caisse', 'web', '2025-06-29 15:39:47', '2025-06-29 15:39:47'),
(30, 'modifier-sortie-caisse', 'web', '2025-06-29 15:39:47', '2025-06-29 15:39:47'),
(31, 'supprimer-sortie-caisse', 'web', '2025-06-29 15:39:47', '2025-06-29 15:39:47'),
(32, 'afficher-caisse-agent', 'web', '2025-06-29 15:39:47', '2025-06-29 15:39:47'),
(33, 'afficher-rapport-credit', 'web', '2025-06-29 15:39:47', '2025-06-29 15:39:47'),
(34, 'afficher-simulation-credit', 'web', '2025-06-29 15:39:48', '2025-06-29 15:39:48'),
(35, 'afficher-tableaudebord-admin', 'web', '2025-06-29 15:39:48', '2025-06-29 15:39:48'),
(36, 'afficher-tableaudebord-receptionist', 'web', '2025-06-29 15:39:48', '2025-06-29 15:39:48'),
(37, 'afficher-tableaudebord-recouvreur', 'web', '2025-06-29 15:39:48', '2025-06-29 15:39:48'),
(38, 'afficher-tableaudebord-client', 'web', '2025-06-29 15:39:49', '2025-06-29 15:39:49'),
(39, 'depot-compte-membre', 'web', '2025-06-29 15:39:48', '2025-06-29 15:39:48'),
(40, 'retrait-compte-membre', 'web', '2025-06-29 15:39:49', '2025-06-29 15:39:49');

-- --------------------------------------------------------

--
-- Structure de la table `repayments`
--

CREATE TABLE `repayments` (
  `id` bigint UNSIGNED NOT NULL,
  `credit_id` bigint UNSIGNED NOT NULL,
  `due_date` date NOT NULL,
  `paid_date` date DEFAULT NULL,
  `expected_amount` decimal(15,2) NOT NULL,
  `penalty` decimal(15,2) NOT NULL DEFAULT '0.00',
  `total_due` decimal(15,2) NOT NULL,
  `paid_amount` decimal(15,2) NOT NULL DEFAULT '0.00',
  `is_paid` tinyint(1) NOT NULL DEFAULT '0',
  `created_at` timestamp NULL DEFAULT NULL,
  `updated_at` timestamp NULL DEFAULT NULL
) ENGINE=InnoDB DEFAULT CHARSET=utf8mb4 COLLATE=utf8mb4_unicode_ci;

--
-- Déchargement des données de la table `repayments`
--

INSERT INTO `repayments` (`id`, `credit_id`, `due_date`, `paid_date`, `expected_amount`, `penalty`, `total_due`, `paid_amount`, `is_paid`, `created_at`, `updated_at`) VALUES
(4, 5, '2025-06-28', '2025-06-28', 68.75, 0.00, 68.75, 68.75, 1, '2025-06-14 10:01:15', '2025-06-28 23:59:04'),
(5, 5, '2025-07-05', NULL, 68.75, 0.00, 68.75, 0.00, 0, '2025-06-14 10:01:15', '2025-06-14 10:01:15'),
(6, 5, '2025-07-12', NULL, 68.75, 0.00, 68.75, 0.00, 0, '2025-06-14 10:01:15', '2025-06-14 10:01:15'),
(7, 5, '2025-07-19', NULL, 68.75, 0.00, 68.75, 0.00, 0, '2025-06-14 10:01:15', '2025-06-14 10:01:15'),
(8, 5, '2025-07-26', NULL, 68.75, 0.00, 68.75, 0.00, 0, '2025-06-14 10:01:15', '2025-06-14 10:01:15'),
(9, 5, '2025-08-02', NULL, 68.75, 0.00, 68.75, 0.00, 0, '2025-06-14 10:01:15', '2025-06-14 10:01:15'),
(10, 5, '2025-08-09', NULL, 68.75, 0.00, 68.75, 0.00, 0, '2025-06-14 10:01:15', '2025-06-14 10:01:15'),
(11, 6, '2025-06-28', NULL, 91.88, 0.55, 92.43, 0.00, 0, '2025-06-14 10:17:50', '2025-06-30 23:59:04'),
(12, 6, '2025-07-05', NULL, 91.88, 0.00, 91.88, 0.00, 0, '2025-06-14 10:17:50', '2025-06-14 10:17:50'),
(13, 6, '2025-07-12', NULL, 91.88, 0.00, 91.88, 0.00, 0, '2025-06-14 10:17:50', '2025-06-14 10:17:50'),
(14, 6, '2025-07-19', NULL, 91.88, 0.00, 91.88, 0.00, 0, '2025-06-14 10:17:50', '2025-06-14 10:17:50'),
(19, 8, '2025-06-28', NULL, 131.25, 0.79, 132.04, 0.00, 0, '2025-06-14 10:33:03', '2025-06-30 23:59:04'),
(20, 8, '2025-07-05', NULL, 131.25, 0.00, 131.25, 0.00, 0, '2025-06-14 10:33:03', '2025-06-14 10:33:03'),
(22, 10, '2025-06-28', NULL, 105.00, 0.63, 105.63, 0.00, 0, '2025-06-14 10:57:17', '2025-06-30 23:59:04'),
(24, 12, '2025-06-01', NULL, 60.00, 5.22, 65.22, 0.00, 0, '2025-06-14 11:07:16', '2025-06-30 23:59:04'),
(25, 13, '2025-07-05', NULL, 60.00, 0.00, 0.00, 0.00, 0, '2025-06-14 11:16:36', '2025-06-21 07:00:09'),
(26, 14, '2025-07-15', NULL, 120.00, 0.00, 120.00, 0.00, 0, '2025-06-15 12:04:40', '2025-06-21 07:00:09'),
(27, 15, '2025-07-10', NULL, 120.00, 0.00, 120.00, 0.00, 0, '2025-06-21 12:31:54', '2025-06-21 12:31:54'),
(28, 15, '2025-08-10', NULL, 120.00, 0.00, 120.00, 0.00, 0, '2025-06-21 12:31:54', '2025-06-21 12:31:54'),
(29, 15, '2025-09-10', NULL, 120.00, 0.00, 120.00, 0.00, 0, '2025-06-21 12:31:54', '2025-06-21 12:31:54'),
(30, 16, '2025-06-28', NULL, 180.00, 1.08, 181.08, 0.00, 0, '2025-06-21 12:48:12', '2025-06-30 23:59:04'),
(31, 17, '2025-06-28', NULL, 91.88, 0.55, 92.43, 0.00, 0, '2025-06-21 12:48:40', '2025-06-30 23:59:04'),
(32, 17, '2025-07-05', NULL, 91.88, 0.00, 91.88, 0.00, 0, '2025-06-21 12:48:40', '2025-06-21 12:48:40'),
(33, 17, '2025-07-12', NULL, 91.88, 0.00, 91.88, 0.00, 0, '2025-06-21 12:48:40', '2025-06-21 12:48:40'),
(34, 17, '2025-07-19', NULL, 91.88, 0.00, 91.88, 0.00, 0, '2025-06-21 12:48:40', '2025-06-21 12:48:40'),
(35, 18, '2025-06-28', '2025-06-28', 360000.00, 0.00, 360000.00, 360000.00, 1, '2025-06-21 18:28:46', '2025-06-28 23:59:04'),
(36, 19, '2025-07-23', NULL, 76.67, 0.00, 76.67, 0.00, 0, '2025-06-27 15:01:05', '2025-06-27 15:01:05'),
(37, 19, '2025-08-23', NULL, 76.67, 0.00, 76.67, 0.00, 0, '2025-06-27 15:01:05', '2025-06-27 15:01:05'),
(38, 19, '2025-09-23', NULL, 76.66, 0.00, 76.66, 0.00, 0, '2025-06-27 15:01:05', '2025-06-27 15:01:05'),
(39, 20, '2025-07-23', NULL, 115.00, 0.00, 115.00, 0.00, 0, '2025-06-27 15:04:10', '2025-06-27 15:04:10'),
(40, 20, '2025-08-23', NULL, 115.00, 0.00, 115.00, 0.00, 0, '2025-06-27 15:04:10', '2025-06-27 15:04:10'),
(41, 20, '2025-09-23', NULL, 115.00, 0.00, 115.00, 0.00, 0, '2025-06-27 15:04:10', '2025-06-27 15:04:10'),
(42, 21, '2025-07-23', NULL, 76.67, 0.00, 76.67, 0.00, 0, '2025-06-27 15:05:34', '2025-06-27 15:05:34'),
(43, 21, '2025-08-23', NULL, 76.67, 0.00, 76.67, 0.00, 0, '2025-06-27 15:05:34', '2025-06-27 15:05:34'),
(44, 21, '2025-09-23', NULL, 76.66, 0.00, 76.66, 0.00, 0, '2025-06-27 15:05:34', '2025-06-27 15:05:34'),
(45, 22, '2025-07-24', NULL, 330000.00, 0.00, 330000.00, 0.00, 0, '2025-06-27 15:07:34', '2025-06-27 15:07:34'),
(46, 22, '2025-08-24', NULL, 330000.00, 0.00, 330000.00, 0.00, 0, '2025-06-27 15:07:34', '2025-06-27 15:07:34'),
(47, 23, '2025-07-27', NULL, 495000.00, 0.00, 495000.00, 0.00, 0, '2025-06-27 15:09:07', '2025-06-27 15:09:07'),
(48, 23, '2025-08-27', NULL, 495000.00, 0.00, 495000.00, 0.00, 0, '2025-06-27 15:09:07', '2025-06-27 15:09:07'),
(49, 24, '2025-07-27', NULL, 220000.00, 0.00, 220000.00, 0.00, 0, '2025-06-28 16:16:40', '2025-06-28 16:16:40'),
(50, 25, '2025-07-28', NULL, 115.00, 0.00, 115.00, 0.00, 0, '2025-06-28 16:36:52', '2025-06-28 16:36:52'),
(51, 25, '2025-08-28', NULL, 115.00, 0.00, 115.00, 0.00, 0, '2025-06-28 16:36:52', '2025-06-28 16:36:52'),
(52, 25, '2025-09-28', NULL, 115.00, 0.00, 115.00, 0.00, 0, '2025-06-28 16:36:52', '2025-06-28 16:36:52'),
(53, 31, '2025-08-01', NULL, 191666.67, 0.00, 191666.67, 0.00, 0, '2025-07-01 14:46:13', '2025-07-01 14:46:13'),
(54, 31, '2025-09-01', NULL, 191666.67, 0.00, 191666.67, 0.00, 0, '2025-07-01 14:46:13', '2025-07-01 14:46:13'),
(55, 31, '2025-10-01', NULL, 191666.66, 0.00, 191666.66, 0.00, 0, '2025-07-01 14:46:13', '2025-07-01 14:46:13'),
(56, 32, '2025-08-01', NULL, 115000.00, 0.00, 115000.00, 0.00, 0, '2025-07-01 16:14:37', '2025-07-01 16:14:37'),
(57, 32, '2025-09-01', NULL, 115000.00, 0.00, 115000.00, 0.00, 0, '2025-07-01 16:14:37', '2025-07-01 16:14:37'),
(58, 32, '2025-10-01', NULL, 115000.00, 0.00, 115000.00, 0.00, 0, '2025-07-01 16:14:37', '2025-07-01 16:14:37'),
(59, 33, '2025-08-01', NULL, 350.00, 0.00, 350.00, 0.00, 0, '2025-07-15 15:56:08', '2025-07-15 15:56:08'),
(60, 33, '2025-08-01', NULL, 350.00, 0.00, 350.00, 0.00, 0, '2025-07-15 15:56:08', '2025-07-15 15:56:08');

-- --------------------------------------------------------

--
-- Structure de la table `roles`
--

CREATE TABLE `roles` (
  `id` bigint UNSIGNED NOT NULL,
  `name` varchar(255) COLLATE utf8mb4_unicode_ci NOT NULL,
  `guard_name` varchar(255) COLLATE utf8mb4_unicode_ci NOT NULL,
  `created_at` timestamp NULL DEFAULT NULL,
  `updated_at` timestamp NULL DEFAULT NULL
) ENGINE=InnoDB DEFAULT CHARSET=utf8mb4 COLLATE=utf8mb4_unicode_ci;

--
-- Déchargement des données de la table `roles`
--

INSERT INTO `roles` (`id`, `name`, `guard_name`, `created_at`, `updated_at`) VALUES
(1, 'Admin', 'web', '2025-06-29 15:42:06', '2025-06-29 15:42:06'),
(2, 'Caissier', 'web', '2025-06-29 15:58:02', '2025-06-29 15:58:02'),
(3, 'Receptionniste', 'web', '2025-06-29 16:02:12', '2025-06-29 16:02:12'),
(4, 'Recouvreur', 'web', '2025-06-29 16:04:49', '2025-06-29 16:04:49'),
(5, 'Membre', 'web', '2025-06-30 20:08:03', '2025-06-30 20:08:03');

-- --------------------------------------------------------

--
-- Structure de la table `role_has_permissions`
--

CREATE TABLE `role_has_permissions` (
  `permission_id` bigint UNSIGNED NOT NULL,
  `role_id` bigint UNSIGNED NOT NULL
) ENGINE=InnoDB DEFAULT CHARSET=utf8mb4 COLLATE=utf8mb4_unicode_ci;

--
-- Déchargement des données de la table `role_has_permissions`
--

INSERT INTO `role_has_permissions` (`permission_id`, `role_id`) VALUES
(1, 1),
(2, 1),
(3, 1),
(4, 1),
(5, 1),
(6, 1),
(7, 1),
(8, 1),
(9, 1),
(10, 1),
(11, 1),
(12, 1),
(13, 1),
(14, 1),
(15, 1),
(16, 1),
(17, 1),
(18, 1),
(19, 1),
(20, 1),
(21, 1),
(22, 1),
(23, 1),
(24, 1),
(25, 1),
(26, 1),
(27, 1),
(28, 1),
(29, 1),
(30, 1),
(31, 1),
(32, 1),
(33, 1),
(34, 1),
(35, 1),
(39, 1),
(40, 1),
(5, 2),
(6, 2),
(7, 2),
(8, 2),
(10, 2),
(16, 2),
(17, 2),
(18, 2),
(19, 2),
(20, 2),
(21, 2),
(22, 2),
(24, 2),
(25, 2),
(26, 2),
(27, 2),
(28, 2),
(29, 2),
(32, 2),
(33, 2),
(34, 2),
(35, 2),
(39, 2),
(40, 2),
(8, 3),
(9, 3),
(10, 3),
(20, 3),
(21, 3),
(22, 3),
(24, 3),
(25, 3),
(34, 3),
(36, 3),
(39, 3),
(8, 4),
(20, 4),
(21, 4),
(24, 4),
(25, 4),
(34, 4),
(37, 4),
(39, 4),
(38, 5);

-- --------------------------------------------------------

--
-- Structure de la table `sessions`
--

CREATE TABLE `sessions` (
  `id` varchar(255) COLLATE utf8mb4_unicode_ci NOT NULL,
  `user_id` bigint UNSIGNED DEFAULT NULL,
  `ip_address` varchar(45) COLLATE utf8mb4_unicode_ci DEFAULT NULL,
  `user_agent` text COLLATE utf8mb4_unicode_ci,
  `payload` longtext COLLATE utf8mb4_unicode_ci NOT NULL,
  `last_activity` int NOT NULL
) ENGINE=InnoDB DEFAULT CHARSET=utf8mb4 COLLATE=utf8mb4_unicode_ci;

--
-- Déchargement des données de la table `sessions`
--

INSERT INTO `sessions` (`id`, `user_id`, `ip_address`, `user_agent`, `payload`, `last_activity`) VALUES
('9BlIymK9Kg2F7cvHJjPagOVvLb2xnmgj9PX0Haz1', 1, '127.0.0.1', 'Mozilla/5.0 (Windows NT 10.0; Win64; x64) AppleWebKit/537.36 (KHTML, like Gecko) Chrome/138.0.0.0 Safari/537.36', 'YTo2OntzOjY6Il90b2tlbiI7czo0MDoiMGZyR2htU2N2RHl3akVVVkcwZ2R1c29QS2RaUEdQOW16elZ0a0ZvOSI7czozOiJ1cmwiO2E6MDp7fXM6OToiX3ByZXZpb3VzIjthOjE6e3M6MzoidXJsIjtzOjUzOiJodHRwOi8vMTI3LjAuMC4xOjgwMDAvYWdlbnQvdHJhbnNhY3Rpb25zL2V4cG9ydC8xL2RheSI7fXM6NjoiX2ZsYXNoIjthOjI6e3M6Mzoib2xkIjthOjA6e31zOjM6Im5ldyI7YTowOnt9fXM6MTg6ImZsYXNoZXI6OmVudmVsb3BlcyI7YTowOnt9czo1MDoibG9naW5fd2ViXzU5YmEzNmFkZGMyYjJmOTQwMTU4MGYwMTRjN2Y1OGVhNGUzMDk4OWQiO2k6MTt9', 1752774667),
('HNtF1XgBpgGvgNmRt5C8kwac4SpcQoNA4kAjeqq2', NULL, '127.0.0.1', 'Mozilla/5.0 (Windows NT 10.0; Win64; x64) AppleWebKit/537.36 (KHTML, like Gecko) Chrome/138.0.0.0 Safari/537.36', 'YTo0OntzOjY6Il90b2tlbiI7czo0MDoic3ZSTjNJWHBLZnlpMVo3dFRvMzg2UjZGMVNMbGRFTkc5MjJuWUNKSiI7czozOiJ1cmwiO2E6MTp7czo4OiJpbnRlbmRlZCI7czo0MzoiaHR0cDovLzEyNy4wLjAuMTo4MDAwL3RhYmxlYXUtZGUtYm9yZC1hZ2VudCI7fXM6OToiX3ByZXZpb3VzIjthOjE6e3M6MzoidXJsIjtzOjQzOiJodHRwOi8vMTI3LjAuMC4xOjgwMDAvdGFibGVhdS1kZS1ib3JkLWFnZW50Ijt9czo2OiJfZmxhc2giO2E6Mjp7czozOiJvbGQiO2E6MDp7fXM6MzoibmV3IjthOjA6e319fQ==', 1752837941),
('Ji0ScR2ntSoaNC8a275OOGepN56mAG6EZMAPtLgF', NULL, '127.0.0.1', 'Mozilla/5.0 (Windows NT 10.0; Win64; x64) AppleWebKit/537.36 (KHTML, like Gecko) Chrome/138.0.0.0 Safari/537.36', 'YToyOntzOjY6Il90b2tlbiI7czo0MDoiUWZUV24zTkxQZHJqYjM5YzRJcXhURWt3bDVIZ3JRZUc4WTZmVkFGViI7czo2OiJfZmxhc2giO2E6Mjp7czozOiJvbGQiO2E6MDp7fXM6MzoibmV3IjthOjA6e319fQ==', 1752837948),
('pApRpBoFdcbXguNhQKDoMgPamZm0UKYQrAhENBbH', 2, '127.0.0.1', 'Mozilla/5.0 (Windows NT 10.0; Win64; x64) AppleWebKit/537.36 (KHTML, like Gecko) Chrome/138.0.0.0 Safari/537.36', 'YTo2OntzOjY6Il90b2tlbiI7czo0MDoiMmIwb1RaUXdSM2RXamtuMGhydXJwWWlnTWdjQzhvZGluUVpodERQTyI7czozOiJ1cmwiO2E6MDp7fXM6OToiX3ByZXZpb3VzIjthOjE6e3M6MzoidXJsIjtzOjQzOiJodHRwOi8vMTI3LjAuMC4xOjgwMDAvdGFibGVhdS1kZS1ib3JkLWFnZW50Ijt9czo2OiJfZmxhc2giO2E6Mjp7czozOiJvbGQiO2E6MDp7fXM6MzoibmV3IjthOjA6e319czoxODoiZmxhc2hlcjo6ZW52ZWxvcGVzIjthOjA6e31zOjUwOiJsb2dpbl93ZWJfNTliYTM2YWRkYzJiMmY5NDAxNTgwZjAxNGM3ZjU4ZWE0ZTMwOTg5ZCI7aToyO30=', 1752838552),
('XVPtMAywcXdelAkzkAv6gskZaA3wcjyXtNVEOzv5', NULL, '127.0.0.1', 'Mozilla/5.0 (Windows NT 10.0; Win64; x64) AppleWebKit/537.36 (KHTML, like Gecko) Chrome/138.0.0.0 Safari/537.36', 'YTo1OntzOjY6Il90b2tlbiI7czo0MDoiUkhEQjIwT3FnR1puNlRMbjM1ZFJnNzltOFdCdnlhNDdsS2h0dk1RViI7czozOiJ1cmwiO2E6MTp7czo4OiJpbnRlbmRlZCI7czozMjoiaHR0cDovLzEyNy4wLjAuMTo4MDAwL21lbWJyZS8xMDIiO31zOjk6Il9wcmV2aW91cyI7YToxOntzOjM6InVybCI7czoyNzoiaHR0cDovLzEyNy4wLjAuMTo4MDAwL2xvZ2luIjt9czo2OiJfZmxhc2giO2E6Mjp7czozOiJvbGQiO2E6MDp7fXM6MzoibmV3IjthOjA6e319czoxODoiZmxhc2hlcjo6ZW52ZWxvcGVzIjthOjA6e319', 1752853022);

-- --------------------------------------------------------

--
-- Structure de la table `subscriptions`
--

CREATE TABLE `subscriptions` (
  `id` bigint UNSIGNED NOT NULL,
  `user_id` bigint UNSIGNED NOT NULL,
  `montant_souscrit` decimal(10,2) NOT NULL,
  `statut` enum('actif','termine','retire') COLLATE utf8mb4_unicode_ci NOT NULL DEFAULT 'actif',
  `cree_a` timestamp NOT NULL DEFAULT CURRENT_TIMESTAMP,
  `termine_a` timestamp NULL DEFAULT NULL,
  `created_at` timestamp NULL DEFAULT NULL,
  `updated_at` timestamp NULL DEFAULT NULL
) ENGINE=InnoDB DEFAULT CHARSET=utf8mb4 COLLATE=utf8mb4_unicode_ci;

-- --------------------------------------------------------

--
-- Structure de la table `transactions`
--

CREATE TABLE `transactions` (
  `id` bigint UNSIGNED NOT NULL,
  `account_id` bigint UNSIGNED DEFAULT NULL,
  `agent_account_id` bigint UNSIGNED DEFAULT NULL,
  `user_id` bigint UNSIGNED NOT NULL,
  `credit_id` bigint UNSIGNED DEFAULT NULL,
  `type` varchar(255) COLLATE utf8mb4_unicode_ci NOT NULL,
  `currency` varchar(255) COLLATE utf8mb4_unicode_ci NOT NULL,
  `amount` decimal(15,2) NOT NULL,
  `balance_after` decimal(15,2) NOT NULL,
  `description` text COLLATE utf8mb4_unicode_ci,
  `created_at` timestamp NULL DEFAULT NULL,
  `updated_at` timestamp NULL DEFAULT NULL
) ENGINE=InnoDB DEFAULT CHARSET=utf8mb4 COLLATE=utf8mb4_unicode_ci;

--
-- Déchargement des données de la table `transactions`
--

INSERT INTO `transactions` (`id`, `account_id`, `agent_account_id`, `user_id`, `credit_id`, `type`, `currency`, `amount`, `balance_after`, `description`, `created_at`, `updated_at`) VALUES
(1, NULL, NULL, 1, NULL, 'Entrée de fonds', 'USD', 25.00, 25.00, 'Mise Hebdomadaire', '2025-05-24 09:27:49', '2025-05-24 09:27:49'),
(2, NULL, NULL, 1, NULL, 'Entrée de fonds', 'USD', 210.00, 235.00, 'remboursement crédit irenge', '2025-05-24 09:30:38', '2025-05-24 09:30:38'),
(3, NULL, NULL, 1, NULL, 'Entrée de fonds', 'USD', 68.75, 303.75, 'REMBOURSEMENT SAMY', '2025-05-24 09:31:20', '2025-05-24 09:31:20'),
(4, NULL, NULL, 1, NULL, 'Entrée de fonds', 'USD', 131.25, 435.00, 'remboursement Babu', '2025-05-24 09:32:05', '2025-05-24 09:32:05'),
(5, NULL, NULL, 1, NULL, 'Entrée de fonds', 'USD', 105.00, 540.00, 'Remboursement Innocent', '2025-05-24 09:32:43', '2025-05-24 09:32:43'),
(6, NULL, NULL, 1, NULL, 'Entrée de fonds', 'USD', 246.75, 786.75, 'Remboursement Don', '2025-05-24 09:34:05', '2025-05-24 09:34:05'),
(7, NULL, NULL, 1, NULL, 'Entrée de fonds', 'USD', 45.67, 832.42, 'Repport à nouveau', '2025-05-24 09:36:17', '2025-05-24 09:36:17'),
(8, NULL, NULL, 1, NULL, 'Sortie de fonds', 'USD', 700.00, 132.42, 'Sortie caisse pour cédit', '2025-05-24 09:37:57', '2025-05-24 09:37:57'),
(9, NULL, NULL, 1, NULL, 'Sortie de fonds', 'USD', 3.00, 129.42, 'Ereur de l\'operation repport à nouveau', '2025-05-24 09:43:23', '2025-05-24 09:43:23'),
(10, NULL, NULL, 1, NULL, 'Entrée de fonds', 'USD', 3.00, 132.42, 'ereur sortie au lieu de l\'entree ', '2025-05-24 09:47:36', '2025-05-24 09:47:36'),
(11, NULL, NULL, 1, NULL, 'Entrée de fonds', 'CDF', 10000.00, 10000.00, 'Épargne irenge', '2025-05-24 18:34:21', '2025-05-24 18:34:21'),
(12, NULL, NULL, 1, NULL, 'Sortie de fonds', 'CDF', 10000.00, 0.00, '10000', '2025-05-24 18:35:15', '2025-05-24 18:35:15'),
(13, NULL, NULL, 1, NULL, 'Entrée de fonds', 'USD', 17.78, 150.20, 'Ajout innocent a rembourser ', '2025-05-27 08:14:02', '2025-05-27 08:14:02'),
(14, NULL, NULL, 1, NULL, 'Sortie de fonds', 'USD', 150.00, 0.20, 'Crédit octroyé a Mr Olivier avec intérêt de 15$ durée une semaine ', '2025-05-27 08:16:43', '2025-05-27 08:16:43'),
(15, NULL, NULL, 1, NULL, 'Entrée de fonds', 'USD', 100.00, 100.20, 'Contribution irenge pour paiement loyer', '2025-05-31 08:54:03', '2025-05-31 08:54:03'),
(16, NULL, NULL, 1, NULL, 'Entrée de fonds', 'USD', 100.00, 200.20, 'Contribution innocent  pour paiement loyer', '2025-05-31 08:55:20', '2025-05-31 08:55:20'),
(17, NULL, NULL, 1, NULL, 'Entrée de fonds', 'USD', 100.00, 300.20, 'Contribution Don de Dieu pour paiement loyer ', '2025-05-31 08:58:11', '2025-05-31 08:58:11'),
(18, 17, NULL, 3, NULL, 'dépôt', 'USD', 100.00, 100.00, 'DEPOT du compte IMF009 Client: Irenge Baguma par Recouvreur', '2025-05-31 09:03:21', '2025-05-31 09:03:21'),
(19, NULL, NULL, 1, NULL, 'Sortie de fonds', 'USD', 200.00, 100.20, '200 avance sur loyer ', '2025-05-31 09:13:51', '2025-05-31 09:13:51'),
(20, NULL, NULL, 1, NULL, 'Entrée de fonds', 'USD', 200.00, 300.20, 'Épargne Aga', '2025-05-31 17:29:30', '2025-05-31 17:29:30'),
(21, 19, NULL, 3, NULL, 'dépôt', 'USD', 200.00, 200.00, 'DEPOT du compte IMF010 Client: Aga Bacibone par Recouvreur', '2025-05-31 18:04:30', '2025-05-31 18:04:30'),
(22, NULL, NULL, 1, NULL, 'Entrée de fonds', 'USD', 300.00, 600.20, 'Ajout sur le paiement loyer voir babu', '2025-06-01 17:14:00', '2025-06-01 17:14:00'),
(23, NULL, NULL, 1, NULL, 'Sortie de fonds', 'USD', 600.00, 0.20, 'Paiement 2eme ajout sur paiement  loyer ', '2025-06-02 12:23:03', '2025-06-02 12:23:03'),
(24, NULL, NULL, 1, NULL, 'Entrée de fonds', 'USD', 165.00, 165.20, 'Remboursement  crédit papa olivier ', '2025-06-03 21:14:24', '2025-06-03 21:14:24'),
(25, NULL, NULL, 1, NULL, 'Sortie de fonds', 'USD', 50.00, 115.20, 'Crédit client VENANSI', '2025-06-07 08:11:54', '2025-06-07 08:11:54'),
(26, NULL, NULL, 1, NULL, 'Entrée de fonds', 'USD', 100.00, 215.20, 'Totalisation de 200$ sur paiement loyer irenge.', '2025-06-07 12:12:59', '2025-06-07 12:12:59'),
(27, NULL, NULL, 1, NULL, 'Entrée de fonds', 'USD', 50.00, 265.20, 'Totalisation 250$ sur l le paiement loyer innocent ', '2025-06-07 12:14:01', '2025-06-07 12:14:01'),
(28, NULL, NULL, 1, NULL, 'Entrée de fonds', 'USD', 50.00, 315.20, 'Totalisation 250$ sur le paiement loyer Babu', '2025-06-07 12:14:45', '2025-06-07 12:14:45'),
(29, NULL, NULL, 1, NULL, 'Sortie de fonds', 'USD', 200.00, 115.20, 'Itinéraire loyer samedi le 7/06/', '2025-06-10 11:31:26', '2025-06-10 11:31:26'),
(30, NULL, NULL, 1, NULL, 'Entrée de fonds', 'USD', 200.00, 315.20, 'Épargne Kito', '2025-06-10 11:33:16', '2025-06-10 11:33:16'),
(31, NULL, NULL, 1, NULL, 'Sortie de fonds', 'USD', 310.00, 5.20, 'Crédit menuisier .....tanganyika ', '2025-06-10 12:36:30', '2025-06-10 12:36:30'),
(32, NULL, NULL, 1, NULL, 'Entrée de fonds', 'USD', 300.00, 305.20, 'Essaie caisse ', '2025-06-11 06:15:41', '2025-06-11 06:15:41'),
(34, NULL, NULL, 1, NULL, 'octroi_de_credit', 'USD', 300.00, 5.20, 'Le. Client accepte l\'épargner a la carte ', '2025-06-11 06:17:02', '2025-06-11 06:17:02'),
(35, 23, NULL, 1, NULL, 'dépôt', 'USD', 195.00, 195.00, 'DEPOT du compte IMF012 Client: Cito Bisimwa par Norber@gmail.com', '2025-06-11 09:06:19', '2025-06-11 09:06:19'),
(37, NULL, NULL, 1, NULL, 'Sortie de fonds', 'USD', 100.00, 25.20, 'Inconnu ', '2025-06-14 09:55:50', '2025-06-14 09:55:50'),
(38, NULL, NULL, 1, NULL, 'Sortie de fonds', 'USD', 20.00, 5.20, 'Inconnu ', '2025-06-14 09:57:14', '2025-06-14 09:57:14'),
(39, NULL, NULL, 1, NULL, 'Entrée de fonds', 'USD', 1956.15, 1961.35, 'Caisse maisha bora', '2025-06-14 09:58:00', '2025-06-14 09:58:00'),
(40, NULL, NULL, 13, NULL, 'octroi_de_credit', 'USD', 437.50, 437.50, 'Crédit octroyé avec succès ', '2025-06-14 10:01:15', '2025-06-14 10:01:15'),
(41, 25, NULL, 1, NULL, 'octroi_de_credit', 'USD', 437.50, 1523.85, 'Crédit octroyé avec succès ', '2025-06-14 10:01:15', '2025-06-14 10:01:15'),
(42, NULL, NULL, 14, NULL, 'octroi_de_credit', 'USD', 350.00, 350.00, 'Encour', '2025-06-14 10:17:50', '2025-06-14 10:17:50'),
(43, 27, NULL, 1, NULL, 'octroi_de_credit', 'USD', 350.00, 1173.85, 'Encour', '2025-06-14 10:17:50', '2025-06-14 10:17:50'),
(44, NULL, NULL, 1, NULL, 'octroi_de_credit', 'USD', 350.00, 350.00, 'Bonne chance ', '2025-06-14 10:23:26', '2025-06-14 10:23:26'),
(46, NULL, NULL, 15, NULL, 'octroi_de_credit', 'USD', 250.00, 250.00, 'Bonne chance ', '2025-06-14 10:33:03', '2025-06-14 10:33:03'),
(47, 29, NULL, 1, NULL, 'octroi_de_credit', 'USD', 250.00, 573.85, 'Bonne chance ', '2025-06-14 10:33:03', '2025-06-14 10:33:03'),
(48, NULL, NULL, 16, NULL, 'octroi_de_credit', 'USD', 10.00, 10.00, 'Derniers remboursements ', '2025-06-14 10:54:24', '2025-06-14 10:54:24'),
(49, 31, NULL, 1, NULL, 'octroi_de_credit', 'USD', 10.00, 563.85, 'Derniers remboursements ', '2025-06-14 10:54:24', '2025-06-14 10:54:24'),
(50, NULL, NULL, 16, NULL, 'octroi_de_credit', 'USD', 90.00, 100.00, 'Succès ', '2025-06-14 10:57:17', '2025-06-14 10:57:17'),
(51, 31, NULL, 1, NULL, 'octroi_de_credit', 'USD', 100.00, 100.00, 'Succès ', '2025-06-14 10:57:17', '2025-06-14 10:57:17'),
(52, NULL, NULL, 1, NULL, 'octroi_de_credit', 'USD', 150.00, 500.00, 'Crédit express ', '2025-06-14 11:00:49', '2025-06-14 11:00:49'),
(54, NULL, NULL, 17, NULL, 'octroi_de_credit', 'USD', 50.00, 50.00, 'Crédit en retard ', '2025-06-14 11:07:16', '2025-06-14 11:07:16'),
(55, 33, NULL, 1, NULL, 'octroi_de_credit', 'USD', 50.00, 50.00, 'Crédit en retard ', '2025-06-14 11:07:16', '2025-06-14 11:07:16'),
(56, NULL, NULL, 18, NULL, 'octroi_de_credit', 'USD', 50.00, 50.00, 'Encour', '2025-06-14 11:16:36', '2025-06-14 11:16:36'),
(57, 35, NULL, 1, NULL, 'octroi_de_credit', 'USD', 50.00, 50.00, 'Crédit VENANSI avec succès ', '2025-06-14 11:16:36', '2025-06-14 11:16:36'),
(58, 33, NULL, 17, NULL, 'penalite_de_credit', 'USD', 63.60, -63.60, 'Pénalité appliquée sur l\'échéance du 2025-05-01', '2025-06-14 12:47:06', '2025-06-14 12:47:06'),
(60, 29, NULL, 1, NULL, 'retrait', 'USD', 250.00, 0.00, 'RETRAIT du compte IMF114 Client: Narhema  BUHAMBAHAMBA  par Norber@gmail.com', '2025-06-14 13:24:07', '2025-06-14 13:24:07'),
(61, 29, NULL, 1, NULL, 'dépôt', 'USD', 136.25, 136.25, 'DEPOT du compte IMF114 Client: Narhema  BUHAMBAHAMBA  par Norber@gmail.com', '2025-06-14 13:26:20', '2025-06-14 13:26:20'),
(62, 27, NULL, 1, NULL, 'retrait', 'USD', 350.00, 0.00, 'RETRAIT du compte IMF113 Client: KASANGANDJO WIYALIKA par Norber@gmail.com', '2025-06-14 13:28:17', '2025-06-14 13:28:17'),
(63, 17, NULL, 1, NULL, 'retrait', 'USD', 100.00, 0.00, 'RETRAIT du compte IMF108 Client: Irenge Baguma par Norber@gmail.com', '2025-06-14 13:40:01', '2025-06-14 13:40:01'),
(64, 25, NULL, 1, NULL, 'retrait', 'USD', 437.50, 0.00, 'RETRAIT du compte IMF112 Client: FARAJA  MANEGABE par Norber@gmail.com', '2025-06-14 13:40:19', '2025-06-14 13:40:19'),
(76, NULL, NULL, 19, NULL, 'octroi_de_credit', 'USD', 100.00, 100.00, 'Crédit Richard kadusi migabo avec succès ', '2025-06-15 12:04:40', '2025-06-15 12:04:40'),
(77, 37, NULL, 1, NULL, 'octroi_de_credit', 'USD', 100.00, 0.00, 'Crédit Richard kadusi migabo avec succès ', '2025-06-15 12:04:40', '2025-06-15 12:04:40'),
(84, 18, NULL, 20, NULL, 'dépôt', 'CDF', 25000.00, 25000.00, 'DEPOT du compte IMF108 Client: Irenge Baguma par Ashuza', '2025-06-16 17:53:43', '2025-06-16 17:53:43'),
(85, 40, NULL, 20, NULL, 'dépôt', 'CDF', 10000.00, 10000.00, 'DEPOT du compte IMF119 Client: Emmanuella Kamutu par Ashuza', '2025-06-16 18:00:13', '2025-06-16 18:00:13'),
(86, 40, NULL, 20, NULL, 'dépôt', 'CDF', 10000.00, 20000.00, 'DEPOT du compte IMF119 Client: Emmanuella Kamutu par Ashuza', '2025-06-16 18:00:34', '2025-06-16 18:00:34'),
(87, 40, NULL, 20, NULL, 'dépôt', 'CDF', 30000.00, 50000.00, 'DEPOT du compte IMF119 Client: Emmanuella Kamutu par Ashuza', '2025-06-16 18:00:52', '2025-06-16 18:00:52'),
(88, NULL, 8, 20, NULL, 'virement vers caisse centrale', 'CDF', 55000.00, 0.00, 'Virement de 55000 CDF du compte de Ashuza vers la caisse centrale. #REF1', '2025-06-16 18:03:53', '2025-06-16 18:03:53'),
(95, 70, NULL, 2, NULL, 'dépôt', 'CDF', 3000.00, 3000.00, 'DEPOT du compte IMF130 Client: MUGISHO MUGISHO par Caissier', '2025-06-17 19:08:06', '2025-06-17 19:08:06'),
(96, 68, NULL, 2, NULL, 'dépôt', 'CDF', 60000.00, 60000.00, 'DEPOT du compte IMF129 Client: TOP BABU par Caissier', '2025-06-17 19:08:50', '2025-06-17 19:08:50'),
(97, 66, NULL, 2, NULL, 'dépôt', 'CDF', 4000.00, 4000.00, 'DEPOT du compte IMF128 Client: FRANCOIS MAISHA par Caissier', '2025-06-17 19:09:25', '2025-06-17 19:09:25'),
(98, 64, NULL, 2, NULL, 'dépôt', 'CDF', 3000.00, 3000.00, 'DEPOT du compte IMF127 Client: ESTHER MATABARO par Caissier', '2025-06-17 19:10:04', '2025-06-17 19:10:04'),
(99, 62, NULL, 2, NULL, 'dépôt', 'CDF', 5000.00, 5000.00, 'DEPOT du compte IMF126 Client: JOSEPH VAINQUEUR par Caissier', '2025-06-17 19:10:41', '2025-06-17 19:10:41'),
(100, 60, NULL, 2, NULL, 'dépôt', 'CDF', 20000.00, 20000.00, 'DEPOT du compte IMF125 Client: EVODIE NSIKU par Caissier', '2025-06-17 19:11:10', '2025-06-17 19:11:10'),
(101, 50, NULL, 2, NULL, 'dépôt', 'CDF', 3000.00, 3000.00, 'DEPOT du compte IMF120 Client: LUC MARABARO par Caissier', '2025-06-17 19:12:21', '2025-06-17 19:12:21'),
(102, 20, NULL, 2, NULL, 'dépôt', 'CDF', 20000.00, 20000.00, 'DEPOT du compte IMF104 Client: Aga Bacibone par Caissier', '2025-06-17 19:14:44', '2025-06-17 19:14:44'),
(103, 58, NULL, 2, NULL, 'dépôt', 'CDF', 4000.00, 4000.00, 'DEPOT du compte IMF124 Client: CHADRACK MASIRIKA par Caissier', '2025-06-17 19:16:26', '2025-06-17 19:16:26'),
(104, NULL, 2, 2, NULL, 'virement vers caisse centrale', 'CDF', 122000.00, 0.00, 'Virement de 122000 CDF du compte de Caissier vers la caisse centrale. #REF2', '2025-06-17 19:17:15', '2025-06-17 19:17:15'),
(111, 72, NULL, 2, NULL, 'dépôt', 'CDF', 5000.00, 5000.00, 'DEPOT du compte IMF131 Client: BAVURHE ANNUARITE par Admin', '2025-06-18 16:16:11', '2025-06-18 16:16:11'),
(112, 53, NULL, 2, NULL, 'dépôt', 'USD', 10.00, 10.00, 'DEPOT du compte IMF122 Client: ISHARA BUDERWA par Admin', '2025-06-18 16:24:03', '2025-06-18 16:24:03'),
(113, 32, NULL, 2, NULL, 'dépôt', 'CDF', 30000.00, 30000.00, 'DEPOT du compte IMF110 Client: Irenge  Mulandu par Admin', '2025-06-18 16:33:14', '2025-06-18 16:33:14'),
(114, 46, NULL, 2, NULL, 'dépôt', 'CDF', 50000.00, 50000.00, 'DEPOT du compte IMF119 Client: Gislain Buhamba par Admin', '2025-06-18 16:35:50', '2025-06-18 16:35:50'),
(115, 41, NULL, 2, NULL, 'dépôt', 'CDF', 20000.00, 20000.00, 'DEPOT du compte IMF117 Client: Akonkwa  Biringanine par Admin', '2025-06-18 16:36:23', '2025-06-18 16:36:23'),
(116, 54, NULL, 2, NULL, 'dépôt', 'CDF', 3000.00, 3000.00, 'DEPOT du compte IMF122 Client: ISHARA BUDERWA par Admin', '2025-06-18 16:37:30', '2025-06-18 16:37:30'),
(117, 25, NULL, 2, NULL, 'dépôt', 'USD', 10.00, -267.07, 'DEPOT du compte IMF107 Client: FARAJA  MANEGABE par Admin', '2025-06-18 16:40:47', '2025-06-18 16:40:47'),
(118, 32, NULL, 2, NULL, 'dépôt', 'CDF', 30000.00, 60000.00, 'DEPOT du compte IMF110 Client: Irenge  Mulandu par Admin', '2025-06-18 16:41:24', '2025-06-18 16:41:24'),
(119, 46, NULL, 2, NULL, 'dépôt', 'CDF', 50000.00, 100000.00, 'DEPOT du compte IMF119 Client: Gislain Buhamba par Admin', '2025-06-18 16:41:54', '2025-06-18 16:41:54'),
(120, 74, NULL, 2, NULL, 'dépôt', 'CDF', 10000.00, 10000.00, 'DEPOT du compte IMF132 Client: KILUNDU BERNADETTE par Admin', '2025-06-18 16:42:29', '2025-06-18 16:42:29'),
(121, 76, NULL, 2, NULL, 'dépôt', 'CDF', 5000.00, 5000.00, 'DEPOT du compte IMF133 Client: AZIZA MUDERWHA par Admin', '2025-06-18 16:45:43', '2025-06-18 16:45:43'),
(122, NULL, 1, 2, NULL, 'virement vers caisse centrale', 'USD', 20.00, 0.00, 'Virement de 20 USD du compte de Caissier vers la caisse centrale. #REF3', '2025-06-18 17:31:00', '2025-06-18 17:31:00'),
(123, NULL, 2, 2, NULL, 'virement vers caisse centrale', 'CDF', 203000.00, 0.00, 'Virement de 203000 CDF du compte de Caissier vers la caisse centrale. #REF4', '2025-06-18 17:32:10', '2025-06-18 17:32:10'),
(124, 78, NULL, 2, NULL, 'dépôt', 'CDF', 10000.00, 10000.00, 'DEPOT du compte IMF134 Client: SAFARI MASHIMANGO par Caissier', '2025-06-18 17:49:21', '2025-06-18 17:49:21'),
(125, 20, NULL, 2, NULL, 'dépôt', 'CDF', 20000.00, 40000.00, 'DEPOT du compte IMF104 Client: Aga Bacibone par Caissier', '2025-06-18 18:55:28', '2025-06-18 18:55:28'),
(126, 62, NULL, 2, NULL, 'dépôt', 'CDF', 5000.00, 10000.00, 'DEPOT du compte IMF126 Client: JOSEPH VAINQUEUR par Caissier', '2025-06-18 18:56:02', '2025-06-18 18:56:02'),
(127, 68, NULL, 2, NULL, 'dépôt', 'CDF', 60000.00, 120000.00, 'DEPOT du compte IMF129 Client: TOP BABU par Caissier', '2025-06-18 18:56:40', '2025-06-18 18:56:40'),
(128, 66, NULL, 2, NULL, 'dépôt', 'CDF', 4000.00, 8000.00, 'DEPOT du compte IMF128 Client: FRANCOIS MAISHA par Caissier', '2025-06-18 18:57:07', '2025-06-18 18:57:07'),
(129, 70, NULL, 2, NULL, 'dépôt', 'CDF', 3000.00, 6000.00, 'DEPOT du compte IMF130 Client: MUGISHO MUGISHO par Caissier', '2025-06-18 18:57:29', '2025-06-18 18:57:29'),
(130, 64, NULL, 2, NULL, 'dépôt', 'CDF', 3000.00, 6000.00, 'DEPOT du compte IMF127 Client: ESTHER MATABARO par Caissier', '2025-06-18 18:57:54', '2025-06-18 18:57:54'),
(131, 50, NULL, 2, NULL, 'dépôt', 'CDF', 3000.00, 6000.00, 'DEPOT du compte IMF120 Client: LUC MARABARO par Caissier', '2025-06-18 18:58:21', '2025-06-18 18:58:21'),
(132, 60, NULL, 2, NULL, 'dépôt', 'CDF', 20000.00, 40000.00, 'DEPOT du compte IMF125 Client: EVODIE NSIKU par Caissier', '2025-06-18 18:58:49', '2025-06-18 18:58:49'),
(133, 80, NULL, 2, NULL, 'dépôt', 'CDF', 4000.00, 4000.00, 'DEPOT du compte IMF135 Client: CLAUDINE  BARHALENGERWA par Caissier', '2025-06-18 18:59:15', '2025-06-18 18:59:15'),
(134, 25, NULL, 2, NULL, 'dépôt', 'USD', 10.00, -257.07, 'DEPOT du compte IMF107 Client: FARAJA  MANEGABE par Caissier', '2025-06-18 18:59:47', '2025-06-18 18:59:47'),
(135, 82, NULL, 2, NULL, 'dépôt', 'CDF', 2000.00, 2000.00, 'DEPOT du compte IMF136 Client: ALICE  CINAMA par Caissier', '2025-06-18 19:00:19', '2025-06-18 19:00:19'),
(136, 84, NULL, 2, NULL, 'dépôt', 'CDF', 2000.00, 2000.00, 'DEPOT du compte IMF137 Client: DENISE MUDUMBI par Caissier', '2025-06-18 19:00:50', '2025-06-18 19:00:50'),
(137, 44, NULL, 2, NULL, 'dépôt', 'CDF', 3000.00, 3000.00, 'DEPOT du compte IMF118 Client: Ishara  Kalangiro par Caissier', '2025-06-18 19:01:23', '2025-06-18 19:01:23'),
(138, 86, NULL, 2, NULL, 'dépôt', 'CDF', 2000.00, 2000.00, 'DEPOT du compte IMF138 Client: NICOLE AWA par Caissier', '2025-06-18 19:01:45', '2025-06-18 19:01:45'),
(139, 58, NULL, 2, NULL, 'dépôt', 'CDF', 4000.00, 8000.00, 'DEPOT du compte IMF124 Client: CHADRACK MASIRIKA par Caissier', '2025-06-18 19:02:19', '2025-06-18 19:02:19'),
(140, 18, NULL, 2, NULL, 'dépôt', 'CDF', 25000.00, 50000.00, 'DEPOT du compte IMF103 Client: Irenge Baguma par Caissier', '2025-06-18 19:02:54', '2025-06-18 19:02:54'),
(141, 88, NULL, 2, NULL, 'dépôt', 'CDF', 4000.00, 4000.00, 'DEPOT du compte IMF139 Client: IRENGE BALAGIZI par Caissier', '2025-06-18 19:03:22', '2025-06-18 19:03:22'),
(142, 90, NULL, 2, NULL, 'dépôt', 'CDF', 4000.00, 4000.00, 'DEPOT du compte IMF140 Client: DEKULO PASCAL par Caissier', '2025-06-18 19:03:43', '2025-06-18 19:03:43'),
(143, 92, NULL, 2, NULL, 'dépôt', 'CDF', 4000.00, 4000.00, 'DEPOT du compte IMF141 Client: JUSTIN NTABOBA par Caissier', '2025-06-18 19:04:19', '2025-06-18 19:04:19'),
(144, 94, NULL, 2, NULL, 'dépôt', 'CDF', 3000.00, 3000.00, 'DEPOT du compte IMF142 Client: CUBAKA BANYWESIZE par Caissier', '2025-06-18 19:04:47', '2025-06-18 19:04:47'),
(145, 96, NULL, 2, NULL, 'dépôt', 'CDF', 20000.00, 20000.00, 'DEPOT du compte IMF143 Client: EMMANUELLA KAMUTU par Caissier', '2025-06-18 19:05:15', '2025-06-18 19:05:15'),
(146, 96, NULL, 2, NULL, 'dépôt', 'CDF', 4000.00, 24000.00, 'DEPOT du compte IMF143 Client: EMMANUELLA KAMUTU par Caissier', '2025-06-18 19:06:47', '2025-06-18 19:06:47'),
(147, NULL, 2, 2, NULL, 'virement vers caisse centrale', 'CDF', 209000.00, 0.00, 'Virement de 209000 CDF du compte de Caissier vers la caisse centrale. #REF5', '2025-06-18 19:08:19', '2025-06-18 19:08:19'),
(148, NULL, 1, 2, NULL, 'virement vers caisse centrale', 'USD', 10.00, 0.00, 'Virement de 10 USD du compte de Caissier vers la caisse centrale. #REF6', '2025-06-18 19:08:42', '2025-06-18 19:08:42'),
(155, 98, NULL, 2, NULL, 'dépôt', 'CDF', 2000.00, 2000.00, 'DEPOT du compte IMF144 Client: BLESSING NOELLA par Caissier', '2025-06-19 17:19:30', '2025-06-19 17:19:30'),
(156, 32, NULL, 2, NULL, 'dépôt', 'CDF', 30000.00, 90000.00, 'DEPOT du compte IMF110 Client: Irenge  Mulandu par Caissier', '2025-06-19 17:19:58', '2025-06-19 17:19:58'),
(157, 46, NULL, 2, NULL, 'dépôt', 'CDF', 50000.00, 150000.00, 'DEPOT du compte IMF119 Client: Gislain Buhamba par Caissier', '2025-06-19 17:20:23', '2025-06-19 17:20:23'),
(158, 112, NULL, 2, NULL, 'dépôt', 'CDF', 3000.00, 3000.00, 'DEPOT du compte IMF151 Client: PATIENT CIMANUKA par Caissier', '2025-06-19 17:20:47', '2025-06-19 17:20:47'),
(159, 114, NULL, 2, NULL, 'dépôt', 'CDF', 5000.00, 5000.00, 'DEPOT du compte IMF152 Client: MASTAKI CINAMA par Caissier', '2025-06-19 17:21:09', '2025-06-19 17:21:09'),
(160, 106, NULL, 2, NULL, 'dépôt', 'CDF', 5000.00, 5000.00, 'DEPOT du compte IMF148 Client: BARHATULIRWA MUSHI par Caissier', '2025-06-19 17:21:50', '2025-06-19 17:21:50'),
(161, 104, NULL, 2, NULL, 'dépôt', 'CDF', 5000.00, 5000.00, 'DEPOT du compte IMF147 Client: JEANETTE MUDERHWA par Caissier', '2025-06-19 17:22:13', '2025-06-19 17:22:13'),
(162, 102, NULL, 2, NULL, 'dépôt', 'CDF', 10000.00, 10000.00, 'DEPOT du compte IMF146 Client: CIRIMWAMI MECHACK par Caissier', '2025-06-19 17:22:41', '2025-06-19 17:22:41'),
(163, 110, NULL, 2, NULL, 'dépôt', 'CDF', 4000.00, 4000.00, 'DEPOT du compte IMF150 Client: BAHATI BIREGO par Caissier', '2025-06-19 17:23:11', '2025-06-19 17:23:11'),
(164, 108, NULL, 2, NULL, 'dépôt', 'CDF', 2000.00, 2000.00, 'DEPOT du compte IMF149 Client: SANZA MUKENGE par Caissier', '2025-06-19 17:23:32', '2025-06-19 17:23:32'),
(165, 118, NULL, 2, NULL, 'dépôt', 'CDF', 2000.00, 2000.00, 'DEPOT du compte IMF154 Client: CINAMA JULIENNE par Caissier', '2025-06-19 17:24:07', '2025-06-19 17:24:07'),
(166, 124, NULL, 2, NULL, 'dépôt', 'CDF', 1000.00, 1000.00, 'DEPOT du compte IMF157 Client: ISRAEL KIBALI par Caissier', '2025-06-19 17:28:53', '2025-06-19 17:28:53'),
(167, 122, NULL, 2, NULL, 'dépôt', 'CDF', 2000.00, 2000.00, 'DEPOT du compte IMF156 Client: BYAMUNGU BIREGO par Caissier', '2025-06-19 17:29:26', '2025-06-19 17:29:26'),
(168, 120, NULL, 2, NULL, 'dépôt', 'CDF', 10000.00, 10000.00, 'DEPOT du compte IMF155 Client: ISHARA EMANI par Caissier', '2025-06-19 17:31:44', '2025-06-19 17:31:44'),
(169, 116, NULL, 2, NULL, 'dépôt', 'CDF', 2000.00, 2000.00, 'DEPOT du compte IMF153 Client: BYAMUNGU BYAMUNGU par Caissier', '2025-06-19 17:39:35', '2025-06-19 17:39:35'),
(170, NULL, 2, 2, NULL, 'virement vers caisse centrale', 'CDF', 133.00, 132867.00, 'Virement de 133 CDF du compte de Caissier vers la caisse centrale. #REF7', '2025-06-19 18:09:45', '2025-06-19 18:09:45'),
(171, 138, NULL, 2, NULL, 'dépôt', 'CDF', 5000.00, 5000.00, 'DEPOT du compte IMF164 Client: SENGI MWALAVUMBA par Caissier', '2025-06-19 18:11:12', '2025-06-19 18:11:12'),
(172, 134, NULL, 2, NULL, 'dépôt', 'CDF', 2000.00, 2000.00, 'DEPOT du compte IMF162 Client: ISHARA  BUDERHWA par Caissier', '2025-06-19 18:12:22', '2025-06-19 18:12:22'),
(173, NULL, NULL, 2, NULL, 'dépôt', 'CDF', 5000.00, 5000.00, 'DEPOT du compte IMF163 Client: BAGULA BAHATI par Caissier', '2025-06-19 18:15:47', '2025-06-19 18:15:47'),
(174, 130, NULL, 2, NULL, 'dépôt', 'CDF', 3000.00, 3000.00, 'DEPOT du compte IMF160 Client: BLAISE  MUSHAGALUSA par Caissier', '2025-06-19 18:17:47', '2025-06-19 18:17:47'),
(175, 56, NULL, 2, NULL, 'dépôt', 'CDF', 10000.00, 10000.00, 'DEPOT du compte IMF123 Client: LUC KAJABWIKA par Caissier', '2025-06-19 18:18:28', '2025-06-19 18:18:28'),
(176, 52, NULL, 2, NULL, 'dépôt', 'CDF', 10000.00, 10000.00, 'DEPOT du compte IMF121 Client: EMMANUEL BUHENDWA par Caissier', '2025-06-19 18:19:21', '2025-06-19 18:19:21'),
(177, 128, NULL, 2, NULL, 'dépôt', 'CDF', 5000.00, 5000.00, 'DEPOT du compte IMF159 Client: HELEINA MWARUKARUKA par Caissier', '2025-06-19 18:20:01', '2025-06-19 18:20:01'),
(179, 132, NULL, 2, NULL, 'dépôt', 'CDF', 5000.00, 5000.00, 'DEPOT du compte IMF161 Client: BARAKA CHIRHAKARHULA par Caissier', '2025-06-19 18:22:50', '2025-06-19 18:22:50'),
(180, 80, NULL, 2, NULL, 'dépôt', 'CDF', 4000.00, 8000.00, 'DEPOT du compte IMF135 Client: CLAUDINE  BARHALENGERWA par Caissier', '2025-06-19 18:33:18', '2025-06-19 18:33:18'),
(181, 44, NULL, 2, NULL, 'dépôt', 'CDF', 6000.00, 9000.00, 'DEPOT du compte IMF118 Client: Ishara  Kalangiro par Caissier', '2025-06-19 18:38:06', '2025-06-19 18:38:06'),
(182, 62, NULL, 2, NULL, 'dépôt', 'CDF', 5000.00, 15000.00, 'DEPOT du compte IMF126 Client: JOSEPH VAINQUEUR par Caissier', '2025-06-19 18:40:49', '2025-06-19 18:40:49'),
(183, 20, NULL, 2, NULL, 'dépôt', 'CDF', 20000.00, 60000.00, 'DEPOT du compte IMF104 Client: Aga Bacibone par Caissier', '2025-06-19 18:44:20', '2025-06-19 18:44:20'),
(184, 78, NULL, 2, NULL, 'dépôt', 'CDF', 10000.00, 20000.00, 'DEPOT du compte IMF134 Client: SAFARI MASHIMANGO par Caissier', '2025-06-19 18:48:36', '2025-06-19 18:48:36'),
(185, 76, NULL, 2, NULL, 'dépôt', 'CDF', 5000.00, 10000.00, 'DEPOT du compte IMF133 Client: AZIZA MUDERWHA par Caissier', '2025-06-19 18:49:56', '2025-06-19 18:49:56'),
(186, 72, NULL, 2, NULL, 'dépôt', 'CDF', 5000.00, 10000.00, 'DEPOT du compte IMF131 Client: BAVURHE ANNUARITE par Caissier', '2025-06-19 18:50:51', '2025-06-19 18:50:51'),
(187, 18, NULL, 2, NULL, 'dépôt', 'CDF', 25000.00, 75000.00, 'DEPOT du compte IMF103 Client: Irenge Baguma par Caissier', '2025-06-19 18:51:44', '2025-06-19 18:51:44'),
(188, 94, NULL, 2, NULL, 'dépôt', 'CDF', 3000.00, 6000.00, 'DEPOT du compte IMF142 Client: CUBAKA BANYWESIZE par Caissier', '2025-06-19 18:52:33', '2025-06-19 18:52:33'),
(189, 90, NULL, 2, NULL, 'dépôt', 'CDF', 4000.00, 8000.00, 'DEPOT du compte IMF140 Client: DEKULO PASCAL par Caissier', '2025-06-19 18:53:04', '2025-06-19 18:53:04'),
(190, 25, NULL, 2, NULL, 'dépôt', 'USD', 10.00, -316.85, 'DEPOT du compte IMF107 Client: FARAJA  MANEGABE par Caissier', '2025-06-19 18:54:16', '2025-06-19 18:54:16'),
(191, 42, NULL, 2, NULL, 'dépôt', 'CDF', 20000.00, 40000.00, 'DEPOT du compte IMF117 Client: Akonkwa  Biringanine par Caissier', '2025-06-19 18:55:24', '2025-06-19 18:55:24'),
(192, 68, NULL, 2, NULL, 'dépôt', 'CDF', 60000.00, 180000.00, 'DEPOT du compte IMF129 Client: TOP BABU par Caissier', '2025-06-19 18:56:57', '2025-06-19 18:56:57'),
(193, 66, NULL, 2, NULL, 'dépôt', 'CDF', 4000.00, 12000.00, 'DEPOT du compte IMF128 Client: FRANCOIS MAISHA par Caissier', '2025-06-19 18:57:30', '2025-06-19 18:57:30'),
(194, 64, NULL, 2, NULL, 'dépôt', 'CDF', 3000.00, 9000.00, 'DEPOT du compte IMF127 Client: ESTHER MATABARO par Caissier', '2025-06-19 18:58:33', '2025-06-19 18:58:33'),
(195, 50, NULL, 2, NULL, 'dépôt', 'CDF', 3000.00, 9000.00, 'DEPOT du compte IMF120 Client: LUC MARABARO par Caissier', '2025-06-19 18:59:24', '2025-06-19 18:59:24'),
(196, 70, NULL, 2, NULL, 'dépôt', 'CDF', 3000.00, 9000.00, 'DEPOT du compte IMF130 Client: MUGISHO MUGISHO par Caissier', '2025-06-19 18:59:55', '2025-06-19 18:59:55'),
(197, 140, NULL, 2, NULL, 'dépôt', 'CDF', 20000.00, 20000.00, 'DEPOT du compte IMF165 Client: BINJA WINGA par Caissier', '2025-06-19 19:02:12', '2025-06-19 19:02:12'),
(198, 74, NULL, 2, NULL, 'dépôt', 'CDF', 5000.00, 15000.00, 'DEPOT du compte IMF132 Client: KILUNDU BERNADETTE par Caissier', '2025-06-19 19:12:36', '2025-06-19 19:12:36'),
(199, 53, NULL, 2, NULL, 'dépôt', 'USD', 10.00, 20.00, 'DEPOT du compte IMF122 Client: ISHARA BUDERWA par Caissier', '2025-06-19 19:18:31', '2025-06-19 19:18:31'),
(200, NULL, 2, 2, NULL, 'virement vers caisse centrale', 'CDF', 132867.00, 250000.00, 'Virement de 132867 CDF du compte de Caissier vers la caisse centrale. #REF8', '2025-06-19 19:28:51', '2025-06-19 19:28:51'),
(201, 42, NULL, 2, NULL, 'dépôt', 'CDF', 14000.00, 54000.00, 'DEPOT du compte IMF117 Client: Akonkwa  Biringanine par Caissier', '2025-06-19 19:35:36', '2025-06-19 19:35:36'),
(202, 130, NULL, 2, NULL, 'dépôt', 'CDF', 3000.00, 6000.00, 'DEPOT du compte IMF160 Client: BLAISE  MUSHAGALUSA par Caissier', '2025-06-19 19:40:13', '2025-06-19 19:40:13'),
(203, 88, NULL, 2, NULL, 'dépôt', 'CDF', 4000.00, 8000.00, 'DEPOT du compte IMF139 Client: IRENGE BALAGIZI par Caissier', '2025-06-19 19:41:49', '2025-06-19 19:41:49'),
(204, 92, NULL, 2, NULL, 'dépôt', 'CDF', 4000.00, 8000.00, 'DEPOT du compte IMF141 Client: JUSTIN NTABOBA par Caissier', '2025-06-19 19:44:39', '2025-06-19 19:44:39'),
(205, 96, NULL, 2, NULL, 'dépôt', 'CDF', 6000.00, 10000.00, 'DEPOT du compte IMF143 Client: EMMANUELLA KAMUTU par Caissier', '2025-06-19 19:46:15', '2025-06-19 19:46:15'),
(206, NULL, 2, 2, NULL, 'virement vers caisse centrale', 'CDF', 280000.00, 1000.00, 'Virement de 280000 CDF du compte de Caissier vers la caisse centrale. #REF9', '2025-06-19 19:52:14', '2025-06-19 19:52:14'),
(207, NULL, 2, 2, NULL, 'virement vers caisse centrale', 'CDF', 20.00, 980.00, 'Virement de 20 CDF du compte de Caissier vers la caisse centrale. #REF10', '2025-06-19 19:52:34', '2025-06-19 19:52:34'),
(208, NULL, 1, 2, NULL, 'virement vers caisse centrale', 'USD', 20.00, 0.00, 'Virement de 20 USD du compte de Caissier vers la caisse centrale. #REF11', '2025-06-19 19:53:10', '2025-06-19 19:53:10'),
(215, 112, NULL, 2, NULL, 'dépôt', 'CDF', 3000.00, 6000.00, 'DEPOT du compte IMF151 Client: PATIENT CIMANUKA par Caissier', '2025-06-20 16:22:17', '2025-06-20 16:22:17'),
(216, 112, NULL, 2, NULL, 'dépôt', 'CDF', 3000.00, 9000.00, 'DEPOT du compte IMF151 Client: PATIENT CIMANUKA par Caissier', '2025-06-20 16:23:00', '2025-06-20 16:23:00'),
(217, 118, NULL, 2, NULL, 'dépôt', 'CDF', 2000.00, 4000.00, 'DEPOT du compte IMF154 Client: CINAMA JULIENNE par Caissier', '2025-06-20 16:23:54', '2025-06-20 16:23:54'),
(218, 118, NULL, 2, NULL, 'dépôt', 'CDF', 2000.00, 6000.00, 'DEPOT du compte IMF154 Client: CINAMA JULIENNE par Caissier', '2025-06-20 16:24:10', '2025-06-20 16:24:10'),
(219, 46, NULL, 2, NULL, 'dépôt', 'CDF', 50000.00, 200000.00, 'DEPOT du compte IMF119 Client: Gislain Buhamba par Caissier', '2025-06-20 16:25:35', '2025-06-20 16:25:35'),
(220, 32, NULL, 2, NULL, 'dépôt', 'CDF', 30000.00, 120000.00, 'DEPOT du compte IMF110 Client: Irenge  Mulandu par Caissier', '2025-06-20 16:26:18', '2025-06-20 16:26:18'),
(221, 44, NULL, 2, NULL, 'dépôt', 'CDF', 3000.00, 12000.00, 'DEPOT du compte IMF118 Client: Ishara  Kalangiro par Caissier', '2025-06-20 16:27:01', '2025-06-20 16:27:01'),
(222, 124, NULL, 2, NULL, 'dépôt', 'CDF', 1000.00, 2000.00, 'DEPOT du compte IMF157 Client: KANGOME KIBALI par Caissier', '2025-06-20 16:27:36', '2025-06-20 16:27:36'),
(223, 124, NULL, 2, NULL, 'dépôt', 'CDF', 1000.00, 3000.00, 'DEPOT du compte IMF157 Client: KANGOME KIBALI par Caissier', '2025-06-20 16:27:52', '2025-06-20 16:27:52'),
(224, 124, NULL, 2, NULL, 'dépôt', 'CDF', 1000.00, 4000.00, 'DEPOT du compte IMF157 Client: KANGOME KIBALI par Caissier', '2025-06-20 16:30:12', '2025-06-20 16:30:12'),
(225, 120, NULL, 2, NULL, 'dépôt', 'CDF', 5000.00, 15000.00, 'DEPOT du compte IMF155 Client: ISHARA EMANI par Caissier', '2025-06-20 16:30:56', '2025-06-20 16:30:56'),
(226, 120, NULL, 2, NULL, 'dépôt', 'CDF', 5000.00, 20000.00, 'DEPOT du compte IMF155 Client: ISHARA EMANI par Caissier', '2025-06-20 16:31:09', '2025-06-20 16:31:09'),
(227, NULL, 2, 2, NULL, 'virement vers caisse centrale', 'CDF', 106000.00, 1000.00, 'Virement de 106000 CDF du compte de Caissier vers la caisse centrale. #REF12', '2025-06-20 18:08:18', '2025-06-20 18:08:18'),
(228, 42, NULL, 2, NULL, 'dépôt', 'CDF', 6000.00, 60000.00, 'DEPOT du compte IMF117 Client: Akonkwa  Biringanine par Caissier', '2025-06-20 18:10:07', '2025-06-20 18:10:07'),
(229, 42, NULL, 2, NULL, 'dépôt', 'CDF', 20000.00, 80000.00, 'DEPOT du compte IMF117 Client: Akonkwa  Biringanine par Caissier', '2025-06-20 18:10:32', '2025-06-20 18:10:32'),
(230, 82, NULL, 2, NULL, 'dépôt', 'CDF', 2000.00, 4000.00, 'DEPOT du compte IMF136 Client: ALICE  CINAMA par Caissier', '2025-06-20 18:11:39', '2025-06-20 18:11:39'),
(231, 128, NULL, 2, NULL, 'dépôt', 'CDF', 5000.00, 10000.00, 'DEPOT du compte IMF159 Client: HELEINA MWARUKARUKA par Caissier', '2025-06-20 18:13:27', '2025-06-20 18:13:27'),
(232, 86, NULL, 2, NULL, 'dépôt', 'CDF', 2000.00, 4000.00, 'DEPOT du compte IMF138 Client: NICOLE AWA par Caissier', '2025-06-20 18:14:35', '2025-06-20 18:14:35'),
(233, 72, NULL, 2, NULL, 'dépôt', 'CDF', 5000.00, 15000.00, 'DEPOT du compte IMF131 Client: BAVURHE ANNUARITE par Caissier', '2025-06-20 18:15:25', '2025-06-20 18:15:25'),
(234, 72, NULL, 2, NULL, 'dépôt', 'CDF', 5000.00, 20000.00, 'DEPOT du compte IMF131 Client: BAVURHE ANNUARITE par Caissier', '2025-06-20 18:15:52', '2025-06-20 18:15:52'),
(235, 74, NULL, 2, NULL, 'dépôt', 'CDF', 5000.00, 20000.00, 'DEPOT du compte IMF132 Client: KILUNDU BERNADETTE par Caissier', '2025-06-20 18:18:00', '2025-06-20 18:18:00'),
(236, 98, NULL, 2, NULL, 'dépôt', 'CDF', 2000.00, 4000.00, 'DEPOT du compte IMF144 Client: BLESSING NOELLA par Caissier', '2025-06-20 18:18:36', '2025-06-20 18:18:36'),
(237, 46, NULL, 2, NULL, 'dépôt', 'CDF', 50000.00, 250000.00, 'DEPOT du compte IMF119 Client: Gislain Buhamba par Caissier', '2025-06-20 18:19:44', '2025-06-20 18:19:44'),
(238, 25, NULL, 2, NULL, 'dépôt', 'USD', 10.00, -376.84, 'DEPOT du compte IMF107 Client: FARAJA  MANEGABE par Caissier', '2025-06-20 18:20:19', '2025-06-20 18:20:19'),
(239, 104, NULL, 2, NULL, 'dépôt', 'CDF', 5000.00, 10000.00, 'DEPOT du compte IMF147 Client: JEANETTE MUDERHWA par Caissier', '2025-06-20 18:21:08', '2025-06-20 18:21:08'),
(240, 56, NULL, 2, NULL, 'dépôt', 'CDF', 10000.00, 20000.00, 'DEPOT du compte IMF123 Client: LUC KAJABWIKA par Caissier', '2025-06-20 18:21:42', '2025-06-20 18:21:42'),
(241, 53, NULL, 2, NULL, 'dépôt', 'USD', 10.00, 30.00, 'DEPOT du compte IMF122 Client: ISHARA BUDERWA par Caissier', '2025-06-20 18:22:23', '2025-06-20 18:22:23'),
(242, 134, NULL, 2, NULL, 'dépôt', 'CDF', 2000.00, 4000.00, 'DEPOT du compte IMF162 Client: ISHARA  BUDERHWA par Caissier', '2025-06-20 18:23:53', '2025-06-20 18:23:53'),
(244, 126, NULL, 2, NULL, 'dépôt', 'CDF', 5000.00, 10000.00, 'DEPOT du compte IMF158 Client: BAGOLA  BAHATI par Caissier', '2025-06-20 18:24:50', '2025-06-20 18:24:50'),
(245, 18, NULL, 2, NULL, 'dépôt', 'CDF', 25000.00, 100000.00, 'DEPOT du compte IMF103 Client: Irenge Baguma par Caissier', '2025-06-20 18:25:57', '2025-06-20 18:25:57'),
(246, 88, NULL, 2, NULL, 'dépôt', 'CDF', 4000.00, 12000.00, 'DEPOT du compte IMF139 Client: IRENGE BALAGIZI par Caissier', '2025-06-20 18:26:34', '2025-06-20 18:26:34'),
(247, 94, NULL, 2, NULL, 'dépôt', 'CDF', 3000.00, 9000.00, 'DEPOT du compte IMF142 Client: CUBAKA BANYWESIZE par Caissier', '2025-06-20 18:27:09', '2025-06-20 18:27:09'),
(248, 92, NULL, 2, NULL, 'dépôt', 'CDF', 4000.00, 12000.00, 'DEPOT du compte IMF141 Client: JUSTIN NTABOBA par Caissier', '2025-06-20 18:27:37', '2025-06-20 18:27:37'),
(249, 90, NULL, 2, NULL, 'dépôt', 'CDF', 4000.00, 12000.00, 'DEPOT du compte IMF140 Client: DEKULO PASCAL par Caissier', '2025-06-20 18:28:15', '2025-06-20 18:28:15'),
(250, 64, NULL, 2, NULL, 'dépôt', 'CDF', 3000.00, 12000.00, 'DEPOT du compte IMF127 Client: ESTHER MATABARO par Caissier', '2025-06-20 18:29:12', '2025-06-20 18:29:12'),
(251, 66, NULL, 2, NULL, 'dépôt', 'CDF', 4000.00, 16000.00, 'DEPOT du compte IMF128 Client: FRANCOIS MAISHA par Caissier', '2025-06-20 18:29:45', '2025-06-20 18:29:45'),
(252, 50, NULL, 2, NULL, 'dépôt', 'CDF', 3000.00, 12000.00, 'DEPOT du compte IMF120 Client: LUC MARABARO par Caissier', '2025-06-20 18:30:25', '2025-06-20 18:30:25'),
(253, 70, NULL, 2, NULL, 'dépôt', 'CDF', 3000.00, 12000.00, 'DEPOT du compte IMF130 Client: MUGISHO MUGISHO par Caissier', '2025-06-20 18:31:03', '2025-06-20 18:31:03'),
(254, 68, NULL, 2, NULL, 'dépôt', 'CDF', 60000.00, 240000.00, 'DEPOT du compte IMF129 Client: TOP BABU par Caissier', '2025-06-20 18:31:36', '2025-06-20 18:31:36'),
(255, 80, NULL, 2, NULL, 'dépôt', 'CDF', 4000.00, 12000.00, 'DEPOT du compte IMF135 Client: CLAUDINE  BARHALENGERWA par Caissier', '2025-06-20 18:33:34', '2025-06-20 18:33:34'),
(256, 58, NULL, 2, NULL, 'dépôt', 'CDF', 4000.00, 12000.00, 'DEPOT du compte IMF124 Client: CHADRACK MASIRIKA par Caissier', '2025-06-20 18:34:09', '2025-06-20 18:34:09'),
(257, 84, NULL, 2, NULL, 'dépôt', 'CDF', 2000.00, 4000.00, 'DEPOT du compte IMF137 Client: DENISE MUDUMBI par Caissier', '2025-06-20 18:34:50', '2025-06-20 18:34:50'),
(258, 84, NULL, 2, NULL, 'dépôt', 'CDF', 2000.00, 6000.00, 'DEPOT du compte IMF137 Client: DENISE MUDUMBI par Caissier', '2025-06-20 18:35:26', '2025-06-20 18:35:26'),
(259, 138, NULL, 2, NULL, 'dépôt', 'CDF', 5000.00, 10000.00, 'DEPOT du compte IMF164 Client: SENGI MWALAVUMBA par Caissier', '2025-06-20 18:35:59', '2025-06-20 18:35:59'),
(260, 144, NULL, 2, NULL, 'dépôt', 'CDF', 10000.00, 10000.00, 'DEPOT du compte IMF167 Client: OMBA  MUNGU par Caissier', '2025-06-20 18:44:26', '2025-06-20 18:44:26'),
(261, 142, NULL, 2, NULL, 'dépôt', 'CDF', 5000.00, 5000.00, 'DEPOT du compte IMF166 Client: MURHULA  BALAGIZI  par Caissier', '2025-06-20 18:45:00', '2025-06-20 18:45:00'),
(262, 142, NULL, 2, NULL, 'dépôt', 'CDF', 5000.00, 10000.00, 'DEPOT du compte IMF166 Client: MURHULA  BALAGIZI  par Caissier', '2025-06-20 18:45:09', '2025-06-20 18:45:09'),
(263, 142, NULL, 2, NULL, 'dépôt', 'CDF', 5000.00, 15000.00, 'DEPOT du compte IMF166 Client: MURHULA  BALAGIZI  par Caissier', '2025-06-20 18:45:21', '2025-06-20 18:45:21'),
(264, 142, NULL, 2, NULL, 'dépôt', 'CDF', 5000.00, 20000.00, 'DEPOT du compte IMF166 Client: MURHULA  BALAGIZI  par Caissier', '2025-06-20 18:45:29', '2025-06-20 18:45:29'),
(265, 142, NULL, 2, NULL, 'dépôt', 'CDF', 5000.00, 25000.00, 'DEPOT du compte IMF166 Client: MURHULA  BALAGIZI  par Caissier', '2025-06-20 18:45:39', '2025-06-20 18:45:39'),
(266, 142, NULL, 2, NULL, 'dépôt', 'CDF', 5000.00, 30000.00, 'DEPOT du compte IMF166 Client: MURHULA  BALAGIZI  par Caissier', '2025-06-20 18:45:47', '2025-06-20 18:45:47'),
(267, 142, NULL, 2, NULL, 'dépôt', 'CDF', 5000.00, 35000.00, 'DEPOT du compte IMF166 Client: MURHULA  BALAGIZI  par Caissier', '2025-06-20 18:45:54', '2025-06-20 18:45:54'),
(268, NULL, 2, 2, NULL, 'virement vers caisse centrale', 'CDF', 299000.00, 1000.00, 'Virement de 299000 CDF du compte de Caissier vers la caisse centrale. #REF13', '2025-06-20 19:16:39', '2025-06-20 19:16:39'),
(269, NULL, 1, 2, NULL, 'virement vers caisse centrale', 'USD', 20.00, 0.00, 'Virement de 20 USD du compte de Caissier vers la caisse centrale. #REF14', '2025-06-20 19:17:07', '2025-06-20 19:17:07'),
(276, 146, NULL, 2, NULL, 'dépôt', 'CDF', 46000.00, 46000.00, 'DEPOT du compte IMF168 Client: VENTE CARNETS par Caissier', '2025-06-21 10:28:09', '2025-06-21 10:28:09'),
(277, 41, NULL, 23, NULL, 'octroi_de_credit', 'USD', 300.00, 0.00, 'Crédit octroyé à votre compte: IMF117 du client Akonkwa  Biringanine', '2025-06-21 12:31:54', '2025-06-21 12:31:54'),
(279, 17, NULL, 9, NULL, 'octroi_de_credit', 'USD', 150.00, 0.00, 'Crédit octroyé à votre compte: IMF103 du client Irenge Baguma', '2025-06-21 12:48:12', '2025-06-21 12:48:12'),
(280, 17, NULL, 9, NULL, 'octroi_de_credit_client', 'USD', 150.00, 350.48, 'Crédit octroyé au compte: IMF103 du client Irenge Baguma', '2025-06-21 12:48:12', '2025-06-21 12:48:12'),
(281, 17, NULL, 9, NULL, 'octroi_de_credit', 'USD', 350.00, 0.00, 'Crédit octroyé à votre compte: IMF103 du client Irenge Baguma', '2025-06-21 12:48:40', '2025-06-21 12:48:40'),
(282, 17, NULL, 9, NULL, 'octroi_de_credit_client', 'USD', 350.00, 0.48, 'Crédit octroyé au compte: IMF103 du client Irenge Baguma', '2025-06-21 12:48:40', '2025-06-21 12:48:40'),
(283, 44, NULL, 2, NULL, 'dépôt', 'CDF', 3000.00, 15000.00, 'DEPOT du compte IMF118 Client: Ishara  Kalangiro par Caissier', '2025-06-21 13:12:36', '2025-06-21 13:12:36'),
(284, NULL, 2, 2, NULL, 'virement vers caisse centrale', 'CDF', 49000.00, 1000.00, 'Virement de 49000 CDF du compte de Caissier vers la caisse centrale. #REF15', '2025-06-21 13:15:03', '2025-06-21 13:15:03'),
(285, 32, NULL, 20, NULL, 'dépôt', 'CDF', 30000.00, 150000.00, 'DEPOT du compte IMF110 Client: Irenge  Mulandu par Ashuza', '2025-06-21 14:11:45', '2025-06-21 14:11:45'),
(286, 46, NULL, 20, NULL, 'dépôt', 'CDF', 50000.00, 300000.00, 'DEPOT du compte IMF119 Client: Gislain Buhamba par Ashuza', '2025-06-21 14:12:48', '2025-06-21 14:12:48'),
(287, 98, NULL, 20, NULL, 'dépôt', 'CDF', 2000.00, 6000.00, 'DEPOT du compte IMF144 Client: BLESSING NOELLA par Ashuza', '2025-06-21 14:18:47', '2025-06-21 14:18:47'),
(288, 150, NULL, 20, NULL, 'dépôt', 'CDF', 20000.00, 20000.00, 'DEPOT du compte IMF170 Client: INNONCENT  MULANDU par Ashuza', '2025-06-21 14:20:52', '2025-06-21 14:20:52'),
(289, 82, NULL, 20, NULL, 'dépôt', 'CDF', 2000.00, 6000.00, 'DEPOT du compte IMF136 Client: ALICE  CINAMA par Ashuza', '2025-06-21 14:21:46', '2025-06-21 14:21:46'),
(290, 78, NULL, 20, NULL, 'dépôt', 'CDF', 20000.00, 40000.00, 'DEPOT du compte IMF134 Client: SAFARI MASHIMANGO par Ashuza', '2025-06-21 14:25:12', '2025-06-21 14:25:12'),
(291, 132, NULL, 20, NULL, 'dépôt', 'CDF', 10000.00, 15000.00, 'DEPOT du compte IMF161 Client: BARAKA CHIRHAKARHULA par Ashuza', '2025-06-21 14:26:04', '2025-06-21 14:26:04'),
(292, 122, NULL, 20, NULL, 'dépôt', 'CDF', 2000.00, 4000.00, 'DEPOT du compte IMF156 Client: BYAMUNGU BIREGO par Ashuza', '2025-06-21 14:27:32', '2025-06-21 14:27:32'),
(293, 110, NULL, 20, NULL, 'dépôt', 'CDF', 2000.00, 6000.00, 'DEPOT du compte IMF150 Client: BAHATI BIREGO par Ashuza', '2025-06-21 14:28:21', '2025-06-21 14:28:21'),
(294, 108, NULL, 20, NULL, 'dépôt', 'CDF', 2000.00, 4000.00, 'DEPOT du compte IMF149 Client: SANZA MUKENGE par Ashuza', '2025-06-21 14:29:30', '2025-06-21 14:29:30'),
(295, 150, NULL, 20, NULL, 'dépôt', 'CDF', 5000.00, 25000.00, 'DEPOT du compte IMF170 Client: BABU GISLAIN par Ashuza', '2025-06-21 14:31:07', '2025-06-21 14:31:07'),
(296, 42, NULL, 20, NULL, 'dépôt', 'CDF', 20000.00, 100000.00, 'DEPOT du compte IMF117 Client: Akonkwa  Biringanine par Ashuza', '2025-06-21 14:49:54', '2025-06-21 14:49:54'),
(297, 76, NULL, 20, NULL, 'dépôt', 'CDF', 5000.00, 15000.00, 'DEPOT du compte IMF133 Client: AZIZA MUDERWHA par Ashuza', '2025-06-21 16:15:15', '2025-06-21 16:15:15'),
(298, 104, NULL, 20, NULL, 'dépôt', 'CDF', 5000.00, 15000.00, 'DEPOT du compte IMF147 Client: JEANETTE MUDERHWA par Ashuza', '2025-06-21 16:15:59', '2025-06-21 16:15:59'),
(299, 104, NULL, 20, NULL, 'dépôt', 'CDF', 5000.00, 20000.00, 'DEPOT du compte IMF147 Client: JEANETTE MUDERHWA par Ashuza', '2025-06-21 16:16:29', '2025-06-21 16:16:29'),
(300, 72, NULL, 20, NULL, 'dépôt', 'CDF', 5000.00, 25000.00, 'DEPOT du compte IMF131 Client: BAVURHE ANNUARITE par Ashuza', '2025-06-21 16:18:17', '2025-06-21 16:18:17'),
(301, 72, NULL, 20, NULL, 'dépôt', 'CDF', 5000.00, 30000.00, 'DEPOT du compte IMF131 Client: BAVURHE ANNUARITE par Ashuza', '2025-06-21 16:18:34', '2025-06-21 16:18:34'),
(302, 74, NULL, 20, NULL, 'dépôt', 'CDF', 5000.00, 25000.00, 'DEPOT du compte IMF132 Client: KILUNDU BERNADETTE par Ashuza', '2025-06-21 16:19:33', '2025-06-21 16:19:33'),
(311, 142, NULL, 20, NULL, 'dépôt', 'CDF', 5000.00, 40000.00, 'DEPOT du compte IMF166 Client: MURHULA  BALAGIZI  par Ashuza', '2025-06-21 16:35:07', '2025-06-21 16:35:07'),
(313, 90, NULL, 20, NULL, 'dépôt', 'CDF', 4000.00, 16000.00, 'DEPOT du compte IMF140 Client: DEKULO PASCAL par Ashuza', '2025-06-21 16:36:44', '2025-06-21 16:36:44'),
(314, 94, NULL, 20, NULL, 'dépôt', 'CDF', 3000.00, 12000.00, 'DEPOT du compte IMF142 Client: CUBAKA BANYWESIZE par Ashuza', '2025-06-21 16:37:11', '2025-06-21 16:37:11'),
(315, 92, NULL, 20, NULL, 'dépôt', 'CDF', 4000.00, 16000.00, 'DEPOT du compte IMF141 Client: JUSTIN NTABOBA par Ashuza', '2025-06-21 16:37:44', '2025-06-21 16:37:44'),
(316, 88, NULL, 20, NULL, 'dépôt', 'CDF', 4000.00, 16000.00, 'DEPOT du compte IMF139 Client: IRENGE BALAGIZI par Ashuza', '2025-06-21 16:38:16', '2025-06-21 16:38:16'),
(317, 18, NULL, 20, NULL, 'dépôt', 'CDF', 25000.00, 125000.00, 'DEPOT du compte IMF103 Client: Irenge Baguma par Ashuza', '2025-06-21 16:39:07', '2025-06-21 16:39:07'),
(318, 56, NULL, 20, NULL, 'dépôt', 'CDF', 10000.00, 30000.00, 'DEPOT du compte IMF123 Client: LUC KAJABWIKA par Ashuza', '2025-06-21 17:44:07', '2025-06-21 17:44:07'),
(319, 56, NULL, 20, NULL, 'dépôt', 'CDF', 10000.00, 40000.00, 'DEPOT du compte IMF123 Client: LUC KAJABWIKA par Ashuza', '2025-06-21 17:44:21', '2025-06-21 17:44:21'),
(320, 110, NULL, 20, NULL, 'dépôt', 'CDF', 2000.00, 8000.00, 'DEPOT du compte IMF150 Client: BAHATI BIREGO par Ashuza', '2025-06-21 17:45:11', '2025-06-21 17:45:11'),
(321, 110, NULL, 20, NULL, 'dépôt', 'CDF', 2000.00, 10000.00, 'DEPOT du compte IMF150 Client: BAHATI BIREGO par Ashuza', '2025-06-21 17:45:23', '2025-06-21 17:45:23'),
(322, 122, NULL, 20, NULL, 'dépôt', 'CDF', 2000.00, 6000.00, 'DEPOT du compte IMF156 Client: BYAMUNGU BIREGO par Ashuza', '2025-06-21 17:46:09', '2025-06-21 17:46:09'),
(323, 122, NULL, 20, NULL, 'dépôt', 'CDF', 2000.00, 8000.00, 'DEPOT du compte IMF156 Client: BYAMUNGU BIREGO par Ashuza', '2025-06-21 17:46:23', '2025-06-21 17:46:23'),
(324, 124, NULL, 20, NULL, 'dépôt', 'CDF', 1000.00, 5000.00, 'DEPOT du compte IMF157 Client: KANGOME KIBALI par Ashuza', '2025-06-21 17:47:22', '2025-06-21 17:47:22'),
(325, 124, NULL, 20, NULL, 'dépôt', 'CDF', 1000.00, 6000.00, 'DEPOT du compte IMF157 Client: KANGOME KIBALI par Ashuza', '2025-06-21 17:47:39', '2025-06-21 17:47:39'),
(326, 124, NULL, 20, NULL, 'dépôt', 'CDF', 1000.00, 7000.00, 'DEPOT du compte IMF157 Client: KANGOME KIBALI par Ashuza', '2025-06-21 17:48:01', '2025-06-21 17:48:01'),
(327, 128, NULL, 20, NULL, 'dépôt', 'CDF', 5000.00, 15000.00, 'DEPOT du compte IMF159 Client: HELEINA MWARUKARUKA par Ashuza', '2025-06-21 17:48:59', '2025-06-21 17:48:59'),
(328, 126, NULL, 20, NULL, 'dépôt', 'CDF', 5000.00, 15000.00, 'DEPOT du compte IMF158 Client: BAGOLA  BAHATI par Ashuza', '2025-06-21 17:49:49', '2025-06-21 17:49:49'),
(329, 102, NULL, 20, NULL, 'dépôt', 'CDF', 10000.00, 20000.00, 'DEPOT du compte IMF146 Client: CIRIMWAMI MECHACK par Ashuza', '2025-06-21 17:56:58', '2025-06-21 17:56:58'),
(330, 78, NULL, 20, NULL, 'dépôt', 'CDF', 10000.00, 50000.00, 'DEPOT du compte IMF134 Client: SAFARI MASHIMANGO par Ashuza', '2025-06-21 17:57:51', '2025-06-21 17:57:51'),
(331, 78, NULL, 20, NULL, 'dépôt', 'CDF', 10000.00, 60000.00, 'DEPOT du compte IMF134 Client: SAFARI MASHIMANGO par Ashuza', '2025-06-21 17:58:07', '2025-06-21 17:58:07'),
(332, 78, NULL, 20, NULL, 'dépôt', 'CDF', 10000.00, 70000.00, 'DEPOT du compte IMF134 Client: SAFARI MASHIMANGO par Ashuza', '2025-06-21 17:58:20', '2025-06-21 17:58:20'),
(333, 78, NULL, 20, NULL, 'dépôt', 'CDF', 10000.00, 80000.00, 'DEPOT du compte IMF134 Client: SAFARI MASHIMANGO par Ashuza', '2025-06-21 17:58:35', '2025-06-21 17:58:35'),
(334, 78, NULL, 20, NULL, 'dépôt', 'CDF', 10000.00, 90000.00, 'DEPOT du compte IMF134 Client: SAFARI MASHIMANGO par Ashuza', '2025-06-21 17:58:50', '2025-06-21 17:58:50'),
(335, 106, NULL, 20, NULL, 'dépôt', 'CDF', 5000.00, 10000.00, 'DEPOT du compte IMF148 Client: BARHATULIRWA MUSHI par Ashuza', '2025-06-21 18:00:57', '2025-06-21 18:00:57'),
(336, 154, NULL, 20, NULL, 'dépôt', 'CDF', 25000.00, 25000.00, 'DEPOT du compte IMF172 Client: MELANIE BAGUMA par Ashuza', '2025-06-21 18:09:12', '2025-06-21 18:09:12'),
(337, 156, NULL, 20, NULL, 'dépôt', 'CDF', 10000.00, 10000.00, 'DEPOT du compte IMF173 Client: BULONZA ROSETTE par Ashuza', '2025-06-21 18:10:05', '2025-06-21 18:10:05'),
(338, 152, NULL, 78, NULL, 'octroi_de_credit', 'CDF', 300000.00, 0.00, 'Crédit octroyé à votre compte: IMF171 du client ISHARA NAMEGABE', '2025-06-21 18:28:46', '2025-06-21 18:28:46'),
(339, 152, NULL, 78, NULL, 'octroi_de_credit_client', 'CDF', 300000.00, 1156000.00, 'Crédit octroyé au compte: IMF171 du client ISHARA NAMEGABE', '2025-06-21 18:28:46', '2025-06-21 18:28:46'),
(340, 158, NULL, 20, NULL, 'dépôt', 'CDF', 10000.00, 10000.00, 'DEPOT du compte IMF174 Client: ARMAND KULONDWA par Ashuza', '2025-06-21 18:32:35', '2025-06-21 18:32:35'),
(341, 160, NULL, 20, NULL, 'dépôt', 'CDF', 20000.00, 20000.00, 'DEPOT du compte IMF175 Client: JEAN  BRAYANNE par Ashuza', '2025-06-21 18:36:12', '2025-06-21 18:36:12'),
(342, 118, NULL, 2, NULL, 'dépôt', 'CDF', 2000.00, 8000.00, 'DEPOT du compte IMF154 Client: CINAMA JULIENNE par Caissier', '2025-06-21 18:36:57', '2025-06-21 18:36:57'),
(343, 118, NULL, 2, NULL, 'dépôt', 'CDF', 2000.00, 10000.00, 'DEPOT du compte IMF154 Client: CINAMA JULIENNE par Caissier', '2025-06-21 18:37:23', '2025-06-21 18:37:23'),
(344, 33, NULL, 17, NULL, 'penalite_de_credit', 'USD', 63.78, -126.78, 'Pénalité appliquée sur l\'échéance du 2025-06-01', '2025-06-22 07:00:08', '2025-06-22 07:00:08'),
(345, 33, NULL, 17, NULL, 'penalite_de_credit', 'USD', 63.96, -190.74, 'Pénalité appliquée sur l\'échéance du 2025-06-01', '2025-06-23 07:00:09', '2025-06-23 07:00:09'),
(346, 32, NULL, 20, NULL, 'dépôt', 'CDF', 30000.00, 180000.00, 'DEPOT du compte IMF110 Client: Irenge  Mulandu par Ashuza', '2025-06-23 08:45:17', '2025-06-23 08:45:17'),
(347, 150, NULL, 20, NULL, 'dépôt', 'CDF', 5000.00, 30000.00, 'DEPOT du compte IMF170 Client: BABU GISLAIN par Ashuza', '2025-06-23 09:50:35', '2025-06-23 09:50:35'),
(348, 82, NULL, 20, NULL, 'dépôt', 'CDF', 2000.00, 8000.00, 'DEPOT du compte IMF136 Client: ALICE  CINAMA par Ashuza', '2025-06-23 11:51:07', '2025-06-23 11:51:07'),
(349, 82, NULL, 20, NULL, 'dépôt', 'CDF', 2000.00, 10000.00, 'DEPOT du compte IMF136 Client: ALICE  CINAMA par Ashuza', '2025-06-23 11:51:21', '2025-06-23 11:51:21'),
(350, 82, NULL, 20, NULL, 'dépôt', 'CDF', 2000.00, 12000.00, 'DEPOT du compte IMF136 Client: ALICE  CINAMA par Ashuza', '2025-06-23 11:51:30', '2025-06-23 11:51:30'),
(351, 82, NULL, 20, NULL, 'dépôt', 'CDF', 2000.00, 14000.00, 'DEPOT du compte IMF136 Client: ALICE  CINAMA par Ashuza', '2025-06-23 11:51:44', '2025-06-23 11:51:44'),
(352, 82, NULL, 20, NULL, 'dépôt', 'CDF', 2000.00, 16000.00, 'DEPOT du compte IMF136 Client: ALICE  CINAMA par Ashuza', '2025-06-23 11:51:54', '2025-06-23 11:51:54'),
(353, 82, NULL, 20, NULL, 'dépôt', 'CDF', 2000.00, 18000.00, 'DEPOT du compte IMF136 Client: ALICE  CINAMA par Ashuza', '2025-06-23 11:54:49', '2025-06-23 11:54:49'),
(354, 46, NULL, 20, NULL, 'dépôt', 'CDF', 50000.00, 350000.00, 'DEPOT du compte IMF119 Client: Gislain Buhamba par Ashuza', '2025-06-23 11:55:36', '2025-06-23 11:55:36'),
(355, 25, NULL, 20, NULL, 'dépôt', 'USD', 10.00, 10.00, 'DEPOT du compte IMF107 Client: FARAJA  MANEGABE par Ashuza', '2025-06-23 12:15:48', '2025-06-23 12:15:48'),
(356, 25, NULL, 20, NULL, 'dépôt', 'USD', 10.00, 20.00, 'DEPOT du compte IMF107 Client: FARAJA  MANEGABE par Ashuza', '2025-06-23 12:16:19', '2025-06-23 12:16:19'),
(357, 78, NULL, 20, NULL, 'dépôt', 'CDF', 10000.00, 100000.00, 'DEPOT du compte IMF134 Client: SAFARI MASHIMANGO par Ashuza', '2025-06-23 12:51:59', '2025-06-23 12:51:59'),
(358, 78, NULL, 20, NULL, 'dépôt', 'CDF', 10000.00, 110000.00, 'DEPOT du compte IMF134 Client: SAFARI MASHIMANGO par Ashuza', '2025-06-23 12:52:08', '2025-06-23 12:52:08'),
(359, 74, NULL, 20, NULL, 'dépôt', 'CDF', 5000.00, 30000.00, 'DEPOT du compte IMF132 Client: KILUNDU BERNADETTE par Ashuza', '2025-06-23 13:00:31', '2025-06-23 13:00:31'),
(360, 72, NULL, 20, NULL, 'dépôt', 'CDF', 10000.00, 40000.00, 'DEPOT du compte IMF131 Client: BAVURHE ANNUARITE par Ashuza', '2025-06-23 13:05:25', '2025-06-23 13:05:25'),
(361, 72, NULL, 20, NULL, 'dépôt', 'CDF', 10000.00, 50000.00, 'DEPOT du compte IMF131 Client: BAVURHE ANNUARITE par Ashuza', '2025-06-23 13:05:35', '2025-06-23 13:05:35'),
(362, 108, NULL, 20, NULL, 'dépôt', 'CDF', 2000.00, 6000.00, 'DEPOT du compte IMF149 Client: SANZA MUKENGE par Ashuza', '2025-06-23 13:19:11', '2025-06-23 13:19:11'),
(363, 108, NULL, 20, NULL, 'dépôt', 'CDF', 2000.00, 8000.00, 'DEPOT du compte IMF149 Client: SANZA MUKENGE par Ashuza', '2025-06-23 13:19:20', '2025-06-23 13:19:20'),
(364, 120, NULL, 20, NULL, 'dépôt', 'CDF', 5000.00, 25000.00, 'DEPOT du compte IMF155 Client: ISHARA EMANI par Ashuza', '2025-06-23 13:21:51', '2025-06-23 13:21:51'),
(365, 110, NULL, 20, NULL, 'dépôt', 'CDF', 2000.00, 12000.00, 'DEPOT du compte IMF150 Client: BAHATI BIREGO par Ashuza', '2025-06-23 13:24:29', '2025-06-23 13:24:29');
INSERT INTO `transactions` (`id`, `account_id`, `agent_account_id`, `user_id`, `credit_id`, `type`, `currency`, `amount`, `balance_after`, `description`, `created_at`, `updated_at`) VALUES
(366, 110, NULL, 20, NULL, 'dépôt', 'CDF', 2000.00, 14000.00, 'DEPOT du compte IMF150 Client: BAHATI BIREGO par Ashuza', '2025-06-23 13:24:38', '2025-06-23 13:24:38'),
(367, 122, NULL, 20, NULL, 'dépôt', 'CDF', 2000.00, 10000.00, 'DEPOT du compte IMF156 Client: BYAMUNGU BIREGO par Ashuza', '2025-06-23 13:27:25', '2025-06-23 13:27:25'),
(368, 124, NULL, 20, NULL, 'dépôt', 'CDF', 1000.00, 8000.00, 'DEPOT du compte IMF157 Client: KANGOME KIBALI par Ashuza', '2025-06-23 13:30:36', '2025-06-23 13:30:36'),
(369, 124, NULL, 20, NULL, 'dépôt', 'CDF', 1000.00, 9000.00, 'DEPOT du compte IMF157 Client: KANGOME KIBALI par Ashuza', '2025-06-23 13:30:46', '2025-06-23 13:30:46'),
(370, 124, NULL, 20, NULL, 'dépôt', 'CDF', 1000.00, 10000.00, 'DEPOT du compte IMF157 Client: KANGOME KIBALI par Ashuza', '2025-06-23 13:30:54', '2025-06-23 13:30:54'),
(371, 126, NULL, 20, NULL, 'dépôt', 'CDF', 5000.00, 20000.00, 'DEPOT du compte IMF158 Client: BAGOLA  BAHATI par Ashuza', '2025-06-23 13:37:50', '2025-06-23 13:37:50'),
(372, 128, NULL, 20, NULL, 'dépôt', 'CDF', 5000.00, 20000.00, 'DEPOT du compte IMF159 Client: HELEINA MWARUKARUKA par Ashuza', '2025-06-23 13:38:27', '2025-06-23 13:38:27'),
(373, 53, NULL, 20, NULL, 'dépôt', 'USD', 10.00, 40.00, 'DEPOT du compte IMF122 Client: ISHARA BUDERWA par Ashuza', '2025-06-23 13:47:10', '2025-06-23 13:47:10'),
(374, 104, NULL, 20, NULL, 'dépôt', 'CDF', 5000.00, 25000.00, 'DEPOT du compte IMF147 Client: JEANETTE MUDERHWA par Ashuza', '2025-06-23 13:47:35', '2025-06-23 13:47:35'),
(375, 138, NULL, 20, NULL, 'dépôt', 'CDF', 5000.00, 15000.00, 'DEPOT du compte IMF164 Client: SENGI MWALAVUMBA par Ashuza', '2025-06-23 13:54:03', '2025-06-23 13:54:03'),
(376, 80, NULL, 20, NULL, 'dépôt', 'CDF', 4000.00, 16000.00, 'DEPOT du compte IMF135 Client: CLAUDINE  BARHALENGERWA par Ashuza', '2025-06-23 13:58:10', '2025-06-23 13:58:10'),
(377, 80, NULL, 20, NULL, 'dépôt', 'CDF', 4000.00, 20000.00, 'DEPOT du compte IMF135 Client: CLAUDINE  BARHALENGERWA par Ashuza', '2025-06-23 13:58:19', '2025-06-23 13:58:19'),
(378, 102, NULL, 20, NULL, 'dépôt', 'CDF', 10000.00, 30000.00, 'DEPOT du compte IMF146 Client: CIRIMWAMI MECHACK par Ashuza', '2025-06-23 14:18:38', '2025-06-23 14:18:38'),
(379, 154, NULL, 20, NULL, 'dépôt', 'CDF', 25000.00, 50000.00, 'DEPOT du compte IMF172 Client: MELANIE BAGUMA par Ashuza', '2025-06-23 15:08:19', '2025-06-23 15:08:19'),
(380, 88, NULL, 20, NULL, 'dépôt', 'CDF', 4000.00, 20000.00, 'DEPOT du compte IMF139 Client: IRENGE BALAGIZI par Ashuza', '2025-06-23 15:09:56', '2025-06-23 15:09:56'),
(381, 88, NULL, 20, NULL, 'dépôt', 'CDF', 4000.00, 24000.00, 'DEPOT du compte IMF139 Client: IRENGE BALAGIZI par Ashuza', '2025-06-23 15:10:05', '2025-06-23 15:10:05'),
(382, 88, NULL, 20, NULL, 'dépôt', 'CDF', 4000.00, 28000.00, 'DEPOT du compte IMF139 Client: IRENGE BALAGIZI par Ashuza', '2025-06-23 15:10:13', '2025-06-23 15:10:13'),
(383, 88, NULL, 20, NULL, 'dépôt', 'CDF', 4000.00, 32000.00, 'DEPOT du compte IMF139 Client: IRENGE BALAGIZI par Ashuza', '2025-06-23 15:10:20', '2025-06-23 15:10:20'),
(384, 88, NULL, 20, NULL, 'dépôt', 'CDF', 4000.00, 36000.00, 'DEPOT du compte IMF139 Client: IRENGE BALAGIZI par Ashuza', '2025-06-23 15:10:27', '2025-06-23 15:10:27'),
(385, 88, NULL, 20, NULL, 'dépôt', 'CDF', 4000.00, 40000.00, 'DEPOT du compte IMF139 Client: IRENGE BALAGIZI par Ashuza', '2025-06-23 15:10:36', '2025-06-23 15:10:36'),
(386, 18, NULL, 20, NULL, 'dépôt', 'CDF', 25000.00, 150000.00, 'DEPOT du compte IMF103 Client: Irenge Baguma par Ashuza', '2025-06-23 15:11:08', '2025-06-23 15:11:08'),
(387, 142, NULL, 20, NULL, 'dépôt', 'CDF', 5000.00, 45000.00, 'DEPOT du compte IMF166 Client: MURHULA  BALAGIZI  par Ashuza', '2025-06-23 15:11:37', '2025-06-23 15:11:37'),
(388, 94, NULL, 20, NULL, 'dépôt', 'CDF', 3000.00, 15000.00, 'DEPOT du compte IMF142 Client: CUBAKA BANYWESIZE par Ashuza', '2025-06-23 15:12:07', '2025-06-23 15:12:07'),
(389, 90, NULL, 20, NULL, 'dépôt', 'CDF', 4000.00, 20000.00, 'DEPOT du compte IMF140 Client: DEKULO PASCAL par Ashuza', '2025-06-23 15:12:30', '2025-06-23 15:12:30'),
(390, 92, NULL, 20, NULL, 'dépôt', 'CDF', 4000.00, 20000.00, 'DEPOT du compte IMF141 Client: JUSTIN NTABOBA par Ashuza', '2025-06-23 15:13:03', '2025-06-23 15:13:03'),
(391, 160, NULL, 20, NULL, 'dépôt', 'CDF', 20000.00, 40000.00, 'DEPOT du compte IMF175 Client: JEAN  BRAYANNE par Ashuza', '2025-06-23 15:13:42', '2025-06-23 15:13:42'),
(392, 68, NULL, 20, NULL, 'dépôt', 'CDF', 60000.00, 300000.00, 'DEPOT du compte IMF129 Client: TOP BABU par Ashuza', '2025-06-23 15:32:10', '2025-06-23 15:32:10'),
(393, 68, NULL, 20, NULL, 'dépôt', 'CDF', 60000.00, 360000.00, 'DEPOT du compte IMF129 Client: TOP BABU par Ashuza', '2025-06-23 15:32:21', '2025-06-23 15:32:21'),
(394, 66, NULL, 20, NULL, 'dépôt', 'CDF', 4000.00, 20000.00, 'DEPOT du compte IMF128 Client: FRANCOIS MAISHA par Ashuza', '2025-06-23 15:32:49', '2025-06-23 15:32:49'),
(395, 66, NULL, 20, NULL, 'dépôt', 'CDF', 4000.00, 24000.00, 'DEPOT du compte IMF128 Client: FRANCOIS MAISHA par Ashuza', '2025-06-23 15:32:57', '2025-06-23 15:32:57'),
(396, 70, NULL, 20, NULL, 'dépôt', 'CDF', 3000.00, 15000.00, 'DEPOT du compte IMF130 Client: MUGISHO MUGISHO par Ashuza', '2025-06-23 15:33:34', '2025-06-23 15:33:34'),
(397, 70, NULL, 20, NULL, 'dépôt', 'CDF', 3000.00, 18000.00, 'DEPOT du compte IMF130 Client: MUGISHO MUGISHO par Ashuza', '2025-06-23 15:33:42', '2025-06-23 15:33:42'),
(398, 50, NULL, 20, NULL, 'dépôt', 'CDF', 3000.00, 15000.00, 'DEPOT du compte IMF120 Client: LUC MARABARO par Ashuza', '2025-06-23 15:34:10', '2025-06-23 15:34:10'),
(399, 50, NULL, 20, NULL, 'dépôt', 'CDF', 3000.00, 18000.00, 'DEPOT du compte IMF120 Client: LUC MARABARO par Ashuza', '2025-06-23 15:34:24', '2025-06-23 15:34:24'),
(400, 64, NULL, 20, NULL, 'dépôt', 'CDF', 3000.00, 15000.00, 'DEPOT du compte IMF127 Client: ESTHER MATABARO par Ashuza', '2025-06-23 15:36:50', '2025-06-23 15:36:50'),
(401, 64, NULL, 20, NULL, 'dépôt', 'CDF', 3000.00, 18000.00, 'DEPOT du compte IMF127 Client: ESTHER MATABARO par Ashuza', '2025-06-23 15:36:58', '2025-06-23 15:36:58'),
(402, 62, NULL, 20, NULL, 'dépôt', 'CDF', 5000.00, 20000.00, 'DEPOT du compte IMF126 Client: JOSEPH VAINQUEUR par Ashuza', '2025-06-23 16:06:59', '2025-06-23 16:06:59'),
(403, 140, NULL, 20, NULL, 'dépôt', 'CDF', 10000.00, 30000.00, 'DEPOT du compte IMF165 Client: BINJA WINGA par Ashuza', '2025-06-23 16:16:43', '2025-06-23 16:16:43'),
(404, 140, NULL, 20, NULL, 'dépôt', 'CDF', 10000.00, 40000.00, 'DEPOT du compte IMF165 Client: BINJA WINGA par Ashuza', '2025-06-23 16:16:54', '2025-06-23 16:16:54'),
(405, 156, NULL, 20, NULL, 'dépôt', 'CDF', 10000.00, 20000.00, 'DEPOT du compte IMF173 Client: BULONZA ROSETTE par Ashuza', '2025-06-23 16:29:33', '2025-06-23 16:29:33'),
(406, 78, NULL, 20, NULL, 'dépôt', 'CDF', 10000.00, 120000.00, 'DEPOT du compte IMF134 Client: SAFARI MASHIMANGO par Ashuza', '2025-06-23 16:36:00', '2025-06-23 16:36:00'),
(407, 78, NULL, 20, NULL, 'dépôt', 'CDF', 10000.00, 130000.00, 'DEPOT du compte IMF134 Client: SAFARI MASHIMANGO par Ashuza', '2025-06-23 16:36:10', '2025-06-23 16:36:10'),
(408, 78, NULL, 20, NULL, 'dépôt', 'CDF', 10000.00, 140000.00, 'DEPOT du compte IMF134 Client: SAFARI MASHIMANGO par Ashuza', '2025-06-23 16:36:19', '2025-06-23 16:36:19'),
(409, 118, NULL, 20, NULL, 'dépôt', 'CDF', 2000.00, 12000.00, 'DEPOT du compte IMF154 Client: CINAMA JULIENNE par Ashuza', '2025-06-23 17:00:28', '2025-06-23 17:00:28'),
(410, 164, NULL, 2, NULL, 'dépôt', 'CDF', 20000.00, 20000.00, 'DEPOT du compte IMF177 Client: Irenge  Mulandu Innocent par Caissier', '2025-06-23 18:16:33', '2025-06-23 18:16:33'),
(411, 158, NULL, 20, NULL, 'dépôt', 'CDF', 10000.00, 20000.00, 'DEPOT du compte IMF174 Client: ARMAND KULONDWA par Ashuza', '2025-06-23 18:40:57', '2025-06-23 18:40:57'),
(412, 162, NULL, 2, NULL, 'dépôt', 'CDF', 2000.00, 2000.00, 'DEPOT du compte IMF176 Client: Nabintu Rwizibuka par Caissier', '2025-06-23 19:02:20', '2025-06-23 19:02:20'),
(413, 33, NULL, 17, NULL, 'penalite_de_credit', 'USD', 64.14, -254.88, 'Pénalité appliquée sur l\'échéance du 2025-06-01', '2025-06-24 07:00:07', '2025-06-24 07:00:07'),
(414, 112, NULL, 20, NULL, 'dépôt', 'CDF', 12000.00, 21000.00, 'DEPOT du compte IMF151 Client: PATIENT CIMANUKA par Ashuza', '2025-06-24 10:34:13', '2025-06-24 10:34:13'),
(415, 84, NULL, 20, NULL, 'dépôt', 'CDF', 2000.00, 8000.00, 'DEPOT du compte IMF137 Client: DENISE MUDUMBI par Ashuza', '2025-06-24 10:34:38', '2025-06-24 10:34:38'),
(416, 42, NULL, 20, NULL, 'dépôt', 'CDF', 20000.00, 120000.00, 'DEPOT du compte IMF117 Client: Akonkwa  Biringanine par Ashuza', '2025-06-24 10:35:38', '2025-06-24 10:35:38'),
(417, 46, NULL, 20, NULL, 'dépôt', 'CDF', 50000.00, 400000.00, 'DEPOT du compte IMF119 Client: Gislain Buhamba par Ashuza', '2025-06-24 12:25:22', '2025-06-24 12:25:22'),
(418, 25, NULL, 20, NULL, 'dépôt', 'USD', 10.00, 30.00, 'DEPOT du compte IMF107 Client: FARAJA  MANEGABE par Ashuza', '2025-06-24 13:06:20', '2025-06-24 13:06:20'),
(419, 25, NULL, 20, NULL, 'dépôt', 'USD', 10.00, 40.00, 'DEPOT du compte IMF107 Client: FARAJA  MANEGABE par Ashuza', '2025-06-24 13:06:28', '2025-06-24 13:06:28'),
(420, 96, NULL, 20, NULL, 'dépôt', 'CDF', 2000.00, 12000.00, 'DEPOT du compte IMF143 Client: EMMANUELLA KAMUTU par Ashuza', '2025-06-24 13:08:39', '2025-06-24 13:08:39'),
(421, 96, NULL, 20, NULL, 'dépôt', 'CDF', 2000.00, 14000.00, 'DEPOT du compte IMF143 Client: EMMANUELLA KAMUTU par Ashuza', '2025-06-24 13:08:49', '2025-06-24 13:08:49'),
(422, 96, NULL, 20, NULL, 'dépôt', 'CDF', 2000.00, 16000.00, 'DEPOT du compte IMF143 Client: EMMANUELLA KAMUTU par Ashuza', '2025-06-24 13:08:57', '2025-06-24 13:08:57'),
(423, 96, NULL, 20, NULL, 'dépôt', 'CDF', 2000.00, 18000.00, 'DEPOT du compte IMF143 Client: EMMANUELLA KAMUTU par Ashuza', '2025-06-24 13:09:04', '2025-06-24 13:09:04'),
(424, 96, NULL, 20, NULL, 'dépôt', 'CDF', 2000.00, 20000.00, 'DEPOT du compte IMF143 Client: EMMANUELLA KAMUTU par Ashuza', '2025-06-24 13:09:13', '2025-06-24 13:09:13'),
(425, 106, NULL, 20, NULL, 'dépôt', 'CDF', 5000.00, 15000.00, 'DEPOT du compte IMF148 Client: BARHATULIRWA MUSHI par Ashuza', '2025-06-24 13:44:54', '2025-06-24 13:44:54'),
(426, 72, NULL, 20, NULL, 'dépôt', 'CDF', 5000.00, 55000.00, 'DEPOT du compte IMF131 Client: BAVURHE ANNUARITE par Ashuza', '2025-06-24 13:49:48', '2025-06-24 13:49:48'),
(427, 72, NULL, 20, NULL, 'dépôt', 'CDF', 5000.00, 60000.00, 'DEPOT du compte IMF131 Client: BAVURHE ANNUARITE par Ashuza', '2025-06-24 13:50:19', '2025-06-24 13:50:19'),
(428, 20, NULL, 20, NULL, 'dépôt', 'CDF', 20000.00, 80000.00, 'DEPOT du compte IMF104 Client: Aga Bacibone par Ashuza', '2025-06-24 14:11:23', '2025-06-24 14:11:23'),
(429, 20, NULL, 20, NULL, 'dépôt', 'CDF', 20000.00, 100000.00, 'DEPOT du compte IMF104 Client: Aga Bacibone par Ashuza', '2025-06-24 14:11:38', '2025-06-24 14:11:38'),
(430, 102, NULL, 20, NULL, 'dépôt', 'CDF', 10000.00, 40000.00, 'DEPOT du compte IMF146 Client: CIRIMWAMI MECHACK par Ashuza', '2025-06-24 15:45:16', '2025-06-24 15:45:16'),
(431, 80, NULL, 20, NULL, 'dépôt', 'CDF', 4000.00, 24000.00, 'DEPOT du compte IMF135 Client: CLAUDINE  BARHALENGERWA par Ashuza', '2025-06-24 15:55:39', '2025-06-24 15:55:39'),
(432, 138, NULL, 20, NULL, 'dépôt', 'CDF', 5000.00, 20000.00, 'DEPOT du compte IMF164 Client: SENGI MWALAVUMBA par Ashuza', '2025-06-24 15:58:51', '2025-06-24 15:58:51'),
(433, 74, NULL, 20, NULL, 'dépôt', 'CDF', 5000.00, 35000.00, 'DEPOT du compte IMF132 Client: KILUNDU BERNADETTE par Ashuza', '2025-06-24 17:12:24', '2025-06-24 17:12:24'),
(434, 74, NULL, 20, NULL, 'dépôt', 'CDF', 5000.00, 40000.00, 'DEPOT du compte IMF132 Client: KILUNDU BERNADETTE par Ashuza', '2025-06-24 17:12:31', '2025-06-24 17:12:31'),
(435, 74, NULL, 20, NULL, 'dépôt', 'CDF', 5000.00, 45000.00, 'DEPOT du compte IMF132 Client: KILUNDU BERNADETTE par Ashuza', '2025-06-24 17:12:39', '2025-06-24 17:12:39'),
(436, 140, NULL, 20, NULL, 'dépôt', 'CDF', 10000.00, 50000.00, 'DEPOT du compte IMF165 Client: BINJA WINGA par Ashuza', '2025-06-24 17:13:12', '2025-06-24 17:13:12'),
(437, 56, NULL, 20, NULL, 'dépôt', 'CDF', 10000.00, 50000.00, 'DEPOT du compte IMF123 Client: LUC KAJABWIKA par Ashuza', '2025-06-24 17:14:48', '2025-06-24 17:14:48'),
(438, 130, NULL, 20, NULL, 'dépôt', 'CDF', 3000.00, 9000.00, 'DEPOT du compte IMF160 Client: BLAISE  MUSHAGALUSA par Ashuza', '2025-06-24 17:16:02', '2025-06-24 17:16:02'),
(439, 130, NULL, 20, NULL, 'dépôt', 'CDF', 3000.00, 12000.00, 'DEPOT du compte IMF160 Client: BLAISE  MUSHAGALUSA par Ashuza', '2025-06-24 17:16:11', '2025-06-24 17:16:11'),
(440, 126, NULL, 20, NULL, 'dépôt', 'CDF', 5000.00, 25000.00, 'DEPOT du compte IMF158 Client: BAGULA  BAHATI par Ashuza', '2025-06-24 17:16:48', '2025-06-24 17:16:48'),
(441, 108, NULL, 20, NULL, 'dépôt', 'CDF', 2000.00, 10000.00, 'DEPOT du compte IMF149 Client: SANZA MUKENGE par Ashuza', '2025-06-24 17:17:36', '2025-06-24 17:17:36'),
(442, 108, NULL, 20, NULL, 'dépôt', 'CDF', 2000.00, 12000.00, 'DEPOT du compte IMF149 Client: SANZA MUKENGE par Ashuza', '2025-06-24 17:17:43', '2025-06-24 17:17:43'),
(443, 122, NULL, 20, NULL, 'dépôt', 'CDF', 2000.00, 12000.00, 'DEPOT du compte IMF156 Client: BYAMUNGU BIREGO par Ashuza', '2025-06-24 17:18:25', '2025-06-24 17:18:25'),
(444, 58, NULL, 20, NULL, 'dépôt', 'CDF', 4000.00, 16000.00, 'DEPOT du compte IMF124 Client: CHADRACK MASIRIKA par Ashuza', '2025-06-24 17:18:54', '2025-06-24 17:18:54'),
(445, 58, NULL, 20, NULL, 'dépôt', 'CDF', 4000.00, 20000.00, 'DEPOT du compte IMF124 Client: CHADRACK MASIRIKA par Ashuza', '2025-06-24 17:19:01', '2025-06-24 17:19:01'),
(446, 58, NULL, 20, NULL, 'dépôt', 'CDF', 4000.00, 24000.00, 'DEPOT du compte IMF124 Client: CHADRACK MASIRIKA par Ashuza', '2025-06-24 17:19:09', '2025-06-24 17:19:09'),
(447, 42, NULL, 20, NULL, 'dépôt', 'CDF', 20000.00, 140000.00, 'DEPOT du compte IMF117 Client: Akonkwa  Biringanine par Ashuza', '2025-06-24 17:19:39', '2025-06-24 17:19:39'),
(448, 32, NULL, 20, NULL, 'dépôt', 'CDF', 30000.00, 210000.00, 'DEPOT du compte IMF110 Client: Irenge  Mulandu par Ashuza', '2025-06-24 17:56:24', '2025-06-24 17:56:24'),
(449, 164, NULL, 20, NULL, 'dépôt', 'CDF', 20000.00, 40000.00, 'DEPOT du compte IMF177 Client: Irenge  Mulandu Innocent par Ashuza', '2025-06-24 17:57:22', '2025-06-24 17:57:22'),
(450, 170, NULL, 20, NULL, 'dépôt', 'CDF', 5000.00, 5000.00, 'DEPOT du compte IMF180 Client: Mugisho  Mweze  par Ashuza', '2025-06-24 17:58:27', '2025-06-24 17:58:27'),
(451, 170, NULL, 20, NULL, 'dépôt', 'CDF', 5000.00, 10000.00, 'DEPOT du compte IMF180 Client: Mugisho  Mweze  par Ashuza', '2025-06-24 17:58:38', '2025-06-24 17:58:38'),
(452, 170, NULL, 20, NULL, 'dépôt', 'CDF', 5000.00, 15000.00, 'DEPOT du compte IMF180 Client: Mugisho  Mweze  par Ashuza', '2025-06-24 17:58:46', '2025-06-24 17:58:46'),
(453, 172, NULL, 20, NULL, 'dépôt', 'CDF', 3000.00, 3000.00, 'DEPOT du compte IMF181 Client: Kilungu  Ramazani  par Ashuza', '2025-06-24 18:02:55', '2025-06-24 18:02:55'),
(454, 160, NULL, 20, NULL, 'dépôt', 'CDF', 20000.00, 60000.00, 'DEPOT du compte IMF175 Client: JEAN  BRAYANNE par Ashuza', '2025-06-24 18:14:06', '2025-06-24 18:14:06'),
(455, 154, NULL, 20, NULL, 'dépôt', 'CDF', 25000.00, 75000.00, 'DEPOT du compte IMF172 Client: MELANIE BAGUMA par Ashuza', '2025-06-24 18:14:31', '2025-06-24 18:14:31'),
(456, 18, NULL, 20, NULL, 'dépôt', 'CDF', 25000.00, 175000.00, 'DEPOT du compte IMF103 Client: Irenge Baguma par Ashuza', '2025-06-24 18:15:10', '2025-06-24 18:15:10'),
(457, 90, NULL, 20, NULL, 'dépôt', 'CDF', 4000.00, 24000.00, 'DEPOT du compte IMF140 Client: DEKULO PASCAL par Ashuza', '2025-06-24 18:15:48', '2025-06-24 18:15:48'),
(458, 94, NULL, 20, NULL, 'dépôt', 'CDF', 3000.00, 18000.00, 'DEPOT du compte IMF142 Client: CUBAKA BANYWESIZE par Ashuza', '2025-06-24 18:16:57', '2025-06-24 18:16:57'),
(459, 88, NULL, 20, NULL, 'dépôt', 'CDF', 4000.00, 44000.00, 'DEPOT du compte IMF139 Client: IRENGE BALAGIZI par Ashuza', '2025-06-24 18:18:05', '2025-06-24 18:18:05'),
(460, 92, NULL, 20, NULL, 'dépôt', 'CDF', 4000.00, 24000.00, 'DEPOT du compte IMF141 Client: JUSTIN NTABOBA par Ashuza', '2025-06-24 18:18:40', '2025-06-24 18:18:40'),
(461, 142, NULL, 20, NULL, 'dépôt', 'CDF', 5000.00, 50000.00, 'DEPOT du compte IMF166 Client: MURHULA  BALAGIZI  par Ashuza', '2025-06-24 18:19:10', '2025-06-24 18:19:10'),
(462, 78, NULL, 20, NULL, 'dépôt', 'CDF', 10000.00, 150000.00, 'DEPOT du compte IMF134 Client: SAFARI MASHIMANGO par Ashuza', '2025-06-24 18:34:21', '2025-06-24 18:34:21'),
(463, 174, NULL, 20, NULL, 'dépôt', 'CDF', 10000.00, 10000.00, 'DEPOT du compte IMF182 Client: Mungu akonkwa  Aimedo par Ashuza', '2025-06-24 18:34:54', '2025-06-24 18:34:54'),
(464, 174, NULL, 20, NULL, 'dépôt', 'CDF', 10000.00, 20000.00, 'DEPOT du compte IMF182 Client: Mungu akonkwa  Aimedo par Ashuza', '2025-06-24 18:35:07', '2025-06-24 18:35:07'),
(465, 132, NULL, 20, NULL, 'dépôt', 'CDF', 5000.00, 20000.00, 'DEPOT du compte IMF161 Client: BARAKA CHIRHAKARHULA par Ashuza', '2025-06-24 18:35:44', '2025-06-24 18:35:44'),
(466, 156, NULL, 20, NULL, 'dépôt', 'CDF', 10000.00, 30000.00, 'DEPOT du compte IMF173 Client: BULONZA ROSETTE par Ashuza', '2025-06-24 18:36:23', '2025-06-24 18:36:23'),
(467, 33, NULL, 17, NULL, 'penalite_de_credit', 'USD', 64.32, -319.20, 'Pénalité appliquée sur l\'échéance du 2025-06-01', '2025-06-25 07:00:09', '2025-06-25 07:00:09'),
(468, 176, NULL, 20, NULL, 'dépôt', 'CDF', 5000.00, 5000.00, 'DEPOT du compte IMF183 Client: Mugisho  Musaka  par Ashuza', '2025-06-25 11:02:30', '2025-06-25 11:02:30'),
(469, 84, NULL, 20, NULL, 'dépôt', 'CDF', 2000.00, 10000.00, 'DEPOT du compte IMF137 Client: DENISE MUDUMBI par Ashuza', '2025-06-25 11:06:05', '2025-06-25 11:06:05'),
(470, 84, NULL, 20, NULL, 'dépôt', 'CDF', 2000.00, 12000.00, 'DEPOT du compte IMF137 Client: DENISE MUDUMBI par Ashuza', '2025-06-25 11:06:12', '2025-06-25 11:06:12'),
(471, 84, NULL, 20, NULL, 'dépôt', 'CDF', 2000.00, 14000.00, 'DEPOT du compte IMF137 Client: DENISE MUDUMBI par Ashuza', '2025-06-25 11:06:20', '2025-06-25 11:06:20'),
(472, 44, NULL, 20, NULL, 'dépôt', 'CDF', 3000.00, 18000.00, 'DEPOT du compte IMF118 Client: Ishara  Kalangiro par Ashuza', '2025-06-25 11:23:51', '2025-06-25 11:23:51'),
(473, 44, NULL, 20, NULL, 'dépôt', 'CDF', 3000.00, 21000.00, 'DEPOT du compte IMF118 Client: Ishara  Kalangiro par Ashuza', '2025-06-25 11:24:02', '2025-06-25 11:24:02'),
(474, 44, NULL, 20, NULL, 'dépôt', 'CDF', 3000.00, 24000.00, 'DEPOT du compte IMF118 Client: Ishara  Kalangiro par Ashuza', '2025-06-25 11:24:12', '2025-06-25 11:24:12'),
(475, 32, NULL, 20, NULL, 'dépôt', 'CDF', 30000.00, 240000.00, 'DEPOT du compte IMF110 Client: Irenge  Mulandu par Ashuza', '2025-06-25 11:25:07', '2025-06-25 11:25:07'),
(476, 164, NULL, 20, NULL, 'dépôt', 'CDF', 20000.00, 60000.00, 'DEPOT du compte IMF177 Client: Irenge  Mulandu Innocent par Ashuza', '2025-06-25 11:26:42', '2025-06-25 11:26:42'),
(477, 46, NULL, 20, NULL, 'dépôt', 'CDF', 50000.00, 450000.00, 'DEPOT du compte IMF119 Client: Gislain Buhamba par Ashuza', '2025-06-25 13:08:05', '2025-06-25 13:08:05'),
(478, 25, NULL, 20, NULL, 'dépôt', 'USD', 10.00, 50.00, 'DEPOT du compte IMF107 Client: FARAJA  MANEGABE par Ashuza', '2025-06-25 13:08:29', '2025-06-25 13:08:29'),
(479, 178, NULL, 20, NULL, 'dépôt', 'CDF', 5000.00, 5000.00, 'DEPOT du compte IMF184 Client: Esther  Birhashwirwa par Ashuza', '2025-06-25 13:16:32', '2025-06-25 13:16:32'),
(480, 126, NULL, 20, NULL, 'dépôt', 'CDF', 5000.00, 30000.00, 'DEPOT du compte IMF158 Client: BAGULA  BAHATI par Ashuza', '2025-06-25 14:47:07', '2025-06-25 14:47:07'),
(481, 128, NULL, 20, NULL, 'dépôt', 'CDF', 5000.00, 25000.00, 'DEPOT du compte IMF159 Client: HELEINA MWARUKARUKA par Ashuza', '2025-06-25 14:47:30', '2025-06-25 14:47:30'),
(482, 86, NULL, 20, NULL, 'dépôt', 'CDF', 2000.00, 6000.00, 'DEPOT du compte IMF138 Client: NICOLE AWA par Ashuza', '2025-06-25 14:56:58', '2025-06-25 14:56:58'),
(483, 80, NULL, 20, NULL, 'dépôt', 'CDF', 4000.00, 28000.00, 'DEPOT du compte IMF135 Client: CLAUDINE  BARHALENGERWA par Ashuza', '2025-06-25 14:57:24', '2025-06-25 14:57:24'),
(484, 138, NULL, 20, NULL, 'dépôt', 'CDF', 5000.00, 25000.00, 'DEPOT du compte IMF164 Client: SENGI MWALAVUMBA par Ashuza', '2025-06-25 15:02:37', '2025-06-25 15:02:37'),
(485, 72, NULL, 20, NULL, 'dépôt', 'CDF', 5000.00, 65000.00, 'DEPOT du compte IMF131 Client: BAVURHE ANNUARITE par Ashuza', '2025-06-25 15:05:50', '2025-06-25 15:05:50'),
(486, 72, NULL, 20, NULL, 'dépôt', 'CDF', 5000.00, 70000.00, 'DEPOT du compte IMF131 Client: BAVURHE ANNUARITE par Ashuza', '2025-06-25 15:05:56', '2025-06-25 15:05:56'),
(487, 104, NULL, 20, NULL, 'dépôt', 'CDF', 5000.00, 30000.00, 'DEPOT du compte IMF147 Client: JEANETTE MUDERHWA par Ashuza', '2025-06-25 15:12:55', '2025-06-25 15:12:55'),
(488, 104, NULL, 20, NULL, 'dépôt', 'CDF', 5000.00, 35000.00, 'DEPOT du compte IMF147 Client: JEANETTE MUDERHWA par Ashuza', '2025-06-25 15:13:02', '2025-06-25 15:13:02'),
(489, 162, NULL, 20, NULL, 'dépôt', 'CDF', 2000.00, 4000.00, 'DEPOT du compte IMF176 Client: Nabintu Rwizibuka par Ashuza', '2025-06-25 15:13:29', '2025-06-25 15:13:29'),
(490, 74, NULL, 20, NULL, 'dépôt', 'CDF', 5000.00, 50000.00, 'DEPOT du compte IMF132 Client: KILUNDU BERNADETTE par Ashuza', '2025-06-25 15:23:47', '2025-06-25 15:23:47'),
(491, 74, NULL, 20, NULL, 'dépôt', 'CDF', 5000.00, 55000.00, 'DEPOT du compte IMF132 Client: KILUNDU BERNADETTE par Ashuza', '2025-06-25 15:23:59', '2025-06-25 15:23:59'),
(492, 62, NULL, 20, NULL, 'dépôt', 'CDF', 5000.00, 25000.00, 'DEPOT du compte IMF126 Client: JOSEPH VAINQUEUR par Ashuza', '2025-06-25 15:26:08', '2025-06-25 15:26:08'),
(493, 62, NULL, 20, NULL, 'dépôt', 'CDF', 5000.00, 30000.00, 'DEPOT du compte IMF126 Client: JOSEPH VAINQUEUR par Ashuza', '2025-06-25 15:26:16', '2025-06-25 15:26:16'),
(494, 56, NULL, 20, NULL, 'dépôt', 'CDF', 10000.00, 60000.00, 'DEPOT du compte IMF123 Client: LUC KAJABWIKA par Ashuza', '2025-06-25 15:34:12', '2025-06-25 15:34:12'),
(495, 130, NULL, 20, NULL, 'dépôt', 'CDF', 3000.00, 15000.00, 'DEPOT du compte IMF160 Client: BLAISE  MUSHAGALUSA par Ashuza', '2025-06-25 15:38:00', '2025-06-25 15:38:00'),
(496, 110, NULL, 20, NULL, 'dépôt', 'CDF', 2000.00, 16000.00, 'DEPOT du compte IMF150 Client: BAHATI BIREGO par Ashuza', '2025-06-25 15:44:01', '2025-06-25 15:44:01'),
(497, 120, NULL, 20, NULL, 'dépôt', 'CDF', 5000.00, 30000.00, 'DEPOT du compte IMF155 Client: ISHARA EMANI par Ashuza', '2025-06-25 15:44:47', '2025-06-25 15:44:47'),
(498, 122, NULL, 20, NULL, 'dépôt', 'CDF', 2000.00, 14000.00, 'DEPOT du compte IMF156 Client: BYAMUNGU BIREGO par Ashuza', '2025-06-25 15:45:15', '2025-06-25 15:45:15'),
(499, 108, NULL, 20, NULL, 'dépôt', 'CDF', 2000.00, 14000.00, 'DEPOT du compte IMF149 Client: SANZA MUKENGE par Ashuza', '2025-06-25 15:47:56', '2025-06-25 15:47:56'),
(500, 108, NULL, 20, NULL, 'dépôt', 'CDF', 2000.00, 16000.00, 'DEPOT du compte IMF149 Client: SANZA MUKENGE par Ashuza', '2025-06-25 15:48:04', '2025-06-25 15:48:04'),
(501, 172, NULL, 20, NULL, 'dépôt', 'CDF', 3000.00, 6000.00, 'DEPOT du compte IMF181 Client: Kilungu  Ramazani  par Ashuza', '2025-06-25 16:07:39', '2025-06-25 16:07:39'),
(502, 172, NULL, 20, NULL, 'dépôt', 'CDF', 3000.00, 9000.00, 'DEPOT du compte IMF181 Client: Kilungu  Ramazani  par Ashuza', '2025-06-25 16:08:24', '2025-06-25 16:08:24'),
(503, 172, NULL, 20, NULL, 'dépôt', 'CDF', 3000.00, 12000.00, 'DEPOT du compte IMF181 Client: Kilungu  Ramazani  par Ashuza', '2025-06-25 16:08:36', '2025-06-25 16:08:36'),
(504, 178, NULL, 2, NULL, 'dépôt', 'CDF', 5000.00, 10000.00, 'DEPOT du compte IMF184 Client: Esther  Birhashwirwa par Caissier', '2025-06-25 17:03:21', '2025-06-25 17:03:21'),
(505, 168, NULL, 2, NULL, 'dépôt', 'CDF', 10000.00, 10000.00, 'DEPOT du compte IMF179 Client: MUDEKEREZA  Bashombe  par Caissier', '2025-06-25 17:16:15', '2025-06-25 17:16:15'),
(506, 166, NULL, 2, NULL, 'dépôt', 'CDF', 3000.00, 3000.00, 'DEPOT du compte IMF178 Client: Kabika Zirhalirwa  par Caissier', '2025-06-25 17:16:55', '2025-06-25 17:16:55'),
(507, 106, NULL, 20, NULL, 'dépôt', 'CDF', 5000.00, 20000.00, 'DEPOT du compte IMF148 Client: BARHATULIRWA MUSHI par Ashuza', '2025-06-25 17:22:13', '2025-06-25 17:22:13'),
(508, 132, NULL, 20, NULL, 'dépôt', 'CDF', 5000.00, 25000.00, 'DEPOT du compte IMF161 Client: BARAKA CHIRHAKARHULA par Ashuza', '2025-06-25 17:28:34', '2025-06-25 17:28:34'),
(509, 184, NULL, 20, NULL, 'dépôt', 'CDF', 20000.00, 20000.00, 'DEPOT du compte IMF190 Client: IRENGE  Byamungu  par Ashuza', '2025-06-25 17:49:40', '2025-06-25 17:49:40'),
(510, 68, NULL, 20, NULL, 'dépôt', 'CDF', 60000.00, 420000.00, 'DEPOT du compte IMF129 Client: TOP BABU par Ashuza', '2025-06-25 17:50:22', '2025-06-25 17:50:22'),
(511, 50, NULL, 20, NULL, 'dépôt', 'CDF', 3000.00, 21000.00, 'DEPOT du compte IMF120 Client: LUC MARABARO par Ashuza', '2025-06-25 17:51:16', '2025-06-25 17:51:16'),
(512, 64, NULL, 20, NULL, 'dépôt', 'CDF', 3000.00, 21000.00, 'DEPOT du compte IMF127 Client: ESTHER MATABARO par Ashuza', '2025-06-25 17:51:42', '2025-06-25 17:51:42'),
(513, 70, NULL, 20, NULL, 'dépôt', 'CDF', 3000.00, 21000.00, 'DEPOT du compte IMF130 Client: MUGISHO MUGISHO par Ashuza', '2025-06-25 17:52:15', '2025-06-25 17:52:15'),
(514, 66, NULL, 20, NULL, 'dépôt', 'CDF', 4000.00, 28000.00, 'DEPOT du compte IMF128 Client: FRANCOIS MAISHA par Ashuza', '2025-06-25 17:52:43', '2025-06-25 17:52:43'),
(515, 78, NULL, 20, NULL, 'dépôt', 'CDF', 10000.00, 160000.00, 'DEPOT du compte IMF134 Client: SAFARI MASHIMANGO par Ashuza', '2025-06-25 18:32:17', '2025-06-25 18:32:17'),
(516, 78, NULL, 20, NULL, 'dépôt', 'CDF', 10000.00, 170000.00, 'DEPOT du compte IMF134 Client: SAFARI MASHIMANGO par Ashuza', '2025-06-25 18:32:28', '2025-06-25 18:32:28'),
(517, 156, NULL, 20, NULL, 'dépôt', 'CDF', 10000.00, 40000.00, 'DEPOT du compte IMF173 Client: BULONZA ROSETTE par Ashuza', '2025-06-25 18:40:13', '2025-06-25 18:40:13'),
(518, 174, NULL, 20, NULL, 'dépôt', 'CDF', 10000.00, 30000.00, 'DEPOT du compte IMF182 Client: Mungu akonkwa  Aimedo par Ashuza', '2025-06-25 18:41:03', '2025-06-25 18:41:03'),
(519, 20, NULL, 20, NULL, 'dépôt', 'CDF', 20000.00, 120000.00, 'DEPOT du compte IMF104 Client: Aga Bacibone par Ashuza', '2025-06-25 18:48:51', '2025-06-25 18:48:51'),
(520, 20, NULL, 20, NULL, 'dépôt', 'CDF', 20000.00, 140000.00, 'DEPOT du compte IMF104 Client: Aga Bacibone par Ashuza', '2025-06-25 18:49:03', '2025-06-25 18:49:03'),
(521, 112, NULL, 2, NULL, 'dépôt', 'CDF', 3000.00, 24000.00, 'DEPOT du compte IMF151 Client: PATIENT CIMANUKA par Caissier', '2025-06-25 18:59:37', '2025-06-25 18:59:37'),
(522, 190, NULL, 20, NULL, 'dépôt', 'CDF', 20000.00, 20000.00, 'DEPOT du compte IMF193 Client: MARIE JEANNE NSIMIRE par Ashuza', '2025-06-25 19:00:19', '2025-06-25 19:00:19'),
(523, 182, NULL, 2, NULL, 'dépôt', 'CDF', 7000.00, 7000.00, 'DEPOT du compte IMF186 Client: Baliahamwabo Mulandu par Caissier', '2025-06-25 19:01:26', '2025-06-25 19:01:26'),
(524, 180, NULL, 2, NULL, 'dépôt', 'CDF', 20000.00, 20000.00, 'DEPOT du compte IMF185 Client: Mapenzi  Yvonne  par Caissier', '2025-06-25 19:01:57', '2025-06-25 19:01:57'),
(525, 188, NULL, 2, NULL, 'dépôt', 'CDF', 10000.00, 10000.00, 'DEPOT du compte IMF192 Client: Amua Clémence  par Caissier', '2025-06-25 19:03:44', '2025-06-25 19:03:44'),
(526, 118, NULL, 2, NULL, 'dépôt', 'CDF', 2000.00, 14000.00, 'DEPOT du compte IMF154 Client: CINAMA JULIENNE par Caissier', '2025-06-25 19:05:00', '2025-06-25 19:05:00'),
(527, 118, NULL, 2, NULL, 'dépôt', 'CDF', 2000.00, 16000.00, 'DEPOT du compte IMF154 Client: CINAMA JULIENNE par Caissier', '2025-06-25 19:05:14', '2025-06-25 19:05:14'),
(528, 118, NULL, 2, NULL, 'dépôt', 'CDF', 2000.00, 18000.00, 'DEPOT du compte IMF154 Client: CINAMA JULIENNE par Caissier', '2025-06-25 19:05:31', '2025-06-25 19:05:31'),
(529, 166, NULL, 2, NULL, 'dépôt', 'CDF', 3000.00, 6000.00, 'DEPOT du compte IMF178 Client: Kabika Zirhalirwa  par Caissier', '2025-06-25 19:06:08', '2025-06-25 19:06:08'),
(530, 166, NULL, 2, NULL, 'dépôt', 'CDF', 3000.00, 9000.00, 'DEPOT du compte IMF178 Client: Kabika Zirhalirwa  par Caissier', '2025-06-25 19:06:21', '2025-06-25 19:06:21'),
(531, 166, NULL, 2, NULL, 'dépôt', 'CDF', 3000.00, 12000.00, 'DEPOT du compte IMF178 Client: Kabika Zirhalirwa  par Caissier', '2025-06-25 19:06:35', '2025-06-25 19:06:35'),
(532, 192, NULL, 2, NULL, 'dépôt', 'CDF', 10000.00, 10000.00, 'DEPOT du compte IMF194 Client: NAOMIE CIZA par Caissier', '2025-06-25 19:08:45', '2025-06-25 19:08:45'),
(533, 33, NULL, 17, NULL, 'penalite_de_credit', 'USD', 64.50, -383.70, 'Pénalité appliquée sur l\'échéance du 2025-06-01', '2025-06-26 07:00:09', '2025-06-26 07:00:09'),
(534, 46, NULL, 20, NULL, 'dépôt', 'CDF', 50000.00, 500000.00, 'DEPOT du compte IMF119 Client: Gislain Buhamba par Ashuza', '2025-06-26 08:58:53', '2025-06-26 08:58:53'),
(535, 194, NULL, 20, NULL, 'dépôt', 'CDF', 5000.00, 5000.00, 'DEPOT du compte IMF195 Client: Aganze  Ziganira  par Ashuza', '2025-06-26 08:59:28', '2025-06-26 08:59:28'),
(536, 194, NULL, 20, NULL, 'dépôt', 'CDF', 5000.00, 10000.00, 'DEPOT du compte IMF195 Client: Aganze  Ziganira  par Ashuza', '2025-06-26 08:59:40', '2025-06-26 08:59:40'),
(537, NULL, 2, 2, NULL, 'virement vers caisse centrale', 'CDF', 110000.00, 0.00, 'Virement de 110000 CDF du compte de Caissier vers la caisse centrale. #REF16', '2025-06-26 12:10:46', '2025-06-26 12:10:46'),
(538, 53, NULL, 20, NULL, 'dépôt', 'USD', 10.00, 50.00, 'DEPOT du compte IMF122 Client: ISHARA BUDERWA par Ashuza', '2025-06-26 16:22:00', '2025-06-26 16:22:00'),
(539, 74, NULL, 20, NULL, 'dépôt', 'CDF', 5000.00, 60000.00, 'DEPOT du compte IMF132 Client: KILUNDU BERNADETTE par Ashuza', '2025-06-26 16:22:24', '2025-06-26 16:22:24'),
(540, 74, NULL, 20, NULL, 'dépôt', 'CDF', 5000.00, 65000.00, 'DEPOT du compte IMF132 Client: KILUNDU BERNADETTE par Ashuza', '2025-06-26 16:22:30', '2025-06-26 16:22:30'),
(541, 162, NULL, 20, NULL, 'dépôt', 'CDF', 2000.00, 6000.00, 'DEPOT du compte IMF176 Client: Nabintu Rwizibuka par Ashuza', '2025-06-26 16:23:25', '2025-06-26 16:23:25'),
(542, 162, NULL, 20, NULL, 'dépôt', 'CDF', 2000.00, 8000.00, 'DEPOT du compte IMF176 Client: Nabintu Rwizibuka par Ashuza', '2025-06-26 16:23:31', '2025-06-26 16:23:31'),
(543, 162, NULL, 20, NULL, 'dépôt', 'CDF', 2000.00, 10000.00, 'DEPOT du compte IMF176 Client: Nabintu Rwizibuka par Ashuza', '2025-06-26 16:23:37', '2025-06-26 16:23:37'),
(544, 162, NULL, 20, NULL, 'dépôt', 'CDF', 2000.00, 12000.00, 'DEPOT du compte IMF176 Client: Nabintu Rwizibuka par Ashuza', '2025-06-26 16:23:43', '2025-06-26 16:23:43'),
(545, 162, NULL, 20, NULL, 'dépôt', 'CDF', 2000.00, 14000.00, 'DEPOT du compte IMF176 Client: Nabintu Rwizibuka par Ashuza', '2025-06-26 16:23:49', '2025-06-26 16:23:49'),
(546, 96, NULL, 20, NULL, 'dépôt', 'CDF', 2000.00, 22000.00, 'DEPOT du compte IMF143 Client: EMMANUELLA KAMUTU par Ashuza', '2025-06-26 16:25:48', '2025-06-26 16:25:48'),
(547, 96, NULL, 20, NULL, 'dépôt', 'CDF', 2000.00, 24000.00, 'DEPOT du compte IMF143 Client: EMMANUELLA KAMUTU par Ashuza', '2025-06-26 16:25:54', '2025-06-26 16:25:54'),
(548, 176, NULL, 20, NULL, 'dépôt', 'CDF', 5000.00, 10000.00, 'DEPOT du compte IMF183 Client: Mugisho  Musaka  par Ashuza', '2025-06-26 16:26:22', '2025-06-26 16:26:22'),
(549, 98, NULL, 20, NULL, 'dépôt', 'CDF', 2000.00, 8000.00, 'DEPOT du compte IMF144 Client: BLESSING NOELLA par Ashuza', '2025-06-26 16:26:59', '2025-06-26 16:26:59'),
(550, 164, NULL, 20, NULL, 'dépôt', 'CDF', 20000.00, 80000.00, 'DEPOT du compte IMF177 Client: Irenge  Mulandu Innocent par Ashuza', '2025-06-26 16:28:01', '2025-06-26 16:28:01'),
(551, 32, NULL, 20, NULL, 'dépôt', 'CDF', 30000.00, 270000.00, 'DEPOT du compte IMF110 Client: Irenge  Mulandu par Ashuza', '2025-06-26 16:28:34', '2025-06-26 16:28:34'),
(552, 25, NULL, 20, NULL, 'dépôt', 'USD', 10.00, 60.00, 'DEPOT du compte IMF107 Client: FARAJA  MANEGABE par Ashuza', '2025-06-26 16:29:00', '2025-06-26 16:29:00'),
(553, 178, NULL, 20, NULL, 'dépôt', 'CDF', 5000.00, 15000.00, 'DEPOT du compte IMF184 Client: Esther  Birhashwirwa par Ashuza', '2025-06-26 16:30:40', '2025-06-26 16:30:40'),
(554, 178, NULL, 20, NULL, 'dépôt', 'CDF', 5000.00, 20000.00, 'DEPOT du compte IMF184 Client: Esther  Birhashwirwa par Ashuza', '2025-06-26 16:30:47', '2025-06-26 16:30:47'),
(555, 180, NULL, 20, NULL, 'dépôt', 'CDF', 10000.00, 30000.00, 'DEPOT du compte IMF185 Client: Mapenzi  Yvonne  par Ashuza', '2025-06-26 16:31:22', '2025-06-26 16:31:22'),
(556, 172, NULL, 20, NULL, 'dépôt', 'CDF', 3000.00, 15000.00, 'DEPOT du compte IMF181 Client: Kilungu  Ramazani  par Ashuza', '2025-06-26 16:32:00', '2025-06-26 16:32:00'),
(557, 172, NULL, 20, NULL, 'dépôt', 'CDF', 3000.00, 18000.00, 'DEPOT du compte IMF181 Client: Kilungu  Ramazani  par Ashuza', '2025-06-26 16:32:07', '2025-06-26 16:32:07'),
(558, 172, NULL, 20, NULL, 'dépôt', 'CDF', 3000.00, 21000.00, 'DEPOT du compte IMF181 Client: Kilungu  Ramazani  par Ashuza', '2025-06-26 16:32:13', '2025-06-26 16:32:13'),
(559, 104, NULL, 20, NULL, 'dépôt', 'CDF', 5000.00, 40000.00, 'DEPOT du compte IMF147 Client: JEANETTE MUDERHWA par Ashuza', '2025-06-26 16:32:52', '2025-06-26 16:32:52'),
(560, 104, NULL, 20, NULL, 'dépôt', 'CDF', 5000.00, 45000.00, 'DEPOT du compte IMF147 Client: JEANETTE MUDERHWA par Ashuza', '2025-06-26 16:32:58', '2025-06-26 16:32:58'),
(561, 72, NULL, 20, NULL, 'dépôt', 'CDF', 5000.00, 75000.00, 'DEPOT du compte IMF131 Client: BAVURHE ANNUARITE par Ashuza', '2025-06-26 16:33:40', '2025-06-26 16:33:40'),
(562, 72, NULL, 20, NULL, 'dépôt', 'CDF', 5000.00, 80000.00, 'DEPOT du compte IMF131 Client: BAVURHE ANNUARITE par Ashuza', '2025-06-26 16:33:49', '2025-06-26 16:33:49'),
(563, 76, NULL, 20, NULL, 'dépôt', 'CDF', 5000.00, 20000.00, 'DEPOT du compte IMF133 Client: AZIZA MUDERWHA par Ashuza', '2025-06-26 16:34:43', '2025-06-26 16:34:43'),
(564, 76, NULL, 20, NULL, 'dépôt', 'CDF', 5000.00, 25000.00, 'DEPOT du compte IMF133 Client: AZIZA MUDERWHA par Ashuza', '2025-06-26 16:34:50', '2025-06-26 16:34:50'),
(565, 76, NULL, 20, NULL, 'dépôt', 'CDF', 5000.00, 30000.00, 'DEPOT du compte IMF133 Client: AZIZA MUDERWHA par Ashuza', '2025-06-26 16:34:57', '2025-06-26 16:34:57'),
(566, 134, NULL, 20, NULL, 'dépôt', 'CDF', 2000.00, 6000.00, 'DEPOT du compte IMF162 Client: ISHARA  BUDERHWA par Ashuza', '2025-06-26 16:37:10', '2025-06-26 16:37:10'),
(567, 134, NULL, 20, NULL, 'dépôt', 'CDF', 2000.00, 8000.00, 'DEPOT du compte IMF162 Client: ISHARA  BUDERHWA par Ashuza', '2025-06-26 16:37:18', '2025-06-26 16:37:18'),
(568, 134, NULL, 20, NULL, 'dépôt', 'CDF', 2000.00, 10000.00, 'DEPOT du compte IMF162 Client: ISHARA  BUDERHWA par Ashuza', '2025-06-26 16:37:25', '2025-06-26 16:37:25'),
(569, 80, NULL, 20, NULL, 'dépôt', 'CDF', 4000.00, 32000.00, 'DEPOT du compte IMF135 Client: CLAUDINE  BARHALENGERWA par Ashuza', '2025-06-26 16:38:02', '2025-06-26 16:38:02'),
(570, 86, NULL, 20, NULL, 'dépôt', 'CDF', 2000.00, 8000.00, 'DEPOT du compte IMF138 Client: NICOLE AWA par Ashuza', '2025-06-26 16:38:49', '2025-06-26 16:38:49'),
(571, 58, NULL, 20, NULL, 'dépôt', 'CDF', 4000.00, 28000.00, 'DEPOT du compte IMF124 Client: CHADRACK MASIRIKA par Ashuza', '2025-06-26 16:39:19', '2025-06-26 16:39:19'),
(572, 140, NULL, 20, NULL, 'dépôt', 'CDF', 10000.00, 60000.00, 'DEPOT du compte IMF165 Client: BINJA WINGA par Ashuza', '2025-06-26 16:40:01', '2025-06-26 16:40:01'),
(573, 140, NULL, 20, NULL, 'dépôt', 'CDF', 10000.00, 70000.00, 'DEPOT du compte IMF165 Client: BINJA WINGA par Ashuza', '2025-06-26 16:40:09', '2025-06-26 16:40:09'),
(574, 128, NULL, 20, NULL, 'dépôt', 'CDF', 5000.00, 30000.00, 'DEPOT du compte IMF159 Client: HELEINA MWARUKARUKA par Ashuza', '2025-06-26 16:40:39', '2025-06-26 16:40:39'),
(575, 126, NULL, 20, NULL, 'dépôt', 'CDF', 5000.00, 35000.00, 'DEPOT du compte IMF158 Client: BAGULA  BAHATI par Ashuza', '2025-06-26 16:41:07', '2025-06-26 16:41:07'),
(576, 120, NULL, 20, NULL, 'dépôt', 'CDF', 5000.00, 35000.00, 'DEPOT du compte IMF155 Client: ISHARA EMANI par Ashuza', '2025-06-26 16:42:30', '2025-06-26 16:42:30'),
(577, 108, NULL, 20, NULL, 'dépôt', 'CDF', 2000.00, 18000.00, 'DEPOT du compte IMF149 Client: SANZA MUKENGE par Ashuza', '2025-06-26 16:43:15', '2025-06-26 16:43:15'),
(578, 108, NULL, 20, NULL, 'dépôt', 'CDF', 2000.00, 20000.00, 'DEPOT du compte IMF149 Client: SANZA MUKENGE par Ashuza', '2025-06-26 16:43:22', '2025-06-26 16:43:22'),
(579, 186, NULL, 20, NULL, 'dépôt', 'CDF', 2000.00, 2000.00, 'DEPOT du compte IMF191 Client: Bilumya Lawi par Ashuza', '2025-06-26 16:43:44', '2025-06-26 16:43:44'),
(580, 106, NULL, 20, NULL, 'dépôt', 'CDF', 5000.00, 25000.00, 'DEPOT du compte IMF148 Client: BARHATULIRWA MUSHI par Ashuza', '2025-06-26 16:45:00', '2025-06-26 16:45:00'),
(581, 132, NULL, 20, NULL, 'dépôt', 'CDF', 5000.00, 30000.00, 'DEPOT du compte IMF161 Client: BARAKA CHIRHAKARHULA par Ashuza', '2025-06-26 17:42:55', '2025-06-26 17:42:55'),
(582, 142, NULL, 20, NULL, 'dépôt', 'CDF', 5000.00, 55000.00, 'DEPOT du compte IMF166 Client: MURHULA  BALAGIZI  par Ashuza', '2025-06-26 17:43:39', '2025-06-26 17:43:39'),
(583, 88, NULL, 20, NULL, 'dépôt', 'CDF', 4000.00, 48000.00, 'DEPOT du compte IMF139 Client: IRENGE BALAGIZI par Ashuza', '2025-06-26 17:44:08', '2025-06-26 17:44:08'),
(584, 160, NULL, 20, NULL, 'dépôt', 'CDF', 20000.00, 80000.00, 'DEPOT du compte IMF175 Client: JEAN  BRAYANNE par Ashuza', '2025-06-26 17:45:06', '2025-06-26 17:45:06'),
(585, 90, NULL, 20, NULL, 'dépôt', 'CDF', 4000.00, 28000.00, 'DEPOT du compte IMF140 Client: DEKULO PASCAL par Ashuza', '2025-06-26 17:45:31', '2025-06-26 17:45:31'),
(586, 154, NULL, 20, NULL, 'dépôt', 'CDF', 25000.00, 100000.00, 'DEPOT du compte IMF172 Client: MELANIE BAGUMA par Ashuza', '2025-06-26 17:45:58', '2025-06-26 17:45:58'),
(587, 18, NULL, 20, NULL, 'dépôt', 'CDF', 25000.00, 200000.00, 'DEPOT du compte IMF103 Client: Irenge Baguma par Ashuza', '2025-06-26 17:46:22', '2025-06-26 17:46:22'),
(588, 92, NULL, 20, NULL, 'dépôt', 'CDF', 4000.00, 28000.00, 'DEPOT du compte IMF141 Client: JUSTIN NTABOBA par Ashuza', '2025-06-26 17:46:44', '2025-06-26 17:46:44'),
(589, 94, NULL, 20, NULL, 'dépôt', 'CDF', 3000.00, 21000.00, 'DEPOT du compte IMF142 Client: CUBAKA BANYWESIZE par Ashuza', '2025-06-26 17:47:07', '2025-06-26 17:47:07'),
(590, 66, NULL, 20, NULL, 'dépôt', 'CDF', 4000.00, 32000.00, 'DEPOT du compte IMF128 Client: FRANCOIS MAISHA par Ashuza', '2025-06-26 17:47:58', '2025-06-26 17:47:58'),
(591, 66, NULL, 20, NULL, 'dépôt', 'CDF', 4000.00, 36000.00, 'DEPOT du compte IMF128 Client: FRANCOIS MAISHA par Ashuza', '2025-06-26 17:48:06', '2025-06-26 17:48:06'),
(592, 68, NULL, 20, NULL, 'dépôt', 'CDF', 60000.00, 480000.00, 'DEPOT du compte IMF129 Client: TOP BABU par Ashuza', '2025-06-26 17:48:28', '2025-06-26 17:48:28'),
(593, 68, NULL, 20, NULL, 'dépôt', 'CDF', 60000.00, 540000.00, 'DEPOT du compte IMF129 Client: TOP BABU par Ashuza', '2025-06-26 17:48:36', '2025-06-26 17:48:36'),
(594, 50, NULL, 20, NULL, 'dépôt', 'CDF', 3000.00, 24000.00, 'DEPOT du compte IMF120 Client: LUC MARABARO par Ashuza', '2025-06-26 17:49:01', '2025-06-26 17:49:01'),
(595, 50, NULL, 20, NULL, 'dépôt', 'CDF', 3000.00, 27000.00, 'DEPOT du compte IMF120 Client: LUC MARABARO par Ashuza', '2025-06-26 17:49:08', '2025-06-26 17:49:08'),
(596, 64, NULL, 20, NULL, 'dépôt', 'CDF', 3000.00, 24000.00, 'DEPOT du compte IMF127 Client: ESTHER MATABARO par Ashuza', '2025-06-26 17:49:34', '2025-06-26 17:49:34'),
(597, 64, NULL, 20, NULL, 'dépôt', 'CDF', 3000.00, 27000.00, 'DEPOT du compte IMF127 Client: ESTHER MATABARO par Ashuza', '2025-06-26 17:49:44', '2025-06-26 17:49:44'),
(598, 70, NULL, 20, NULL, 'dépôt', 'CDF', 3000.00, 24000.00, 'DEPOT du compte IMF130 Client: MUGISHO MUGISHO par Ashuza', '2025-06-26 17:50:44', '2025-06-26 17:50:44'),
(599, 70, NULL, 20, NULL, 'dépôt', 'CDF', 3000.00, 27000.00, 'DEPOT du compte IMF130 Client: MUGISHO MUGISHO par Ashuza', '2025-06-26 17:51:12', '2025-06-26 17:51:12'),
(600, NULL, 2, 2, NULL, 'vente_carte_adhesion', 'CDF', 1000.00, 1000.00, 'Vente de carte à SIFA - Montant: 1000 CDF', '2025-06-26 19:55:59', '2025-06-26 19:55:59'),
(601, 196, NULL, 104, NULL, 'mise_quotidienne_multiple', 'CDF', 5000.00, 5000.00, 'Paiement groupé de 1 mises sur la carte #1\n                                pour le client: SIFA MURHEMULA par Ashuza', '2025-06-26 21:09:22', '2025-06-26 21:09:22'),
(602, 33, NULL, 17, NULL, 'penalite_de_credit', 'USD', 64.68, -383.70, 'Pénalité appliquée sur l\'échéance du 2025-06-01', '2025-06-27 07:00:08', '2025-06-27 07:00:08'),
(603, 164, NULL, 20, NULL, 'dépôt', 'CDF', 20000.00, 2356000.00, 'DEPOT du compte IMF177 Client: Irenge  Mulandu Innocent par Ashuza', '2025-06-27 09:21:41', '2025-06-27 09:21:41'),
(604, 164, NULL, 84, NULL, 'dépôt', 'CDF', 20000.00, 100000.00, 'DEPOT dans votre compte IMF177 Client: Irenge  Mulandu Innocent par Ashuza', '2025-06-27 09:21:41', '2025-06-27 09:21:41'),
(605, 32, NULL, 20, NULL, 'dépôt', 'CDF', 30000.00, 2386000.00, 'DEPOT du compte IMF110 Client: Irenge  Mulandu par Ashuza', '2025-06-27 09:22:33', '2025-06-27 09:22:33'),
(606, 32, NULL, 16, NULL, 'dépôt', 'CDF', 30000.00, 300000.00, 'DEPOT dans votre compte IMF110 Client: Irenge  Mulandu par Ashuza', '2025-06-27 09:22:33', '2025-06-27 09:22:33'),
(607, 46, NULL, 20, NULL, 'dépôt', 'CDF', 50000.00, 2436000.00, 'DEPOT du compte IMF119 Client: Gislain Buhamba par Ashuza', '2025-06-27 09:23:13', '2025-06-27 09:23:13'),
(608, 46, NULL, 25, NULL, 'dépôt', 'CDF', 50000.00, 550000.00, 'DEPOT dans votre compte IMF119 Client: Gislain Buhamba par Ashuza', '2025-06-27 09:23:13', '2025-06-27 09:23:13'),
(609, 44, NULL, 20, NULL, 'dépôt', 'CDF', 3000.00, 2439000.00, 'DEPOT du compte IMF118 Client: Ishara  Kalangiro par Ashuza', '2025-06-27 09:24:56', '2025-06-27 09:24:56'),
(610, 44, NULL, 24, NULL, 'dépôt', 'CDF', 3000.00, 27000.00, 'DEPOT dans votre compte IMF118 Client: Ishara  Kalangiro par Ashuza', '2025-06-27 09:24:56', '2025-06-27 09:24:56'),
(611, 44, NULL, 20, NULL, 'dépôt', 'CDF', 3000.00, 2442000.00, 'DEPOT du compte IMF118 Client: Ishara  Kalangiro par Ashuza', '2025-06-27 09:25:03', '2025-06-27 09:25:03'),
(612, 44, NULL, 24, NULL, 'dépôt', 'CDF', 3000.00, 30000.00, 'DEPOT dans votre compte IMF118 Client: Ishara  Kalangiro par Ashuza', '2025-06-27 09:25:03', '2025-06-27 09:25:03'),
(613, 44, NULL, 20, NULL, 'dépôt', 'CDF', 3000.00, 2445000.00, 'DEPOT du compte IMF118 Client: Ishara  Kalangiro par Ashuza', '2025-06-27 09:25:10', '2025-06-27 09:25:10'),
(614, 44, NULL, 24, NULL, 'dépôt', 'CDF', 3000.00, 33000.00, 'DEPOT dans votre compte IMF118 Client: Ishara  Kalangiro par Ashuza', '2025-06-27 09:25:10', '2025-06-27 09:25:10'),
(615, 44, NULL, 20, NULL, 'dépôt', 'CDF', 3000.00, 2448000.00, 'DEPOT du compte IMF118 Client: Ishara  Kalangiro par Ashuza', '2025-06-27 09:25:17', '2025-06-27 09:25:17'),
(616, 44, NULL, 24, NULL, 'dépôt', 'CDF', 3000.00, 36000.00, 'DEPOT dans votre compte IMF118 Client: Ishara  Kalangiro par Ashuza', '2025-06-27 09:25:17', '2025-06-27 09:25:17'),
(617, 44, NULL, 20, NULL, 'dépôt', 'CDF', 3000.00, 2451000.00, 'DEPOT du compte IMF118 Client: Ishara  Kalangiro par Ashuza', '2025-06-27 09:25:23', '2025-06-27 09:25:23'),
(618, 44, NULL, 24, NULL, 'dépôt', 'CDF', 3000.00, 39000.00, 'DEPOT dans votre compte IMF118 Client: Ishara  Kalangiro par Ashuza', '2025-06-27 09:25:23', '2025-06-27 09:25:23'),
(619, 42, NULL, 20, NULL, 'dépôt', 'CDF', 20000.00, 2471000.00, 'DEPOT du compte IMF117 Client: Akonkwa  Biringanine par Ashuza', '2025-06-27 09:26:07', '2025-06-27 09:26:07'),
(620, 42, NULL, 23, NULL, 'dépôt', 'CDF', 20000.00, 160000.00, 'DEPOT dans votre compte IMF117 Client: Akonkwa  Biringanine par Ashuza', '2025-06-27 09:26:07', '2025-06-27 09:26:07'),
(621, NULL, 12, 21, NULL, 'vente_carte_adhesion', 'CDF', 1000.00, 1000.00, 'Vente de carte à Jonanthan - Montant: 1000 CDF', '2025-06-27 09:48:30', '2025-06-27 09:48:30'),
(622, NULL, 13, 97, NULL, 'vente_carte_adhesion', 'CDF', 1000.00, 1000.00, 'Vente de carte à Jonanthan - Montant: 1000 CDF', '2025-06-27 09:48:30', '2025-06-27 09:48:30'),
(625, NULL, 12, 21, NULL, 'vente_carte_adhesion', 'CDF', 1000.00, 2000.00, 'Vente de carte à Rosine  - Montant: 1000 CDF', '2025-06-27 09:55:43', '2025-06-27 09:55:43'),
(626, NULL, 13, 97, NULL, 'vente_carte_adhesion', 'CDF', 1000.00, 2000.00, 'Vente de carte à Rosine  - Montant: 1000 CDF', '2025-06-27 09:55:43', '2025-06-27 09:55:43'),
(629, NULL, 12, 21, NULL, 'vente_carte_adhesion', 'CDF', 1000.00, 3000.00, 'Vente de carte à Ciza  - Montant: 1000 CDF', '2025-06-27 09:57:01', '2025-06-27 09:57:01'),
(630, NULL, 13, 97, NULL, 'vente_carte_adhesion', 'CDF', 1000.00, 3000.00, 'Vente de carte à Ciza  - Montant: 1000 CDF', '2025-06-27 09:57:01', '2025-06-27 09:57:01'),
(633, 198, NULL, 105, NULL, 'mise_quotidienne', 'CDF', 20000.00, 20000.00, 'Paiement groupé de 1 mises sur la carte #4\n                                pour le client: Rosine  Mwamini  par Ashuza', '2025-06-27 10:08:28', '2025-06-27 10:08:28'),
(634, 198, NULL, 20, NULL, 'mise_quotidienne', 'CDF', 20000.00, 2491000.00, 'Paiement groupé de 1 mises sur la carte #4\n                                pour le client: Rosine  Mwamini  par Ashuza', '2025-06-27 10:08:28', '2025-06-27 10:08:28'),
(635, 202, NULL, 107, NULL, 'mise_quotidienne', 'CDF', 10000.00, 10000.00, 'Paiement groupé de 1 mises sur la carte #2\n                                pour le client: Jonanthan Christian  par Ashuza', '2025-06-27 10:09:05', '2025-06-27 10:09:05'),
(636, 202, NULL, 20, NULL, 'mise_quotidienne', 'CDF', 10000.00, 2501000.00, 'Paiement groupé de 1 mises sur la carte #2\n                                pour le client: Jonanthan Christian  par Ashuza', '2025-06-27 10:09:05', '2025-06-27 10:09:05'),
(637, 200, NULL, 106, NULL, 'mise_quotidienne', 'CDF', 10000.00, 10000.00, 'Paiement groupé de 1 mises sur la carte #5\n                                pour le client: Ciza  Bisimwa  par Ashuza', '2025-06-27 10:09:42', '2025-06-27 10:09:42'),
(638, 200, NULL, 20, NULL, 'mise_quotidienne', 'CDF', 10000.00, 2511000.00, 'Paiement groupé de 1 mises sur la carte #5\n                                pour le client: Ciza  Bisimwa  par Ashuza', '2025-06-27 10:09:42', '2025-06-27 10:09:42'),
(639, 25, NULL, 20, NULL, 'dépôt', 'USD', 10.00, 90.00, 'DEPOT du compte IMF107 Client: FARAJA  MANEGABE par Ashuza', '2025-06-27 12:10:51', '2025-06-27 12:10:51'),
(640, 25, NULL, 13, NULL, 'dépôt', 'USD', 10.00, 70.00, 'DEPOT dans votre compte IMF107 Client: FARAJA  MANEGABE par Ashuza', '2025-06-27 12:10:51', '2025-06-27 12:10:51'),
(641, 178, NULL, 20, NULL, 'dépôt', 'CDF', 5000.00, 2516000.00, 'DEPOT du compte IMF184 Client: Esther  Birhashwirwa par Ashuza', '2025-06-27 12:11:31', '2025-06-27 12:11:31'),
(642, 178, NULL, 91, NULL, 'dépôt', 'CDF', 5000.00, 25000.00, 'DEPOT dans votre compte IMF184 Client: Esther  Birhashwirwa par Ashuza', '2025-06-27 12:11:31', '2025-06-27 12:11:31'),
(643, 178, NULL, 20, NULL, 'dépôt', 'CDF', 5000.00, 2521000.00, 'DEPOT du compte IMF184 Client: Esther  Birhashwirwa par Ashuza', '2025-06-27 12:11:46', '2025-06-27 12:11:46'),
(644, 178, NULL, 91, NULL, 'dépôt', 'CDF', 5000.00, 30000.00, 'DEPOT dans votre compte IMF184 Client: Esther  Birhashwirwa par Ashuza', '2025-06-27 12:11:46', '2025-06-27 12:11:46'),
(645, 180, NULL, 20, NULL, 'dépôt', 'CDF', 10000.00, 2531000.00, 'DEPOT du compte IMF185 Client: Mapenzi  Yvonne  par Ashuza', '2025-06-27 12:12:26', '2025-06-27 12:12:26'),
(646, 180, NULL, 92, NULL, 'dépôt', 'CDF', 10000.00, 40000.00, 'DEPOT dans votre compte IMF185 Client: Mapenzi  Yvonne  par Ashuza', '2025-06-27 12:12:26', '2025-06-27 12:12:26'),
(647, 200, NULL, 106, NULL, 'mise_quotidienne', 'CDF', 10000.00, 20000.00, 'Paiement groupé de 1 mises sur la carte #5\n                                pour le client: Ciza  Bisimwa  par Ashuza', '2025-06-27 12:21:45', '2025-06-27 12:21:45'),
(648, 200, NULL, 20, NULL, 'mise_quotidienne', 'CDF', 10000.00, 2541000.00, 'Paiement groupé de 1 mises sur la carte #5\n                                pour le client: Ciza  Bisimwa  par Ashuza', '2025-06-27 12:21:45', '2025-06-27 12:21:45'),
(649, NULL, 8, 20, NULL, 'virement vers caisse centrale', 'CDF', 2336000.00, 205000.00, 'Virement de 2336000 CDF du compte de Ashuza vers la caisse centrale. #REF17', '2025-06-27 14:37:05', '2025-06-27 14:37:05'),
(650, NULL, 11, 20, NULL, 'virement vers caisse centrale', 'USD', 80.00, 10.00, 'Virement de 80 USD du compte de Ashuza vers la caisse centrale. #REF18', '2025-06-27 14:37:37', '2025-06-27 14:37:37'),
(651, 71, NULL, 2, NULL, 'dépôt', 'USD', 10.00, 10.00, 'DEPOT du compte IMF131 Client: BAVURHE ANNUARITE par Caissier', '2025-06-27 14:48:33', '2025-06-27 14:48:33'),
(652, 71, NULL, 38, NULL, 'dépôt', 'USD', 10.00, 10.00, 'DEPOT dans votre compte IMF131 Client: BAVURHE ANNUARITE par Caissier', '2025-06-27 14:48:33', '2025-06-27 14:48:33'),
(653, 133, NULL, 2, NULL, 'dépôt', 'USD', 15.00, 25.00, 'DEPOT du compte IMF162 Client: ISHARA  BUDERHWA par Caissier', '2025-06-27 14:49:30', '2025-06-27 14:49:30'),
(654, 133, NULL, 69, NULL, 'dépôt', 'USD', 15.00, 15.00, 'DEPOT dans votre compte IMF162 Client: ISHARA  BUDERHWA par Caissier', '2025-06-27 14:49:30', '2025-06-27 14:49:30'),
(655, 73, NULL, 2, NULL, 'dépôt', 'USD', 10.00, 35.00, 'DEPOT du compte IMF132 Client: KILUNDU BERNADETTE par Caissier', '2025-06-27 14:50:07', '2025-06-27 14:50:07'),
(656, 73, NULL, 39, NULL, 'dépôt', 'USD', 10.00, 10.00, 'DEPOT dans votre compte IMF132 Client: KILUNDU BERNADETTE par Caissier', '2025-06-27 14:50:07', '2025-06-27 14:50:07'),
(657, 132, NULL, 2, NULL, 'dépôt', 'CDF', 30000.00, 31000.00, 'DEPOT du compte IMF161 Client: BARAKA CHIRHAKARHULA par Caissier', '2025-06-27 14:51:00', '2025-06-27 14:51:00'),
(658, 132, NULL, 68, NULL, 'dépôt', 'CDF', 30000.00, 60000.00, 'DEPOT dans votre compte IMF161 Client: BARAKA CHIRHAKARHULA par Caissier', '2025-06-27 14:51:00', '2025-06-27 14:51:00'),
(659, 106, NULL, 2, NULL, 'dépôt', 'CDF', 45000.00, 76000.00, 'DEPOT du compte IMF148 Client: BARHATULIRWA MUSHI par Caissier', '2025-06-27 14:51:51', '2025-06-27 14:51:51'),
(660, 106, NULL, 55, NULL, 'dépôt', 'CDF', 45000.00, 70000.00, 'DEPOT dans votre compte IMF148 Client: BARHATULIRWA MUSHI par Caissier', '2025-06-27 14:51:51', '2025-06-27 14:51:51');
INSERT INTO `transactions` (`id`, `account_id`, `agent_account_id`, `user_id`, `credit_id`, `type`, `currency`, `amount`, `balance_after`, `description`, `created_at`, `updated_at`) VALUES
(661, 71, NULL, 38, NULL, 'octroi_de_credit', 'USD', 200.00, 210.00, 'Crédit octroyé à BAVURHE ANNUARITE', '2025-06-27 15:01:05', '2025-06-27 15:01:05'),
(662, 71, NULL, 2, NULL, 'octroi_de_credit_client', 'USD', 200.00, 650.00, 'Crédit octroyé à BAVURHE ANNUARITE', '2025-06-27 15:01:05', '2025-06-27 15:01:05'),
(663, NULL, 14, 94, NULL, 'commission_credit', 'USD', 10.00, 10.00, 'Frais de commission du dossier du credit #19 - Montant: 10 USD octroyé à BAVURHE ANNUARITE', '2025-06-27 15:01:05', '2025-06-27 15:01:05'),
(664, NULL, 1, 2, NULL, 'frais_credit_pour_retrait', 'USD', 200.00, 235.00, 'Frais à retirer du dossier du credit #19 - Montant: 200 USD du client BAVURHE ANNUARITE', '2025-06-27 15:01:05', '2025-06-27 15:01:05'),
(665, 133, NULL, 69, NULL, 'octroi_de_credit', 'USD', 300.00, 315.00, 'Crédit octroyé à ISHARA  BUDERHWA', '2025-06-27 15:04:10', '2025-06-27 15:04:10'),
(666, 133, NULL, 2, NULL, 'octroi_de_credit_client', 'USD', 300.00, 350.00, 'Crédit octroyé à ISHARA  BUDERHWA', '2025-06-27 15:04:10', '2025-06-27 15:04:10'),
(667, NULL, 14, 94, NULL, 'commission_credit', 'USD', 15.00, 25.00, 'Frais de commission du dossier du credit #20 - Montant: 15 USD octroyé à ISHARA  BUDERHWA', '2025-06-27 15:04:10', '2025-06-27 15:04:10'),
(668, NULL, 1, 2, NULL, 'frais_credit_pour_retrait', 'USD', 300.00, 535.00, 'Frais à retirer du dossier du credit #20 - Montant: 300 USD du client ISHARA  BUDERHWA', '2025-06-27 15:04:10', '2025-06-27 15:04:10'),
(669, 73, NULL, 39, NULL, 'octroi_de_credit', 'USD', 200.00, 210.00, 'Crédit octroyé à KILUNDU BERNADETTE', '2025-06-27 15:05:34', '2025-06-27 15:05:34'),
(670, 73, NULL, 2, NULL, 'octroi_de_credit_client', 'USD', 200.00, 150.00, 'Crédit octroyé à KILUNDU BERNADETTE', '2025-06-27 15:05:34', '2025-06-27 15:05:34'),
(671, NULL, 14, 94, NULL, 'commission_credit', 'USD', 10.00, 35.00, 'Frais de commission du dossier du credit #21 - Montant: 10 USD octroyé à KILUNDU BERNADETTE', '2025-06-27 15:05:34', '2025-06-27 15:05:34'),
(672, NULL, 1, 2, NULL, 'frais_credit_pour_retrait', 'USD', 200.00, 735.00, 'Frais à retirer du dossier du credit #21 - Montant: 200 USD du client KILUNDU BERNADETTE', '2025-06-27 15:05:34', '2025-06-27 15:05:34'),
(673, 132, NULL, 68, NULL, 'octroi_de_credit', 'CDF', 600000.00, 660000.00, 'Crédit octroyé à BARAKA CHIRHAKARHULA', '2025-06-27 15:07:34', '2025-06-27 15:07:34'),
(674, 132, NULL, 2, NULL, 'octroi_de_credit_client', 'CDF', 600000.00, 902000.00, 'Crédit octroyé à BARAKA CHIRHAKARHULA', '2025-06-27 15:07:34', '2025-06-27 15:07:34'),
(675, NULL, 15, 94, NULL, 'commission_credit', 'CDF', 30000.00, 30000.00, 'Frais de commission du dossier du credit #22 - Montant: 30000 CDF octroyé à BARAKA CHIRHAKARHULA', '2025-06-27 15:07:34', '2025-06-27 15:07:34'),
(676, NULL, 2, 2, NULL, 'frais_credit_pour_retrait', 'CDF', 600000.00, 676000.00, 'Frais à retirer du dossier du credit #22 - Montant: 600000 CDF du client BARAKA CHIRHAKARHULA', '2025-06-27 15:07:34', '2025-06-27 15:07:34'),
(677, 106, NULL, 55, NULL, 'octroi_de_credit', 'CDF', 900000.00, 970000.00, 'Crédit octroyé à BARHATULIRWA MUSHI', '2025-06-27 15:09:07', '2025-06-27 15:09:07'),
(678, 106, NULL, 2, NULL, 'octroi_de_credit_client', 'CDF', 900000.00, 2000.00, 'Crédit octroyé à BARHATULIRWA MUSHI', '2025-06-27 15:09:07', '2025-06-27 15:09:07'),
(679, NULL, 15, 94, NULL, 'commission_credit', 'CDF', 45000.00, 75000.00, 'Frais de commission du dossier du credit #23 - Montant: 45000 CDF octroyé à BARHATULIRWA MUSHI', '2025-06-27 15:09:07', '2025-06-27 15:09:07'),
(680, NULL, 2, 2, NULL, 'frais_credit_pour_retrait', 'CDF', 900000.00, 1576000.00, 'Frais à retirer du dossier du credit #23 - Montant: 900000 CDF du client BARHATULIRWA MUSHI', '2025-06-27 15:09:07', '2025-06-27 15:09:07'),
(681, 71, NULL, 2, NULL, 'retrait', 'USD', 200.00, 10.00, 'RETRAIT du compte IMF131 Client: BAVURHE ANNUARITE par Caissier', '2025-06-27 15:21:27', '2025-06-27 15:21:27'),
(682, 71, NULL, 38, NULL, 'retrait', 'USD', 200.00, 10.00, 'RETRAIT dans votre compte IMF131 Client: BAVURHE ANNUARITE par Caissier', '2025-06-27 15:21:27', '2025-06-27 15:21:27'),
(683, 133, NULL, 2, NULL, 'retrait', 'USD', 300.00, 15.00, 'RETRAIT du compte IMF162 Client: ISHARA  BUDERHWA par Caissier', '2025-06-27 15:22:10', '2025-06-27 15:22:10'),
(684, 133, NULL, 69, NULL, 'retrait', 'USD', 300.00, 15.00, 'RETRAIT dans votre compte IMF162 Client: ISHARA  BUDERHWA par Caissier', '2025-06-27 15:22:10', '2025-06-27 15:22:10'),
(685, 73, NULL, 2, NULL, 'retrait', 'USD', 200.00, 10.00, 'RETRAIT du compte IMF132 Client: KILUNDU BERNADETTE par Caissier', '2025-06-27 15:22:44', '2025-06-27 15:22:44'),
(686, 73, NULL, 39, NULL, 'retrait', 'USD', 200.00, 10.00, 'RETRAIT dans votre compte IMF132 Client: KILUNDU BERNADETTE par Caissier', '2025-06-27 15:22:44', '2025-06-27 15:22:44'),
(687, 132, NULL, 2, NULL, 'retrait', 'CDF', 600000.00, 60000.00, 'RETRAIT du compte IMF161 Client: BARAKA CHIRHAKARHULA par Caissier', '2025-06-27 15:24:00', '2025-06-27 15:24:00'),
(688, 132, NULL, 68, NULL, 'retrait', 'CDF', 600000.00, 60000.00, 'RETRAIT dans votre compte IMF161 Client: BARAKA CHIRHAKARHULA par Caissier', '2025-06-27 15:24:00', '2025-06-27 15:24:00'),
(689, 106, NULL, 2, NULL, 'retrait', 'CDF', 900000.00, 70000.00, 'RETRAIT du compte IMF148 Client: BARHATULIRWA MUSHI par Caissier', '2025-06-27 15:24:43', '2025-06-27 15:24:43'),
(690, 106, NULL, 55, NULL, 'retrait', 'CDF', 900000.00, 70000.00, 'RETRAIT dans votre compte IMF148 Client: BARHATULIRWA MUSHI par Caissier', '2025-06-27 15:24:43', '2025-06-27 15:24:43'),
(691, 170, NULL, 20, NULL, 'dépôt', 'CDF', 5000.00, 210000.00, 'DEPOT du compte IMF180 Client: Mugisho  Mweze  par Ashuza', '2025-06-27 16:12:07', '2025-06-27 16:12:07'),
(692, 170, NULL, 87, NULL, 'dépôt', 'CDF', 5000.00, 20000.00, 'DEPOT dans votre compte IMF180 Client: Mugisho  Mweze  par Ashuza', '2025-06-27 16:12:07', '2025-06-27 16:12:07'),
(693, 170, NULL, 20, NULL, 'dépôt', 'CDF', 5000.00, 215000.00, 'DEPOT du compte IMF180 Client: Mugisho  Mweze  par Ashuza', '2025-06-27 16:12:18', '2025-06-27 16:12:18'),
(694, 170, NULL, 87, NULL, 'dépôt', 'CDF', 5000.00, 25000.00, 'DEPOT dans votre compte IMF180 Client: Mugisho  Mweze  par Ashuza', '2025-06-27 16:12:18', '2025-06-27 16:12:18'),
(695, 170, NULL, 20, NULL, 'dépôt', 'CDF', 5000.00, 220000.00, 'DEPOT du compte IMF180 Client: Mugisho  Mweze  par Ashuza', '2025-06-27 16:12:26', '2025-06-27 16:12:26'),
(696, 170, NULL, 87, NULL, 'dépôt', 'CDF', 5000.00, 30000.00, 'DEPOT dans votre compte IMF180 Client: Mugisho  Mweze  par Ashuza', '2025-06-27 16:12:26', '2025-06-27 16:12:26'),
(697, 108, NULL, 20, NULL, 'dépôt', 'CDF', 2000.00, 222000.00, 'DEPOT du compte IMF149 Client: SANZA MUKENGE par Ashuza', '2025-06-27 16:13:00', '2025-06-27 16:13:00'),
(698, 108, NULL, 56, NULL, 'dépôt', 'CDF', 2000.00, 22000.00, 'DEPOT dans votre compte IMF149 Client: SANZA MUKENGE par Ashuza', '2025-06-27 16:13:00', '2025-06-27 16:13:00'),
(699, 108, NULL, 20, NULL, 'dépôt', 'CDF', 2000.00, 224000.00, 'DEPOT du compte IMF149 Client: SANZA MUKENGE par Ashuza', '2025-06-27 16:13:07', '2025-06-27 16:13:07'),
(700, 108, NULL, 56, NULL, 'dépôt', 'CDF', 2000.00, 24000.00, 'DEPOT dans votre compte IMF149 Client: SANZA MUKENGE par Ashuza', '2025-06-27 16:13:07', '2025-06-27 16:13:07'),
(701, 108, NULL, 20, NULL, 'dépôt', 'CDF', 2000.00, 226000.00, 'DEPOT du compte IMF149 Client: SANZA MUKENGE par Ashuza', '2025-06-27 16:14:04', '2025-06-27 16:14:04'),
(702, 108, NULL, 56, NULL, 'dépôt', 'CDF', 2000.00, 26000.00, 'DEPOT dans votre compte IMF149 Client: SANZA MUKENGE par Ashuza', '2025-06-27 16:14:04', '2025-06-27 16:14:04'),
(703, 120, NULL, 20, NULL, 'dépôt', 'CDF', 5000.00, 231000.00, 'DEPOT du compte IMF155 Client: ISHARA EMANI par Ashuza', '2025-06-27 16:14:52', '2025-06-27 16:14:52'),
(704, 120, NULL, 62, NULL, 'dépôt', 'CDF', 5000.00, 40000.00, 'DEPOT dans votre compte IMF155 Client: ISHARA EMANI par Ashuza', '2025-06-27 16:14:52', '2025-06-27 16:14:52'),
(705, 186, NULL, 20, NULL, 'dépôt', 'CDF', 2000.00, 233000.00, 'DEPOT du compte IMF191 Client: Bilumya Lawi par Ashuza', '2025-06-27 16:15:26', '2025-06-27 16:15:26'),
(706, 186, NULL, 99, NULL, 'dépôt', 'CDF', 2000.00, 4000.00, 'DEPOT dans votre compte IMF191 Client: Bilumya Lawi par Ashuza', '2025-06-27 16:15:26', '2025-06-27 16:15:26'),
(707, 100, NULL, 20, NULL, 'dépôt', 'CDF', 10000.00, 243000.00, 'DEPOT du compte IMF145 Client: BENJAMIN CIKOMOLA par Ashuza', '2025-06-27 16:15:51', '2025-06-27 16:15:51'),
(708, 100, NULL, 52, NULL, 'dépôt', 'CDF', 10000.00, 10000.00, 'DEPOT dans votre compte IMF145 Client: BENJAMIN CIKOMOLA par Ashuza', '2025-06-27 16:15:51', '2025-06-27 16:15:51'),
(709, 56, NULL, 20, NULL, 'dépôt', 'CDF', 10000.00, 253000.00, 'DEPOT du compte IMF123 Client: LUC KAJABWIKA par Ashuza', '2025-06-27 16:16:25', '2025-06-27 16:16:25'),
(710, 56, NULL, 30, NULL, 'dépôt', 'CDF', 10000.00, 70000.00, 'DEPOT dans votre compte IMF123 Client: LUC KAJABWIKA par Ashuza', '2025-06-27 16:16:25', '2025-06-27 16:16:25'),
(711, 172, NULL, 20, NULL, 'dépôt', 'CDF', 3000.00, 256000.00, 'DEPOT du compte IMF181 Client: Kilungu  Ramazani  par Ashuza', '2025-06-27 16:16:59', '2025-06-27 16:16:59'),
(712, 172, NULL, 88, NULL, 'dépôt', 'CDF', 3000.00, 24000.00, 'DEPOT dans votre compte IMF181 Client: Kilungu  Ramazani  par Ashuza', '2025-06-27 16:16:59', '2025-06-27 16:16:59'),
(713, 172, NULL, 20, NULL, 'dépôt', 'CDF', 3000.00, 259000.00, 'DEPOT du compte IMF181 Client: Kilungu  Ramazani  par Ashuza', '2025-06-27 16:17:12', '2025-06-27 16:17:12'),
(714, 172, NULL, 88, NULL, 'dépôt', 'CDF', 3000.00, 27000.00, 'DEPOT dans votre compte IMF181 Client: Kilungu  Ramazani  par Ashuza', '2025-06-27 16:17:12', '2025-06-27 16:17:12'),
(715, 172, NULL, 20, NULL, 'dépôt', 'CDF', 3000.00, 262000.00, 'DEPOT du compte IMF181 Client: Kilungu  Ramazani  par Ashuza', '2025-06-27 16:17:19', '2025-06-27 16:17:19'),
(716, 172, NULL, 88, NULL, 'dépôt', 'CDF', 3000.00, 30000.00, 'DEPOT dans votre compte IMF181 Client: Kilungu  Ramazani  par Ashuza', '2025-06-27 16:17:19', '2025-06-27 16:17:19'),
(717, 58, NULL, 20, NULL, 'dépôt', 'CDF', 4000.00, 266000.00, 'DEPOT du compte IMF124 Client: CHADRACK MASIRIKA par Ashuza', '2025-06-27 16:17:57', '2025-06-27 16:17:57'),
(718, 58, NULL, 31, NULL, 'dépôt', 'CDF', 4000.00, 32000.00, 'DEPOT dans votre compte IMF124 Client: CHADRACK MASIRIKA par Ashuza', '2025-06-27 16:17:57', '2025-06-27 16:17:57'),
(723, 134, NULL, 20, NULL, 'dépôt', 'CDF', 2000.00, 272000.00, 'DEPOT du compte IMF162 Client: ISHARA  BUDERHWA par Ashuza', '2025-06-27 16:23:07', '2025-06-27 16:23:07'),
(724, 134, NULL, 69, NULL, 'dépôt', 'CDF', 2000.00, 12000.00, 'DEPOT dans votre compte IMF162 Client: ISHARA  BUDERHWA par Ashuza', '2025-06-27 16:23:07', '2025-06-27 16:23:07'),
(725, 134, NULL, 20, NULL, 'dépôt', 'CDF', 2000.00, 274000.00, 'DEPOT du compte IMF162 Client: ISHARA  BUDERHWA par Ashuza', '2025-06-27 16:23:14', '2025-06-27 16:23:14'),
(726, 134, NULL, 69, NULL, 'dépôt', 'CDF', 2000.00, 14000.00, 'DEPOT dans votre compte IMF162 Client: ISHARA  BUDERHWA par Ashuza', '2025-06-27 16:23:14', '2025-06-27 16:23:14'),
(727, 53, NULL, 20, NULL, 'dépôt', 'USD', 10.00, 20.00, 'DEPOT du compte IMF122 Client: ISHARA BUDERWA par Ashuza', '2025-06-27 16:24:57', '2025-06-27 16:24:57'),
(728, 53, NULL, 29, NULL, 'dépôt', 'USD', 10.00, 60.00, 'DEPOT dans votre compte IMF122 Client: ISHARA BUDERWA par Ashuza', '2025-06-27 16:24:57', '2025-06-27 16:24:57'),
(729, 104, NULL, 20, NULL, 'dépôt', 'CDF', 5000.00, 279000.00, 'DEPOT du compte IMF147 Client: JEANETTE MUDERHWA par Ashuza', '2025-06-27 16:25:50', '2025-06-27 16:25:50'),
(730, 104, NULL, 54, NULL, 'dépôt', 'CDF', 5000.00, 50000.00, 'DEPOT dans votre compte IMF147 Client: JEANETTE MUDERHWA par Ashuza', '2025-06-27 16:25:50', '2025-06-27 16:25:50'),
(731, 104, NULL, 20, NULL, 'dépôt', 'CDF', 5000.00, 284000.00, 'DEPOT du compte IMF147 Client: JEANETTE MUDERHWA par Ashuza', '2025-06-27 16:25:57', '2025-06-27 16:25:57'),
(732, 104, NULL, 54, NULL, 'dépôt', 'CDF', 5000.00, 55000.00, 'DEPOT dans votre compte IMF147 Client: JEANETTE MUDERHWA par Ashuza', '2025-06-27 16:25:57', '2025-06-27 16:25:57'),
(733, 86, NULL, 20, NULL, 'dépôt', 'CDF', 2000.00, 286000.00, 'DEPOT du compte IMF138 Client: NICOLE AWA par Ashuza', '2025-06-27 16:26:25', '2025-06-27 16:26:25'),
(734, 86, NULL, 45, NULL, 'dépôt', 'CDF', 2000.00, 10000.00, 'DEPOT dans votre compte IMF138 Client: NICOLE AWA par Ashuza', '2025-06-27 16:26:25', '2025-06-27 16:26:25'),
(735, 80, NULL, 20, NULL, 'dépôt', 'CDF', 4000.00, 290000.00, 'DEPOT du compte IMF135 Client: CLAUDINE  BARHALENGERWA par Ashuza', '2025-06-27 16:26:53', '2025-06-27 16:26:53'),
(736, 80, NULL, 42, NULL, 'dépôt', 'CDF', 4000.00, 36000.00, 'DEPOT dans votre compte IMF135 Client: CLAUDINE  BARHALENGERWA par Ashuza', '2025-06-27 16:26:53', '2025-06-27 16:26:53'),
(737, 138, NULL, 20, NULL, 'dépôt', 'CDF', 5000.00, 295000.00, 'DEPOT du compte IMF164 Client: SENGI MWALAVUMBA par Ashuza', '2025-06-27 16:27:28', '2025-06-27 16:27:28'),
(738, 138, NULL, 71, NULL, 'dépôt', 'CDF', 5000.00, 30000.00, 'DEPOT dans votre compte IMF164 Client: SENGI MWALAVUMBA par Ashuza', '2025-06-27 16:27:28', '2025-06-27 16:27:28'),
(739, 196, NULL, 20, NULL, 'dépôt', 'CDF', 5000.00, 300000.00, 'DEPOT du compte IMF196 Client: SIFA MURHEMULA par Ashuza', '2025-06-27 16:27:57', '2025-06-27 16:27:57'),
(740, 196, NULL, 104, NULL, 'dépôt', 'CDF', 5000.00, 10000.00, 'DEPOT dans votre compte IMF196 Client: SIFA MURHEMULA par Ashuza', '2025-06-27 16:27:57', '2025-06-27 16:27:57'),
(741, 62, NULL, 20, NULL, 'dépôt', 'CDF', 5000.00, 305000.00, 'DEPOT du compte IMF126 Client: JOSEPH VAINQUEUR par Ashuza', '2025-06-27 16:28:19', '2025-06-27 16:28:19'),
(742, 62, NULL, 33, NULL, 'dépôt', 'CDF', 5000.00, 35000.00, 'DEPOT dans votre compte IMF126 Client: JOSEPH VAINQUEUR par Ashuza', '2025-06-27 16:28:19', '2025-06-27 16:28:19'),
(743, 78, NULL, 20, NULL, 'dépôt', 'CDF', 10000.00, 315000.00, 'DEPOT du compte IMF134 Client: SAFARI MASHIMANGO par Ashuza', '2025-06-27 16:29:39', '2025-06-27 16:29:39'),
(744, 78, NULL, 41, NULL, 'dépôt', 'CDF', 10000.00, 180000.00, 'DEPOT dans votre compte IMF134 Client: SAFARI MASHIMANGO par Ashuza', '2025-06-27 16:29:39', '2025-06-27 16:29:39'),
(745, 78, NULL, 20, NULL, 'dépôt', 'CDF', 10000.00, 325000.00, 'DEPOT du compte IMF134 Client: SAFARI MASHIMANGO par Ashuza', '2025-06-27 16:29:48', '2025-06-27 16:29:48'),
(746, 78, NULL, 41, NULL, 'dépôt', 'CDF', 10000.00, 190000.00, 'DEPOT dans votre compte IMF134 Client: SAFARI MASHIMANGO par Ashuza', '2025-06-27 16:29:48', '2025-06-27 16:29:48'),
(747, 78, NULL, 20, NULL, 'dépôt', 'CDF', 10000.00, 335000.00, 'DEPOT du compte IMF134 Client: SAFARI MASHIMANGO par Ashuza', '2025-06-27 16:29:56', '2025-06-27 16:29:56'),
(748, 78, NULL, 41, NULL, 'dépôt', 'CDF', 10000.00, 200000.00, 'DEPOT dans votre compte IMF134 Client: SAFARI MASHIMANGO par Ashuza', '2025-06-27 16:29:56', '2025-06-27 16:29:56'),
(749, 72, NULL, 20, NULL, 'dépôt', 'CDF', 5000.00, 340000.00, 'DEPOT du compte IMF131 Client: BAVURHE ANNUARITE par Ashuza', '2025-06-27 16:30:38', '2025-06-27 16:30:38'),
(750, 72, NULL, 38, NULL, 'dépôt', 'CDF', 5000.00, 85000.00, 'DEPOT dans votre compte IMF131 Client: BAVURHE ANNUARITE par Ashuza', '2025-06-27 16:30:38', '2025-06-27 16:30:38'),
(751, 72, NULL, 20, NULL, 'dépôt', 'CDF', 5000.00, 345000.00, 'DEPOT du compte IMF131 Client: BAVURHE ANNUARITE par Ashuza', '2025-06-27 16:30:46', '2025-06-27 16:30:46'),
(752, 72, NULL, 38, NULL, 'dépôt', 'CDF', 5000.00, 90000.00, 'DEPOT dans votre compte IMF131 Client: BAVURHE ANNUARITE par Ashuza', '2025-06-27 16:30:46', '2025-06-27 16:30:46'),
(753, 76, NULL, 20, NULL, 'dépôt', 'CDF', 5000.00, 350000.00, 'DEPOT du compte IMF133 Client: AZIZA MUDERWHA par Ashuza', '2025-06-27 16:31:17', '2025-06-27 16:31:17'),
(754, 76, NULL, 40, NULL, 'dépôt', 'CDF', 5000.00, 35000.00, 'DEPOT dans votre compte IMF133 Client: AZIZA MUDERWHA par Ashuza', '2025-06-27 16:31:17', '2025-06-27 16:31:17'),
(755, 74, NULL, 20, NULL, 'dépôt', 'CDF', 5000.00, 355000.00, 'DEPOT du compte IMF132 Client: KILUNDU BERNADETTE par Ashuza', '2025-06-27 16:31:50', '2025-06-27 16:31:50'),
(756, 74, NULL, 39, NULL, 'dépôt', 'CDF', 5000.00, 70000.00, 'DEPOT dans votre compte IMF132 Client: KILUNDU BERNADETTE par Ashuza', '2025-06-27 16:31:50', '2025-06-27 16:31:50'),
(757, 74, NULL, 20, NULL, 'dépôt', 'CDF', 5000.00, 360000.00, 'DEPOT du compte IMF132 Client: KILUNDU BERNADETTE par Ashuza', '2025-06-27 16:33:46', '2025-06-27 16:33:46'),
(758, 74, NULL, 39, NULL, 'dépôt', 'CDF', 5000.00, 75000.00, 'DEPOT dans votre compte IMF132 Client: KILUNDU BERNADETTE par Ashuza', '2025-06-27 16:33:46', '2025-06-27 16:33:46'),
(759, 162, NULL, 20, NULL, 'dépôt', 'CDF', 2000.00, 362000.00, 'DEPOT du compte IMF176 Client: Nabintu Rwizibuka par Ashuza', '2025-06-27 16:34:38', '2025-06-27 16:34:38'),
(760, 162, NULL, 83, NULL, 'dépôt', 'CDF', 2000.00, 16000.00, 'DEPOT dans votre compte IMF176 Client: Nabintu Rwizibuka par Ashuza', '2025-06-27 16:34:38', '2025-06-27 16:34:38'),
(761, 126, NULL, 20, NULL, 'dépôt', 'CDF', 5000.00, 367000.00, 'DEPOT du compte IMF158 Client: BAGULA  BAHATI par Ashuza', '2025-06-27 16:35:14', '2025-06-27 16:35:14'),
(762, 126, NULL, 65, NULL, 'dépôt', 'CDF', 5000.00, 40000.00, 'DEPOT dans votre compte IMF158 Client: BAGULA  BAHATI par Ashuza', '2025-06-27 16:35:14', '2025-06-27 16:35:14'),
(763, NULL, 12, 21, NULL, 'vente_carte_adhesion', 'CDF', 1000.00, 4000.00, 'Vente de carte à Zawadi - Montant: 1000 CDF', '2025-06-27 16:37:17', '2025-06-27 16:37:17'),
(764, NULL, 13, 97, NULL, 'vente_carte_adhesion', 'CDF', 1000.00, 4000.00, 'Vente de carte à Zawadi - Montant: 1000 CDF', '2025-06-27 16:37:17', '2025-06-27 16:37:17'),
(765, NULL, 12, 21, NULL, 'vente_carte_adhesion', 'CDF', 1000.00, 5000.00, 'Vente de carte à Ciza - Montant: 1000 CDF', '2025-06-27 16:39:52', '2025-06-27 16:39:52'),
(766, NULL, 13, 97, NULL, 'vente_carte_adhesion', 'CDF', 1000.00, 5000.00, 'Vente de carte à Ciza - Montant: 1000 CDF', '2025-06-27 16:39:52', '2025-06-27 16:39:52'),
(767, NULL, 12, 21, NULL, 'vente_carte_adhesion', 'CDF', 1000.00, 6000.00, 'Vente de carte à Nabintu  - Montant: 1000 CDF', '2025-06-27 16:41:34', '2025-06-27 16:41:34'),
(768, NULL, 13, 97, NULL, 'vente_carte_adhesion', 'CDF', 1000.00, 6000.00, 'Vente de carte à Nabintu  - Montant: 1000 CDF', '2025-06-27 16:41:34', '2025-06-27 16:41:34'),
(769, NULL, 12, 21, NULL, 'vente_carte_adhesion', 'CDF', 1000.00, 7000.00, 'Vente de carte à Nabintu  - Montant: 1000 CDF', '2025-06-27 16:42:53', '2025-06-27 16:42:53'),
(770, NULL, 13, 97, NULL, 'vente_carte_adhesion', 'CDF', 1000.00, 7000.00, 'Vente de carte à Nabintu  - Montant: 1000 CDF', '2025-06-27 16:42:53', '2025-06-27 16:42:53'),
(771, NULL, 12, 21, NULL, 'vente_carte_adhesion', 'CDF', 1000.00, 8000.00, 'Vente de carte à Murhula  - Montant: 1000 CDF', '2025-06-27 16:44:33', '2025-06-27 16:44:33'),
(772, NULL, 13, 97, NULL, 'vente_carte_adhesion', 'CDF', 1000.00, 8000.00, 'Vente de carte à Murhula  - Montant: 1000 CDF', '2025-06-27 16:44:33', '2025-06-27 16:44:33'),
(773, NULL, 12, 21, NULL, 'vente_carte_adhesion', 'CDF', 1000.00, 9000.00, 'Vente de carte à Safi  - Montant: 1000 CDF', '2025-06-27 16:57:56', '2025-06-27 16:57:56'),
(774, NULL, 13, 97, NULL, 'vente_carte_adhesion', 'CDF', 1000.00, 9000.00, 'Vente de carte à Safi  - Montant: 1000 CDF', '2025-06-27 16:57:56', '2025-06-27 16:57:56'),
(775, NULL, 12, 21, NULL, 'vente_carte_adhesion', 'CDF', 1000.00, 10000.00, 'Vente de carte à Nankafu - Montant: 1000 CDF', '2025-06-27 16:58:47', '2025-06-27 16:58:47'),
(776, NULL, 13, 97, NULL, 'vente_carte_adhesion', 'CDF', 1000.00, 10000.00, 'Vente de carte à Nankafu - Montant: 1000 CDF', '2025-06-27 16:58:47', '2025-06-27 16:58:47'),
(777, 20, NULL, 20, NULL, 'dépôt', 'CDF', 20000.00, 383000.00, 'DEPOT du compte IMF104 Client: Aga Bacibone par Ashuza', '2025-06-27 18:05:48', '2025-06-27 18:05:48'),
(778, 20, NULL, 10, NULL, 'dépôt', 'CDF', 20000.00, 160000.00, 'DEPOT dans votre compte IMF104 Client: Aga Bacibone par Ashuza', '2025-06-27 18:05:48', '2025-06-27 18:05:48'),
(779, 20, NULL, 20, NULL, 'dépôt', 'CDF', 20000.00, 403000.00, 'DEPOT du compte IMF104 Client: Aga Bacibone par Ashuza', '2025-06-27 18:05:57', '2025-06-27 18:05:57'),
(780, 20, NULL, 10, NULL, 'dépôt', 'CDF', 20000.00, 180000.00, 'DEPOT dans votre compte IMF104 Client: Aga Bacibone par Ashuza', '2025-06-27 18:05:57', '2025-06-27 18:05:57'),
(781, 190, NULL, 20, NULL, 'dépôt', 'CDF', 20000.00, 423000.00, 'DEPOT du compte IMF193 Client: MARIE JEANNE NSIMIRE par Ashuza', '2025-06-27 18:06:56', '2025-06-27 18:06:56'),
(782, 190, NULL, 101, NULL, 'dépôt', 'CDF', 20000.00, 40000.00, 'DEPOT dans votre compte IMF193 Client: MARIE JEANNE NSIMIRE par Ashuza', '2025-06-27 18:06:56', '2025-06-27 18:06:56'),
(783, 106, NULL, 20, NULL, 'dépôt', 'CDF', 5000.00, 428000.00, 'DEPOT du compte IMF148 Client: BARHATULIRWA MUSHI par Ashuza', '2025-06-27 18:08:36', '2025-06-27 18:08:36'),
(784, 106, NULL, 55, NULL, 'dépôt', 'CDF', 5000.00, 30000.00, 'DEPOT dans votre compte IMF148 Client: BARHATULIRWA MUSHI par Ashuza', '2025-06-27 18:08:36', '2025-06-27 18:08:36'),
(785, 106, NULL, 20, NULL, 'dépôt', 'CDF', 5000.00, 433000.00, 'DEPOT du compte IMF148 Client: BARHATULIRWA MUSHI par Ashuza', '2025-06-27 18:08:52', '2025-06-27 18:08:52'),
(786, 106, NULL, 55, NULL, 'dépôt', 'CDF', 5000.00, 35000.00, 'DEPOT dans votre compte IMF148 Client: BARHATULIRWA MUSHI par Ashuza', '2025-06-27 18:08:52', '2025-06-27 18:08:52'),
(787, 204, NULL, 108, NULL, 'mise_quotidienne', 'CDF', 5000.00, 5000.00, 'Paiement groupé de 1 mises sur la carte #6\n                                pour le client: Zawadi Mukasa par Ashuza', '2025-06-27 18:10:21', '2025-06-27 18:10:21'),
(788, 204, NULL, 20, NULL, 'mise_quotidienne', 'CDF', 5000.00, 438000.00, 'Paiement groupé de 1 mises sur la carte #6\n                                pour le client: Zawadi Mukasa par Ashuza', '2025-06-27 18:10:21', '2025-06-27 18:10:21'),
(789, 206, NULL, 109, NULL, 'mise_quotidienne', 'CDF', 5000.00, 5000.00, 'Paiement groupé de 1 mises sur la carte #9\n                                pour le client: Nabintu  Bitumba  par Ashuza', '2025-06-27 18:10:55', '2025-06-27 18:10:55'),
(790, 206, NULL, 20, NULL, 'mise_quotidienne', 'CDF', 5000.00, 443000.00, 'Paiement groupé de 1 mises sur la carte #9\n                                pour le client: Nabintu  Bitumba  par Ashuza', '2025-06-27 18:10:55', '2025-06-27 18:10:55'),
(791, 208, NULL, 110, NULL, 'mise_quotidienne', 'CDF', 5000.00, 5000.00, 'Paiement groupé de 1 mises sur la carte #8\n                                pour le client: Nabintu  Charmante  par Ashuza', '2025-06-27 18:11:21', '2025-06-27 18:11:21'),
(792, 208, NULL, 20, NULL, 'mise_quotidienne', 'CDF', 5000.00, 448000.00, 'Paiement groupé de 1 mises sur la carte #8\n                                pour le client: Nabintu  Charmante  par Ashuza', '2025-06-27 18:11:21', '2025-06-27 18:11:21'),
(793, 210, NULL, 111, NULL, 'mise_quotidienne', 'CDF', 5000.00, 5000.00, 'Paiement groupé de 1 mises sur la carte #10\n                                pour le client: Murhula  Birhashwirwa par Ashuza', '2025-06-27 18:11:51', '2025-06-27 18:11:51'),
(794, 210, NULL, 20, NULL, 'mise_quotidienne', 'CDF', 5000.00, 453000.00, 'Paiement groupé de 1 mises sur la carte #10\n                                pour le client: Murhula  Birhashwirwa par Ashuza', '2025-06-27 18:11:51', '2025-06-27 18:11:51'),
(795, 212, NULL, 112, NULL, 'mise_quotidienne', 'CDF', 5000.00, 5000.00, 'Paiement groupé de 1 mises sur la carte #7\n                                pour le client: Ciza Masonga  par Ashuza', '2025-06-27 18:12:21', '2025-06-27 18:12:21'),
(796, 212, NULL, 20, NULL, 'mise_quotidienne', 'CDF', 5000.00, 458000.00, 'Paiement groupé de 1 mises sur la carte #7\n                                pour le client: Ciza Masonga  par Ashuza', '2025-06-27 18:12:21', '2025-06-27 18:12:21'),
(797, 214, NULL, 113, NULL, 'mise_quotidienne', 'CDF', 5000.00, 5000.00, 'Paiement groupé de 1 mises sur la carte #12\n                                pour le client: Nankafu Kunzi  par Ashuza', '2025-06-27 18:12:48', '2025-06-27 18:12:48'),
(798, 214, NULL, 20, NULL, 'mise_quotidienne', 'CDF', 5000.00, 463000.00, 'Paiement groupé de 1 mises sur la carte #12\n                                pour le client: Nankafu Kunzi  par Ashuza', '2025-06-27 18:12:48', '2025-06-27 18:12:48'),
(799, 218, NULL, 115, NULL, 'mise_quotidienne', 'CDF', 3000.00, 3000.00, 'Paiement groupé de 1 mises sur la carte #11\n                                pour le client: Safi  Cizungu par Ashuza', '2025-06-27 18:14:39', '2025-06-27 18:14:39'),
(800, 218, NULL, 20, NULL, 'mise_quotidienne', 'CDF', 3000.00, 466000.00, 'Paiement groupé de 1 mises sur la carte #11\n                                pour le client: Safi  Cizungu par Ashuza', '2025-06-27 18:14:39', '2025-06-27 18:14:39'),
(801, 18, NULL, 20, NULL, 'dépôt', 'CDF', 25000.00, 491000.00, 'DEPOT du compte IMF103 Client: Irenge Baguma par Ashuza', '2025-06-27 18:27:20', '2025-06-27 18:27:20'),
(802, 18, NULL, 9, NULL, 'dépôt', 'CDF', 25000.00, 225000.00, 'DEPOT dans votre compte IMF103 Client: Irenge Baguma par Ashuza', '2025-06-27 18:27:20', '2025-06-27 18:27:20'),
(803, 154, NULL, 20, NULL, 'dépôt', 'CDF', 25000.00, 516000.00, 'DEPOT du compte IMF172 Client: MELANIE BAGUMA par Ashuza', '2025-06-27 18:27:55', '2025-06-27 18:27:55'),
(804, 154, NULL, 79, NULL, 'dépôt', 'CDF', 25000.00, 125000.00, 'DEPOT dans votre compte IMF172 Client: MELANIE BAGUMA par Ashuza', '2025-06-27 18:27:55', '2025-06-27 18:27:55'),
(805, 94, NULL, 20, NULL, 'dépôt', 'CDF', 3000.00, 519000.00, 'DEPOT du compte IMF142 Client: CUBAKA BANYWESIZE par Ashuza', '2025-06-27 18:28:22', '2025-06-27 18:28:22'),
(806, 94, NULL, 49, NULL, 'dépôt', 'CDF', 3000.00, 24000.00, 'DEPOT dans votre compte IMF142 Client: CUBAKA BANYWESIZE par Ashuza', '2025-06-27 18:28:22', '2025-06-27 18:28:22'),
(807, 88, NULL, 20, NULL, 'dépôt', 'CDF', 4000.00, 523000.00, 'DEPOT du compte IMF139 Client: IRENGE BALAGIZI par Ashuza', '2025-06-27 18:28:47', '2025-06-27 18:28:47'),
(808, 88, NULL, 46, NULL, 'dépôt', 'CDF', 4000.00, 52000.00, 'DEPOT dans votre compte IMF139 Client: IRENGE BALAGIZI par Ashuza', '2025-06-27 18:28:47', '2025-06-27 18:28:47'),
(809, 90, NULL, 20, NULL, 'dépôt', 'CDF', 4000.00, 527000.00, 'DEPOT du compte IMF140 Client: DEKULO PASCAL par Ashuza', '2025-06-27 18:29:20', '2025-06-27 18:29:20'),
(810, 90, NULL, 47, NULL, 'dépôt', 'CDF', 4000.00, 32000.00, 'DEPOT dans votre compte IMF140 Client: DEKULO PASCAL par Ashuza', '2025-06-27 18:29:20', '2025-06-27 18:29:20'),
(811, 160, NULL, 20, NULL, 'dépôt', 'CDF', 20000.00, 547000.00, 'DEPOT du compte IMF175 Client: JEAN  BRAYANNE par Ashuza', '2025-06-27 18:29:45', '2025-06-27 18:29:45'),
(812, 160, NULL, 82, NULL, 'dépôt', 'CDF', 20000.00, 100000.00, 'DEPOT dans votre compte IMF175 Client: JEAN  BRAYANNE par Ashuza', '2025-06-27 18:29:45', '2025-06-27 18:29:45'),
(813, 92, NULL, 20, NULL, 'dépôt', 'CDF', 4000.00, 551000.00, 'DEPOT du compte IMF141 Client: JUSTIN NTABOBA par Ashuza', '2025-06-27 18:30:13', '2025-06-27 18:30:13'),
(814, 92, NULL, 48, NULL, 'dépôt', 'CDF', 4000.00, 32000.00, 'DEPOT dans votre compte IMF141 Client: JUSTIN NTABOBA par Ashuza', '2025-06-27 18:30:13', '2025-06-27 18:30:13'),
(815, 142, NULL, 20, NULL, 'dépôt', 'CDF', 5000.00, 556000.00, 'DEPOT du compte IMF166 Client: MURHULA  BALAGIZI  par Ashuza', '2025-06-27 18:30:38', '2025-06-27 18:30:38'),
(816, 142, NULL, 73, NULL, 'dépôt', 'CDF', 5000.00, 60000.00, 'DEPOT dans votre compte IMF166 Client: MURHULA  BALAGIZI  par Ashuza', '2025-06-27 18:30:38', '2025-06-27 18:30:38'),
(817, NULL, 8, 20, NULL, 'vente_carte_adhesion', 'CDF', 1000.00, 557000.00, 'Vente de carte à Bienvenue  - Montant: 1000 CDF', '2025-06-27 18:45:56', '2025-06-27 18:45:56'),
(818, NULL, 13, 97, NULL, 'vente_carte_adhesion', 'CDF', 1000.00, 11000.00, 'Vente de carte à Bienvenue  - Montant: 1000 CDF', '2025-06-27 18:45:56', '2025-06-27 18:45:56'),
(819, 216, NULL, 114, NULL, 'mise_quotidienne', 'CDF', 2000.00, 2000.00, 'Paiement groupé de 1 mises sur la carte #13\n                                pour le client: Bienvenue  Mubalama par Ashuza', '2025-06-27 18:46:29', '2025-06-27 18:46:29'),
(820, 216, NULL, 20, NULL, 'mise_quotidienne', 'CDF', 2000.00, 559000.00, 'Paiement groupé de 1 mises sur la carte #13\n                                pour le client: Bienvenue  Mubalama par Ashuza', '2025-06-27 18:46:29', '2025-06-27 18:46:29'),
(821, NULL, 8, 20, NULL, 'vente_carte_adhesion', 'CDF', 1000.00, 560000.00, 'Vente de carte à CUBAKA - Montant: 1000 CDF', '2025-06-27 18:49:45', '2025-06-27 18:49:45'),
(822, NULL, 13, 97, NULL, 'vente_carte_adhesion', 'CDF', 1000.00, 12000.00, 'Vente de carte à CUBAKA - Montant: 1000 CDF', '2025-06-27 18:49:45', '2025-06-27 18:49:45'),
(823, 220, NULL, 116, NULL, 'mise_quotidienne', 'CDF', 5000.00, 5000.00, 'Paiement groupé de 1 mises sur la carte #14\n                                pour le client: CUBAKA MOTOTO par Ashuza', '2025-06-27 18:50:39', '2025-06-27 18:50:39'),
(824, 220, NULL, 20, NULL, 'mise_quotidienne', 'CDF', 5000.00, 565000.00, 'Paiement groupé de 1 mises sur la carte #14\n                                pour le client: CUBAKA MOTOTO par Ashuza', '2025-06-27 18:50:39', '2025-06-27 18:50:39'),
(825, 220, NULL, 116, NULL, 'mise_quotidienne', 'CDF', 5000.00, 10000.00, 'Paiement groupé de 1 mises sur la carte #14\n                                pour le client: CUBAKA MOTOTO par Ashuza', '2025-06-27 18:50:49', '2025-06-27 18:50:49'),
(826, 220, NULL, 20, NULL, 'mise_quotidienne', 'CDF', 5000.00, 570000.00, 'Paiement groupé de 1 mises sur la carte #14\n                                pour le client: CUBAKA MOTOTO par Ashuza', '2025-06-27 18:50:49', '2025-06-27 18:50:49'),
(827, NULL, 8, 20, NULL, 'vente_carte_adhesion', 'CDF', 1000.00, 571000.00, 'Vente de carte à NZIGIRE - Montant: 1000 CDF', '2025-06-27 18:52:43', '2025-06-27 18:52:43'),
(828, NULL, 13, 97, NULL, 'vente_carte_adhesion', 'CDF', 1000.00, 13000.00, 'Vente de carte à NZIGIRE - Montant: 1000 CDF', '2025-06-27 18:52:43', '2025-06-27 18:52:43'),
(829, 222, NULL, 117, NULL, 'mise_quotidienne', 'CDF', 5000.00, 5000.00, 'Paiement groupé de 1 mises sur la carte #15\n                                pour le client: NZIGIRE MIHIGO par Ashuza', '2025-06-27 18:54:02', '2025-06-27 18:54:02'),
(830, 222, NULL, 20, NULL, 'mise_quotidienne', 'CDF', 5000.00, 576000.00, 'Paiement groupé de 1 mises sur la carte #15\n                                pour le client: NZIGIRE MIHIGO par Ashuza', '2025-06-27 18:54:02', '2025-06-27 18:54:02'),
(831, NULL, 8, 20, NULL, 'vente_carte_adhesion', 'CDF', 1000.00, 577000.00, 'Vente de carte à BISIMWA - Montant: 1000 CDF', '2025-06-27 18:55:33', '2025-06-27 18:55:33'),
(832, NULL, 13, 97, NULL, 'vente_carte_adhesion', 'CDF', 1000.00, 14000.00, 'Vente de carte à BISIMWA - Montant: 1000 CDF', '2025-06-27 18:55:33', '2025-06-27 18:55:33'),
(833, 224, NULL, 118, NULL, 'mise_quotidienne', 'CDF', 3000.00, 3000.00, 'Paiement groupé de 1 mises sur la carte #16\n                                pour le client: BISIMWA CISHUGI par Ashuza', '2025-06-27 18:56:46', '2025-06-27 18:56:46'),
(834, 224, NULL, 20, NULL, 'mise_quotidienne', 'CDF', 3000.00, 580000.00, 'Paiement groupé de 1 mises sur la carte #16\n                                pour le client: BISIMWA CISHUGI par Ashuza', '2025-06-27 18:56:46', '2025-06-27 18:56:46'),
(835, 224, NULL, 118, NULL, 'mise_quotidienne', 'CDF', 3000.00, 6000.00, 'Paiement groupé de 1 mises sur la carte #16\n                                pour le client: BISIMWA CISHUGI par Ashuza', '2025-06-27 18:56:55', '2025-06-27 18:56:55'),
(836, 224, NULL, 20, NULL, 'mise_quotidienne', 'CDF', 3000.00, 583000.00, 'Paiement groupé de 1 mises sur la carte #16\n                                pour le client: BISIMWA CISHUGI par Ashuza', '2025-06-27 18:56:55', '2025-06-27 18:56:55'),
(837, NULL, 11, 20, NULL, 'virement vers caisse centrale', 'USD', 20.00, 0.00, 'Virement de 20 USD du compte de Ashuza vers la caisse centrale. #REF19', '2025-06-27 19:21:09', '2025-06-27 19:21:09'),
(838, NULL, 8, 20, NULL, 'virement vers caisse centrale', 'CDF', 583000.00, 0.00, 'Virement de 583000 CDF du compte de Ashuza vers la caisse centrale. #REF20', '2025-06-27 19:21:52', '2025-06-27 19:21:52'),
(839, 222, NULL, 117, NULL, 'mise_quotidienne', 'CDF', 5000.00, 10000.00, 'Paiement groupé de 1 mises sur la carte #15\n                                pour le client: NZIGIRE MIHIGO par Caissier', '2025-06-27 19:24:45', '2025-06-27 19:24:45'),
(840, 222, NULL, 2, NULL, 'mise_quotidienne', 'CDF', 5000.00, 81000.00, 'Paiement groupé de 1 mises sur la carte #15\n                                pour le client: NZIGIRE MIHIGO par Caissier', '2025-06-27 19:24:45', '2025-06-27 19:24:45'),
(841, 33, NULL, 17, NULL, 'penalite_de_credit', 'USD', 64.86, -383.70, 'Pénalité appliquée sur l\'échéance du 2025-06-01', '2025-06-28 07:00:11', '2025-06-28 07:00:11'),
(842, 152, NULL, 2, NULL, 'dépôt', 'CDF', 360000.00, 441000.00, 'DEPOT du compte IMF171 Client: ISHARA NAMEGABE par Caissier', '2025-06-28 08:15:55', '2025-06-28 08:15:55'),
(843, 152, NULL, 78, NULL, 'dépôt', 'CDF', 360000.00, 360000.00, 'DEPOT dans votre compte IMF171 Client: ISHARA NAMEGABE par Caissier', '2025-06-28 08:15:55', '2025-06-28 08:15:55'),
(844, 200, NULL, 20, NULL, 'dépôt', 'CDF', 10000.00, 10000.00, 'DEPOT du compte IMF198 Client: Ciza  Bisimwa  par Ashuza', '2025-06-28 14:34:17', '2025-06-28 14:34:17'),
(845, 200, NULL, 106, NULL, 'dépôt', 'CDF', 10000.00, 30000.00, 'DEPOT dans votre compte IMF198 Client: Ciza  Bisimwa  par Ashuza', '2025-06-28 14:34:17', '2025-06-28 14:34:17'),
(846, 25, NULL, 20, NULL, 'dépôt', 'USD', 10.00, 10.00, 'DEPOT du compte IMF107 Client: FARAJA  MANEGABE par Ashuza', '2025-06-28 14:47:33', '2025-06-28 14:47:33'),
(847, 25, NULL, 13, NULL, 'dépôt', 'USD', 10.00, 80.00, 'DEPOT dans votre compte IMF107 Client: FARAJA  MANEGABE par Ashuza', '2025-06-28 14:47:33', '2025-06-28 14:47:33'),
(848, 180, NULL, 20, NULL, 'dépôt', 'CDF', 10000.00, 20000.00, 'DEPOT du compte IMF185 Client: Mapenzi  Yvonne  par Ashuza', '2025-06-28 14:53:20', '2025-06-28 14:53:20'),
(849, 180, NULL, 92, NULL, 'dépôt', 'CDF', 10000.00, 50000.00, 'DEPOT dans votre compte IMF185 Client: Mapenzi  Yvonne  par Ashuza', '2025-06-28 14:53:20', '2025-06-28 14:53:20'),
(850, 220, NULL, 116, NULL, 'mise_quotidienne', 'CDF', 5000.00, 15000.00, 'Paiement groupé de 1 mises sur la carte #14\n                                pour le client: CUBAKA MOTOTO par Ashuza', '2025-06-28 15:14:12', '2025-06-28 15:14:12'),
(851, 220, NULL, 20, NULL, 'mise_quotidienne', 'CDF', 5000.00, 25000.00, 'Paiement groupé de 1 mises sur la carte #14\n                                pour le client: CUBAKA MOTOTO par Ashuza', '2025-06-28 15:14:12', '2025-06-28 15:14:12'),
(852, 220, NULL, 116, NULL, 'mise_quotidienne', 'CDF', 5000.00, 20000.00, 'Paiement groupé de 1 mises sur la carte #14\n                                pour le client: CUBAKA MOTOTO par Ashuza', '2025-06-28 15:14:48', '2025-06-28 15:14:48'),
(853, 220, NULL, 20, NULL, 'mise_quotidienne', 'CDF', 5000.00, 30000.00, 'Paiement groupé de 1 mises sur la carte #14\n                                pour le client: CUBAKA MOTOTO par Ashuza', '2025-06-28 15:14:48', '2025-06-28 15:14:48'),
(854, 184, NULL, 20, NULL, 'dépôt', 'CDF', 20000.00, 50000.00, 'DEPOT du compte IMF190 Client: IRENGE  Byamungu  par Ashuza', '2025-06-28 15:28:14', '2025-06-28 15:28:14'),
(855, 184, NULL, 98, NULL, 'dépôt', 'CDF', 20000.00, 40000.00, 'DEPOT dans votre compte IMF190 Client: IRENGE  Byamungu  par Ashuza', '2025-06-28 15:28:14', '2025-06-28 15:28:14'),
(856, 74, NULL, 20, NULL, 'dépôt', 'CDF', 5000.00, 55000.00, 'DEPOT du compte IMF132 Client: KILUNDU BERNADETTE par Ashuza', '2025-06-28 15:38:49', '2025-06-28 15:38:49'),
(857, 74, NULL, 39, NULL, 'dépôt', 'CDF', 5000.00, 80000.00, 'DEPOT dans votre compte IMF132 Client: KILUNDU BERNADETTE par Ashuza', '2025-06-28 15:38:49', '2025-06-28 15:38:49'),
(858, 72, NULL, 20, NULL, 'dépôt', 'CDF', 5000.00, 60000.00, 'DEPOT du compte IMF131 Client: BAVURHE ANNUARITE par Ashuza', '2025-06-28 15:43:19', '2025-06-28 15:43:19'),
(859, 72, NULL, 38, NULL, 'dépôt', 'CDF', 5000.00, 95000.00, 'DEPOT dans votre compte IMF131 Client: BAVURHE ANNUARITE par Ashuza', '2025-06-28 15:43:19', '2025-06-28 15:43:19'),
(860, 72, NULL, 20, NULL, 'dépôt', 'CDF', 5000.00, 65000.00, 'DEPOT du compte IMF131 Client: BAVURHE ANNUARITE par Ashuza', '2025-06-28 15:43:25', '2025-06-28 15:43:25'),
(861, 72, NULL, 38, NULL, 'dépôt', 'CDF', 5000.00, 100000.00, 'DEPOT dans votre compte IMF131 Client: BAVURHE ANNUARITE par Ashuza', '2025-06-28 15:43:25', '2025-06-28 15:43:25'),
(862, 162, NULL, 20, NULL, 'dépôt', 'CDF', 2000.00, 67000.00, 'DEPOT du compte IMF176 Client: Nabintu Rwizibuka par Ashuza', '2025-06-28 15:45:41', '2025-06-28 15:45:41'),
(863, 162, NULL, 83, NULL, 'dépôt', 'CDF', 2000.00, 18000.00, 'DEPOT dans votre compte IMF176 Client: Nabintu Rwizibuka par Ashuza', '2025-06-28 15:45:41', '2025-06-28 15:45:41'),
(864, 58, NULL, 20, NULL, 'dépôt', 'CDF', 4000.00, 71000.00, 'DEPOT du compte IMF124 Client: CHADRACK MASIRIKA par Ashuza', '2025-06-28 15:50:03', '2025-06-28 15:50:03'),
(865, 58, NULL, 31, NULL, 'dépôt', 'CDF', 4000.00, 36000.00, 'DEPOT dans votre compte IMF124 Client: CHADRACK MASIRIKA par Ashuza', '2025-06-28 15:50:03', '2025-06-28 15:50:03'),
(866, 58, NULL, 20, NULL, 'dépôt', 'CDF', 4000.00, 75000.00, 'DEPOT du compte IMF124 Client: CHADRACK MASIRIKA par Ashuza', '2025-06-28 15:50:30', '2025-06-28 15:50:30'),
(867, 58, NULL, 31, NULL, 'dépôt', 'CDF', 4000.00, 40000.00, 'DEPOT dans votre compte IMF124 Client: CHADRACK MASIRIKA par Ashuza', '2025-06-28 15:50:30', '2025-06-28 15:50:30'),
(868, 53, NULL, 20, NULL, 'dépôt', 'USD', 10.00, 20.00, 'DEPOT du compte IMF122 Client: ISHARA MUDERWA par Ashuza', '2025-06-28 15:53:24', '2025-06-28 15:53:24'),
(869, 53, NULL, 29, NULL, 'dépôt', 'USD', 10.00, 70.00, 'DEPOT dans votre compte IMF122 Client: ISHARA MUDERWA par Ashuza', '2025-06-28 15:53:24', '2025-06-28 15:53:24'),
(870, 134, NULL, 20, NULL, 'dépôt', 'CDF', 2000.00, 77000.00, 'DEPOT du compte IMF162 Client: ISHARA  BUDERHWA par Ashuza', '2025-06-28 15:55:34', '2025-06-28 15:55:34'),
(871, 134, NULL, 69, NULL, 'dépôt', 'CDF', 2000.00, 16000.00, 'DEPOT dans votre compte IMF162 Client: ISHARA  BUDERHWA par Ashuza', '2025-06-28 15:55:34', '2025-06-28 15:55:34'),
(872, 134, NULL, 20, NULL, 'dépôt', 'CDF', 2000.00, 79000.00, 'DEPOT du compte IMF162 Client: ISHARA  BUDERHWA par Ashuza', '2025-06-28 15:55:43', '2025-06-28 15:55:43'),
(873, 134, NULL, 69, NULL, 'dépôt', 'CDF', 2000.00, 18000.00, 'DEPOT dans votre compte IMF162 Client: ISHARA  BUDERHWA par Ashuza', '2025-06-28 15:55:43', '2025-06-28 15:55:43'),
(874, 80, NULL, 20, NULL, 'dépôt', 'CDF', 4000.00, 83000.00, 'DEPOT du compte IMF135 Client: CLAUDINE  BARHALENGERWA par Ashuza', '2025-06-28 16:02:03', '2025-06-28 16:02:03'),
(875, 80, NULL, 42, NULL, 'dépôt', 'CDF', 4000.00, 40000.00, 'DEPOT dans votre compte IMF135 Client: CLAUDINE  BARHALENGERWA par Ashuza', '2025-06-28 16:02:03', '2025-06-28 16:02:03'),
(876, 100, NULL, 20, NULL, 'dépôt', 'CDF', 10000.00, 93000.00, 'DEPOT du compte IMF145 Client: BENJAMIN CIKOMOLA par Ashuza', '2025-06-28 16:05:28', '2025-06-28 16:05:28'),
(877, 100, NULL, 52, NULL, 'dépôt', 'CDF', 10000.00, 20000.00, 'DEPOT dans votre compte IMF145 Client: BENJAMIN CIKOMOLA par Ashuza', '2025-06-28 16:05:28', '2025-06-28 16:05:28'),
(878, 122, NULL, 2, NULL, 'dépôt', 'CDF', 10000.00, 451000.00, 'DEPOT du compte IMF156 Client: BYAMUNGU BIREGO par Caissier', '2025-06-28 16:13:29', '2025-06-28 16:13:29'),
(879, 122, NULL, 63, NULL, 'dépôt', 'CDF', 10000.00, 24000.00, 'DEPOT dans votre compte IMF156 Client: BYAMUNGU BIREGO par Caissier', '2025-06-28 16:13:29', '2025-06-28 16:13:29'),
(880, 122, NULL, 63, NULL, 'octroi_de_credit', 'CDF', 200000.00, 214000.00, 'Crédit octroyé à BYAMUNGU BIREGO', '2025-06-28 16:16:40', '2025-06-28 16:16:40'),
(881, 122, NULL, 2, NULL, 'octroi_de_credit_client', 'CDF', 200000.00, 385000.00, 'Crédit octroyé à BYAMUNGU BIREGO', '2025-06-28 16:16:40', '2025-06-28 16:16:40'),
(882, NULL, 15, 94, NULL, 'commission_credit', 'CDF', 20000.00, 95000.00, 'Frais de commission du dossier du credit #24 - Montant: 20000 CDF octroyé à BYAMUNGU BIREGO', '2025-06-28 16:16:40', '2025-06-28 16:16:40'),
(883, NULL, 2, 2, NULL, 'frais_credit_pour_retrait', 'CDF', 200000.00, 651000.00, 'Frais à retirer du dossier du credit #24 - Montant: 200000 CDF du client BYAMUNGU BIREGO', '2025-06-28 16:16:40', '2025-06-28 16:16:40'),
(884, NULL, 12, 21, NULL, 'vente_carte_adhesion', 'CDF', 1000.00, 11000.00, 'Vente de carte à Evelyne  - Montant: 1000 CDF', '2025-06-28 16:20:41', '2025-06-28 16:20:41'),
(885, NULL, 13, 97, NULL, 'vente_carte_adhesion', 'CDF', 1000.00, 15000.00, 'Vente de carte à Evelyne  - Montant: 1000 CDF', '2025-06-28 16:20:41', '2025-06-28 16:20:41'),
(888, 122, NULL, 2, NULL, 'retrait', 'CDF', 200000.00, 14000.00, 'RETRAIT du compte IMF156 Client: BYAMUNGU BIREGO par Caissier', '2025-06-28 16:32:25', '2025-06-28 16:32:25'),
(889, 122, NULL, 63, NULL, 'retrait', 'CDF', 200000.00, 14000.00, 'RETRAIT dans votre compte IMF156 Client: BYAMUNGU BIREGO par Caissier', '2025-06-28 16:32:25', '2025-06-28 16:32:25'),
(890, 103, NULL, 2, NULL, 'dépôt', 'USD', 15.00, 50.00, 'DEPOT du compte IMF147 Client: JEANETTE MUDERHWA par Caissier', '2025-06-28 16:33:32', '2025-06-28 16:33:32'),
(891, 103, NULL, 54, NULL, 'dépôt', 'USD', 15.00, 15.00, 'DEPOT dans votre compte IMF147 Client: JEANETTE MUDERHWA par Caissier', '2025-06-28 16:33:32', '2025-06-28 16:33:32'),
(892, 103, NULL, 54, NULL, 'octroi_de_credit', 'USD', 300.00, 300.00, 'Crédit octroyé à JEANETTE MUDERHWA', '2025-06-28 16:36:52', '2025-06-28 16:36:52'),
(893, 103, NULL, 2, NULL, 'octroi_de_credit_client', 'USD', 300.00, 0.00, 'Crédit octroyé à JEANETTE MUDERHWA', '2025-06-28 16:36:52', '2025-06-28 16:36:52'),
(894, NULL, 14, 94, NULL, 'commission_credit', 'USD', 15.00, 50.00, 'Frais de commission du dossier du credit #25 - Montant: 15 USD octroyé à JEANETTE MUDERHWA', '2025-06-28 16:36:52', '2025-06-28 16:36:52'),
(895, NULL, 1, 2, NULL, 'frais_credit_pour_retrait', 'USD', 300.00, 350.00, 'Frais à retirer du dossier du credit #25 - Montant: 300 USD du client JEANETTE MUDERHWA', '2025-06-28 16:36:52', '2025-06-28 16:36:52'),
(896, 103, NULL, 2, NULL, 'retrait', 'USD', 300.00, 15.00, 'RETRAIT du compte IMF147 Client: JEANETTE MUDERHWA par Caissier', '2025-06-28 16:37:30', '2025-06-28 16:37:30'),
(897, 103, NULL, 54, NULL, 'retrait', 'USD', 300.00, 0.00, 'RETRAIT dans votre compte IMF147 Client: JEANETTE MUDERHWA par Caissier', '2025-06-28 16:37:30', '2025-06-28 16:37:30'),
(898, 102, NULL, 20, NULL, 'dépôt', 'CDF', 10000.00, 103000.00, 'DEPOT du compte IMF146 Client: CIRIMWAMI MECHACK par Ashuza', '2025-06-28 16:37:30', '2025-06-28 16:37:30'),
(899, 102, NULL, 53, NULL, 'dépôt', 'CDF', 10000.00, 50000.00, 'DEPOT dans votre compte IMF146 Client: CIRIMWAMI MECHACK par Ashuza', '2025-06-28 16:37:30', '2025-06-28 16:37:30'),
(900, 226, NULL, 119, NULL, 'mise_quotidienne', 'CDF', 5000.00, 5000.00, 'Paiement groupé de 1 mises sur la carte #17\n                                pour le client: Evelyne  Binja par Ashuza', '2025-06-28 16:40:34', '2025-06-28 16:40:34'),
(901, 226, NULL, 20, NULL, 'mise_quotidienne', 'CDF', 5000.00, 108000.00, 'Paiement groupé de 1 mises sur la carte #17\n                                pour le client: Evelyne  Binja par Ashuza', '2025-06-28 16:40:34', '2025-06-28 16:40:34'),
(902, 118, NULL, 20, NULL, 'dépôt', 'CDF', 2000.00, 110000.00, 'DEPOT du compte IMF154 Client: CINAMA JULIENNE par Ashuza', '2025-06-28 17:55:09', '2025-06-28 17:55:09'),
(903, 118, NULL, 61, NULL, 'dépôt', 'CDF', 2000.00, 20000.00, 'DEPOT dans votre compte IMF154 Client: CINAMA JULIENNE par Ashuza', '2025-06-28 17:55:09', '2025-06-28 17:55:09'),
(904, 210, NULL, 20, NULL, 'dépôt', 'CDF', 5000.00, 115000.00, 'DEPOT du compte IMF203 Client: Murhula  Birhashwirwa par Ashuza', '2025-06-28 18:00:16', '2025-06-28 18:00:16'),
(905, 210, NULL, 111, NULL, 'dépôt', 'CDF', 5000.00, 10000.00, 'DEPOT dans votre compte IMF203 Client: Murhula  Birhashwirwa par Ashuza', '2025-06-28 18:00:16', '2025-06-28 18:00:16'),
(906, 204, NULL, 108, NULL, 'mise_quotidienne', 'CDF', 5000.00, 10000.00, 'Paiement groupé de 1 mises sur la carte #6\n                                pour le client: Zawadi Mukasa par Ashuza', '2025-06-28 18:00:43', '2025-06-28 18:00:43'),
(907, 204, NULL, 20, NULL, 'mise_quotidienne', 'CDF', 5000.00, 120000.00, 'Paiement groupé de 1 mises sur la carte #6\n                                pour le client: Zawadi Mukasa par Ashuza', '2025-06-28 18:00:43', '2025-06-28 18:00:43'),
(908, 208, NULL, 110, NULL, 'mise_quotidienne', 'CDF', 5000.00, 10000.00, 'Paiement groupé de 1 mises sur la carte #8\n                                pour le client: Nabintu  Charmante  par Ashuza', '2025-06-28 18:01:21', '2025-06-28 18:01:21'),
(909, 208, NULL, 20, NULL, 'mise_quotidienne', 'CDF', 5000.00, 125000.00, 'Paiement groupé de 1 mises sur la carte #8\n                                pour le client: Nabintu  Charmante  par Ashuza', '2025-06-28 18:01:21', '2025-06-28 18:01:21'),
(910, 212, NULL, 112, NULL, 'mise_quotidienne', 'CDF', 5000.00, 10000.00, 'Paiement groupé de 1 mises sur la carte #7\n                                pour le client: Ciza Masonga  par Ashuza', '2025-06-28 18:01:42', '2025-06-28 18:01:42'),
(911, 212, NULL, 20, NULL, 'mise_quotidienne', 'CDF', 5000.00, 130000.00, 'Paiement groupé de 1 mises sur la carte #7\n                                pour le client: Ciza Masonga  par Ashuza', '2025-06-28 18:01:42', '2025-06-28 18:01:42'),
(912, 190, NULL, 20, NULL, 'dépôt', 'CDF', 20000.00, 150000.00, 'DEPOT du compte IMF193 Client: MARIE JEANNE NSIMIRE par Ashuza', '2025-06-28 18:03:36', '2025-06-28 18:03:36'),
(913, 190, NULL, 101, NULL, 'dépôt', 'CDF', 20000.00, 60000.00, 'DEPOT dans votre compte IMF193 Client: MARIE JEANNE NSIMIRE par Ashuza', '2025-06-28 18:03:36', '2025-06-28 18:03:36'),
(914, 192, NULL, 20, NULL, 'dépôt', 'CDF', 5000.00, 155000.00, 'DEPOT du compte IMF194 Client: NAOMIE CIZA par Ashuza', '2025-06-28 18:05:17', '2025-06-28 18:05:17'),
(915, 192, NULL, 102, NULL, 'dépôt', 'CDF', 5000.00, 15000.00, 'DEPOT dans votre compte IMF194 Client: NAOMIE CIZA par Ashuza', '2025-06-28 18:05:17', '2025-06-28 18:05:17'),
(916, 192, NULL, 20, NULL, 'dépôt', 'CDF', 5000.00, 160000.00, 'DEPOT du compte IMF194 Client: NAOMIE CIZA par Ashuza', '2025-06-28 18:05:24', '2025-06-28 18:05:24'),
(917, 192, NULL, 102, NULL, 'dépôt', 'CDF', 5000.00, 20000.00, 'DEPOT dans votre compte IMF194 Client: NAOMIE CIZA par Ashuza', '2025-06-28 18:05:24', '2025-06-28 18:05:24'),
(918, 192, NULL, 20, NULL, 'dépôt', 'CDF', 5000.00, 165000.00, 'DEPOT du compte IMF194 Client: NAOMIE CIZA par Ashuza', '2025-06-28 18:05:31', '2025-06-28 18:05:31'),
(919, 192, NULL, 102, NULL, 'dépôt', 'CDF', 5000.00, 25000.00, 'DEPOT dans votre compte IMF194 Client: NAOMIE CIZA par Ashuza', '2025-06-28 18:05:31', '2025-06-28 18:05:31'),
(920, 192, NULL, 20, NULL, 'dépôt', 'CDF', 5000.00, 170000.00, 'DEPOT du compte IMF194 Client: NAOMIE CIZA par Ashuza', '2025-06-28 18:05:41', '2025-06-28 18:05:41'),
(921, 192, NULL, 102, NULL, 'dépôt', 'CDF', 5000.00, 30000.00, 'DEPOT dans votre compte IMF194 Client: NAOMIE CIZA par Ashuza', '2025-06-28 18:05:41', '2025-06-28 18:05:41'),
(922, 192, NULL, 20, NULL, 'dépôt', 'CDF', 5000.00, 175000.00, 'DEPOT du compte IMF194 Client: NAOMIE CIZA par Ashuza', '2025-06-28 18:05:48', '2025-06-28 18:05:48'),
(923, 192, NULL, 102, NULL, 'dépôt', 'CDF', 5000.00, 35000.00, 'DEPOT dans votre compte IMF194 Client: NAOMIE CIZA par Ashuza', '2025-06-28 18:05:48', '2025-06-28 18:05:48'),
(924, 66, NULL, 20, NULL, 'dépôt', 'CDF', 4000.00, 179000.00, 'DEPOT du compte IMF128 Client: FRANCOIS MAISHA par Ashuza', '2025-06-28 18:08:58', '2025-06-28 18:08:58'),
(925, 66, NULL, 35, NULL, 'dépôt', 'CDF', 4000.00, 40000.00, 'DEPOT dans votre compte IMF128 Client: FRANCOIS MAISHA par Ashuza', '2025-06-28 18:08:58', '2025-06-28 18:08:58'),
(926, 66, NULL, 20, NULL, 'dépôt', 'CDF', 4000.00, 183000.00, 'DEPOT du compte IMF128 Client: FRANCOIS MAISHA par Ashuza', '2025-06-28 18:09:05', '2025-06-28 18:09:05'),
(927, 66, NULL, 35, NULL, 'dépôt', 'CDF', 4000.00, 44000.00, 'DEPOT dans votre compte IMF128 Client: FRANCOIS MAISHA par Ashuza', '2025-06-28 18:09:05', '2025-06-28 18:09:05'),
(928, 68, NULL, 20, NULL, 'dépôt', 'CDF', 60000.00, 243000.00, 'DEPOT du compte IMF129 Client: TOP BABU par Ashuza', '2025-06-28 18:09:34', '2025-06-28 18:09:34'),
(929, 68, NULL, 36, NULL, 'dépôt', 'CDF', 60000.00, 600000.00, 'DEPOT dans votre compte IMF129 Client: TOP BABU par Ashuza', '2025-06-28 18:09:34', '2025-06-28 18:09:34'),
(930, 68, NULL, 20, NULL, 'dépôt', 'CDF', 60000.00, 303000.00, 'DEPOT du compte IMF129 Client: TOP BABU par Ashuza', '2025-06-28 18:09:42', '2025-06-28 18:09:42'),
(931, 68, NULL, 36, NULL, 'dépôt', 'CDF', 60000.00, 660000.00, 'DEPOT dans votre compte IMF129 Client: TOP BABU par Ashuza', '2025-06-28 18:09:42', '2025-06-28 18:09:42'),
(932, 50, NULL, 20, NULL, 'dépôt', 'CDF', 3000.00, 306000.00, 'DEPOT du compte IMF120 Client: LUC MARABARO par Ashuza', '2025-06-28 18:10:17', '2025-06-28 18:10:17'),
(933, 50, NULL, 27, NULL, 'dépôt', 'CDF', 3000.00, 30000.00, 'DEPOT dans votre compte IMF120 Client: LUC MARABARO par Ashuza', '2025-06-28 18:10:17', '2025-06-28 18:10:17'),
(934, 50, NULL, 20, NULL, 'dépôt', 'CDF', 3000.00, 309000.00, 'DEPOT du compte IMF120 Client: LUC MARABARO par Ashuza', '2025-06-28 18:10:25', '2025-06-28 18:10:25'),
(935, 50, NULL, 27, NULL, 'dépôt', 'CDF', 3000.00, 33000.00, 'DEPOT dans votre compte IMF120 Client: LUC MARABARO par Ashuza', '2025-06-28 18:10:25', '2025-06-28 18:10:25'),
(936, 64, NULL, 20, NULL, 'dépôt', 'CDF', 3000.00, 312000.00, 'DEPOT du compte IMF127 Client: ESTHER MATABARO par Ashuza', '2025-06-28 18:11:10', '2025-06-28 18:11:10');
INSERT INTO `transactions` (`id`, `account_id`, `agent_account_id`, `user_id`, `credit_id`, `type`, `currency`, `amount`, `balance_after`, `description`, `created_at`, `updated_at`) VALUES
(937, 64, NULL, 34, NULL, 'dépôt', 'CDF', 3000.00, 30000.00, 'DEPOT dans votre compte IMF127 Client: ESTHER MATABARO par Ashuza', '2025-06-28 18:11:10', '2025-06-28 18:11:10'),
(938, 64, NULL, 20, NULL, 'dépôt', 'CDF', 3000.00, 315000.00, 'DEPOT du compte IMF127 Client: ESTHER MATABARO par Ashuza', '2025-06-28 18:11:20', '2025-06-28 18:11:20'),
(939, 64, NULL, 34, NULL, 'dépôt', 'CDF', 3000.00, 33000.00, 'DEPOT dans votre compte IMF127 Client: ESTHER MATABARO par Ashuza', '2025-06-28 18:11:20', '2025-06-28 18:11:20'),
(940, 70, NULL, 20, NULL, 'dépôt', 'CDF', 3000.00, 318000.00, 'DEPOT du compte IMF130 Client: MUGISHO MUGISHO par Ashuza', '2025-06-28 18:11:47', '2025-06-28 18:11:47'),
(941, 70, NULL, 37, NULL, 'dépôt', 'CDF', 3000.00, 30000.00, 'DEPOT dans votre compte IMF130 Client: MUGISHO MUGISHO par Ashuza', '2025-06-28 18:11:47', '2025-06-28 18:11:47'),
(942, 70, NULL, 20, NULL, 'dépôt', 'CDF', 3000.00, 321000.00, 'DEPOT du compte IMF130 Client: MUGISHO MUGISHO par Ashuza', '2025-06-28 18:11:55', '2025-06-28 18:11:55'),
(943, 70, NULL, 37, NULL, 'dépôt', 'CDF', 3000.00, 33000.00, 'DEPOT dans votre compte IMF130 Client: MUGISHO MUGISHO par Ashuza', '2025-06-28 18:11:55', '2025-06-28 18:11:55'),
(944, 78, NULL, 20, NULL, 'dépôt', 'CDF', 10000.00, 331000.00, 'DEPOT du compte IMF134 Client: SAFARI MASHIMANGO par Ashuza', '2025-06-28 18:16:26', '2025-06-28 18:16:26'),
(945, 78, NULL, 41, NULL, 'dépôt', 'CDF', 10000.00, 210000.00, 'DEPOT dans votre compte IMF134 Client: SAFARI MASHIMANGO par Ashuza', '2025-06-28 18:16:26', '2025-06-28 18:16:26'),
(946, 78, NULL, 20, NULL, 'dépôt', 'CDF', 10000.00, 341000.00, 'DEPOT du compte IMF134 Client: SAFARI MASHIMANGO par Ashuza', '2025-06-28 18:16:35', '2025-06-28 18:16:35'),
(947, 78, NULL, 41, NULL, 'dépôt', 'CDF', 10000.00, 220000.00, 'DEPOT dans votre compte IMF134 Client: SAFARI MASHIMANGO par Ashuza', '2025-06-28 18:16:35', '2025-06-28 18:16:35'),
(948, 222, NULL, 20, NULL, 'dépôt', 'CDF', 5000.00, 346000.00, 'DEPOT du compte IMF209 Client: NZIGIRE MIHIGO par Ashuza', '2025-06-28 18:17:41', '2025-06-28 18:17:41'),
(949, 222, NULL, 117, NULL, 'dépôt', 'CDF', 5000.00, 15000.00, 'DEPOT dans votre compte IMF209 Client: NZIGIRE MIHIGO par Ashuza', '2025-06-28 18:17:41', '2025-06-28 18:17:41'),
(950, 174, NULL, 20, NULL, 'dépôt', 'CDF', 10000.00, 356000.00, 'DEPOT du compte IMF182 Client: Mungu akonkwa  Aimedo par Ashuza', '2025-06-28 18:19:24', '2025-06-28 18:19:24'),
(951, 174, NULL, 89, NULL, 'dépôt', 'CDF', 10000.00, 40000.00, 'DEPOT dans votre compte IMF182 Client: Mungu akonkwa  Aimedo par Ashuza', '2025-06-28 18:19:24', '2025-06-28 18:19:24'),
(952, 174, NULL, 20, NULL, 'dépôt', 'CDF', 10000.00, 366000.00, 'DEPOT du compte IMF182 Client: Mungu akonkwa  Aimedo par Ashuza', '2025-06-28 18:19:33', '2025-06-28 18:19:33'),
(953, 174, NULL, 89, NULL, 'dépôt', 'CDF', 10000.00, 50000.00, 'DEPOT dans votre compte IMF182 Client: Mungu akonkwa  Aimedo par Ashuza', '2025-06-28 18:19:33', '2025-06-28 18:19:33'),
(954, 228, NULL, 2, NULL, 'dépôt', 'CDF', 5000.00, 456000.00, 'Contribution Mutuelle de KASANGANDJO WIYALIKA Don de Dieu', '2025-06-28 18:40:02', '2025-06-28 18:40:02'),
(955, 228, NULL, 120, NULL, 'dépôt', 'CDF', 5000.00, 5000.00, 'Contribution Mutuelle de KASANGANDJO WIYALIKA Don de Dieu', '2025-06-28 18:40:02', '2025-06-28 18:40:02'),
(956, 228, NULL, 2, NULL, 'dépôt', 'CDF', 5000.00, 461000.00, 'Contribution Mutuelle de Irenge Baguma Norber', '2025-06-28 18:42:37', '2025-06-28 18:42:37'),
(957, 228, NULL, 120, NULL, 'dépôt', 'CDF', 5000.00, 10000.00, 'Contribution Mutuelle de Irenge Baguma Norber', '2025-06-28 18:42:37', '2025-06-28 18:42:37'),
(958, 228, NULL, 2, NULL, 'dépôt', 'CDF', 5000.00, 466000.00, 'Contribution Mutuelle de Aga Bacibone Patrick', '2025-06-28 18:43:06', '2025-06-28 18:43:06'),
(959, 228, NULL, 120, NULL, 'dépôt', 'CDF', 5000.00, 15000.00, 'Contribution Mutuelle de Aga Bacibone Patrick', '2025-06-28 18:43:06', '2025-06-28 18:43:06'),
(960, 228, NULL, 2, NULL, 'dépôt', 'CDF', 5000.00, 471000.00, 'Contribution Mutuelle de FARAJA MANEGABE Samuel', '2025-06-28 18:45:08', '2025-06-28 18:45:08'),
(961, 228, NULL, 120, NULL, 'dépôt', 'CDF', 5000.00, 20000.00, 'Contribution Mutuelle de FARAJA MANEGABE Samuel', '2025-06-28 18:45:08', '2025-06-28 18:45:08'),
(962, 206, NULL, 109, NULL, 'mise_quotidienne', 'CDF', 5000.00, 10000.00, 'Paiement groupé de 1 mises sur la carte #9\n                                pour le client: Nabintu  Bitumba  par Ashuza', '2025-06-28 20:16:07', '2025-06-28 20:16:07'),
(963, 206, NULL, 20, NULL, 'mise_quotidienne', 'CDF', 5000.00, 371000.00, 'Paiement groupé de 1 mises sur la carte #9\n                                pour le client: Nabintu  Bitumba  par Ashuza', '2025-06-28 20:16:07', '2025-06-28 20:16:07'),
(964, 214, NULL, 113, NULL, 'mise_quotidienne', 'CDF', 5000.00, 10000.00, 'Paiement groupé de 1 mises sur la carte #12\n                                pour le client: Nankafu Kunzi  par Ashuza', '2025-06-28 20:16:33', '2025-06-28 20:16:33'),
(965, 214, NULL, 20, NULL, 'mise_quotidienne', 'CDF', 5000.00, 376000.00, 'Paiement groupé de 1 mises sur la carte #12\n                                pour le client: Nankafu Kunzi  par Ashuza', '2025-06-28 20:16:33', '2025-06-28 20:16:33'),
(966, NULL, 11, 20, NULL, 'virement vers caisse centrale', 'USD', 20.00, 0.00, 'Virement de 20 USD du compte de Ashuza vers la caisse centrale. #REF21', '2025-06-28 20:17:04', '2025-06-28 20:17:04'),
(967, NULL, 8, 20, NULL, 'virement vers caisse centrale', 'CDF', 376000.00, 0.00, 'Virement de 376000 CDF du compte de Ashuza vers la caisse centrale. #REF22', '2025-06-28 20:17:50', '2025-06-28 20:17:50'),
(968, 25, NULL, 13, NULL, 'remboursement_de_credit', 'USD', 68.75, 11.25, 'Remboursement automatique de l\'échéance n°4', '2025-06-28 23:59:04', '2025-06-28 23:59:04'),
(969, 1, NULL, 13, NULL, 'Entrée de fonds', 'USD', 25.00, 20.00, 'Remboursement automatique de l\'échéance n°4', '2025-06-28 23:59:04', '2025-06-28 23:59:04'),
(970, NULL, 16, 95, NULL, 'Interêt du credit', 'USD', 43.75, 43.75, 'Interêt du credit #5 - Montant: 43.75 USD du compte client IMF107 FARAJA  MANEGABE', '2025-06-28 23:59:04', '2025-06-28 23:59:04'),
(971, 152, NULL, 78, NULL, 'remboursement_de_credit', 'CDF', 360000.00, 0.00, 'Remboursement automatique de l\'échéance n°35', '2025-06-28 23:59:04', '2025-06-28 23:59:04'),
(972, 2, NULL, 78, NULL, 'Entrée de fonds', 'CDF', 300000.00, 761000.00, 'Remboursement automatique de l\'échéance n°35', '2025-06-28 23:59:04', '2025-06-28 23:59:04'),
(973, NULL, 17, 95, NULL, 'Interêt du credit', 'CDF', 60000.00, 60000.00, 'Interêt du credit #18 - Montant: 60000 CDF du compte client IMF171 ISHARA NAMEGABE', '2025-06-28 23:59:04', '2025-06-28 23:59:04'),
(974, 27, NULL, 14, NULL, 'penalite_de_credit', 'USD', 92.16, 0.00, 'Pénalité appliquée sur l\'échéance du 2025-06-28', '2025-06-29 23:59:04', '2025-06-29 23:59:04'),
(975, 29, NULL, 15, NULL, 'penalite_de_credit', 'USD', 131.64, 0.00, 'Pénalité appliquée sur l\'échéance du 2025-06-28', '2025-06-29 23:59:04', '2025-06-29 23:59:04'),
(976, 31, NULL, 16, NULL, 'penalite_de_credit', 'USD', 105.32, 0.00, 'Pénalité appliquée sur l\'échéance du 2025-06-28', '2025-06-29 23:59:04', '2025-06-29 23:59:04'),
(977, 33, NULL, 17, NULL, 'penalite_de_credit', 'USD', 65.04, -383.70, 'Pénalité appliquée sur l\'échéance du 2025-06-01', '2025-06-29 23:59:04', '2025-06-29 23:59:04'),
(978, 17, NULL, 9, NULL, 'penalite_de_credit', 'USD', 180.54, 0.00, 'Pénalité appliquée sur l\'échéance du 2025-06-28', '2025-06-29 23:59:04', '2025-06-29 23:59:04'),
(979, 17, NULL, 9, NULL, 'penalite_de_credit', 'USD', 92.16, 0.00, 'Pénalité appliquée sur l\'échéance du 2025-06-28', '2025-06-29 23:59:04', '2025-06-29 23:59:04'),
(980, 27, NULL, 14, NULL, 'penalite_de_credit', 'USD', 92.43, 0.00, 'Pénalité appliquée sur l\'échéance du 2025-06-28', '2025-06-30 23:59:04', '2025-06-30 23:59:04'),
(981, 29, NULL, 15, NULL, 'penalite_de_credit', 'USD', 132.04, 0.00, 'Pénalité appliquée sur l\'échéance du 2025-06-28', '2025-06-30 23:59:04', '2025-06-30 23:59:04'),
(982, 31, NULL, 16, NULL, 'penalite_de_credit', 'USD', 105.63, 0.00, 'Pénalité appliquée sur l\'échéance du 2025-06-28', '2025-06-30 23:59:04', '2025-06-30 23:59:04'),
(983, 33, NULL, 17, NULL, 'penalite_de_credit', 'USD', 65.22, -383.70, 'Pénalité appliquée sur l\'échéance du 2025-06-01', '2025-06-30 23:59:04', '2025-06-30 23:59:04'),
(984, 17, NULL, 9, NULL, 'penalite_de_credit', 'USD', 181.08, 0.00, 'Pénalité appliquée sur l\'échéance du 2025-06-28', '2025-06-30 23:59:04', '2025-06-30 23:59:04'),
(985, 17, NULL, 9, NULL, 'penalite_de_credit', 'USD', 92.43, 0.00, 'Pénalité appliquée sur l\'échéance du 2025-06-28', '2025-06-30 23:59:04', '2025-06-30 23:59:04'),
(986, 176, NULL, 20, NULL, 'dépôt', 'CDF', 5000.00, 15000.00, 'DEPOT du compte IMF183 Client: Mugisho  Musaka  par Ashuza', '2025-07-01 10:38:12', '2025-07-01 10:38:12'),
(987, 176, NULL, 20, NULL, 'dépôt', 'CDF', 5000.00, 20000.00, 'DEPOT du compte IMF183 Client: Mugisho  Musaka  par Ashuza', '2025-07-01 10:38:21', '2025-07-01 10:38:21'),
(988, 176, NULL, 20, NULL, 'dépôt', 'CDF', 5000.00, 25000.00, 'DEPOT du compte IMF183 Client: Mugisho  Musaka  par Ashuza', '2025-07-01 10:38:30', '2025-07-01 10:38:30'),
(989, 176, NULL, 20, NULL, 'dépôt', 'CDF', 5000.00, 30000.00, 'DEPOT du compte IMF183 Client: Mugisho  Musaka  par Ashuza', '2025-07-01 10:38:40', '2025-07-01 10:38:40'),
(990, 202, NULL, 20, NULL, 'dépôt', 'CDF', 10000.00, 20000.00, 'DEPOT du compte IMF199 Client: Jonanthan Christian  par Ashuza', '2025-07-01 10:39:11', '2025-07-01 10:39:11'),
(991, 194, NULL, 20, NULL, 'dépôt', 'CDF', 5000.00, 15000.00, 'DEPOT du compte IMF195 Client: Aganze  Ziganira  par Ashuza', '2025-07-01 10:39:38', '2025-07-01 10:39:38'),
(992, 164, NULL, 20, NULL, 'dépôt', 'CDF', 20000.00, 120000.00, 'DEPOT du compte IMF177 Client: Irenge  Mulandu Innocent par Ashuza', '2025-07-01 10:40:49', '2025-07-01 10:40:49'),
(993, 32, NULL, 20, NULL, 'dépôt', 'CDF', 30000.00, 330000.00, 'DEPOT du compte IMF110 Client: Irenge  Mulandu par Ashuza', '2025-07-01 10:41:07', '2025-07-01 10:41:07'),
(994, 198, NULL, 20, NULL, 'dépôt', 'CDF', 20000.00, 40000.00, 'DEPOT du compte IMF197 Client: Rosine  Mwamini  par Ashuza', '2025-07-01 10:41:40', '2025-07-01 10:41:40'),
(995, 198, NULL, 20, NULL, 'dépôt', 'CDF', 20000.00, 60000.00, 'DEPOT du compte IMF197 Client: Rosine  Mwamini  par Ashuza', '2025-07-01 10:41:48', '2025-07-01 10:41:48'),
(996, 200, NULL, 20, NULL, 'dépôt', 'CDF', 20000.00, 50000.00, 'DEPOT du compte IMF198 Client: Ciza  Bisimwa  par Ashuza', '2025-07-01 10:42:36', '2025-07-01 10:42:36'),
(997, 150, NULL, 20, NULL, 'dépôt', 'CDF', 5000.00, 35000.00, 'DEPOT du compte IMF170 Client: BABU GISLAIN par Ashuza', '2025-07-01 10:43:20', '2025-07-01 10:43:20'),
(998, 150, NULL, 20, NULL, 'dépôt', 'CDF', 5000.00, 40000.00, 'DEPOT du compte IMF170 Client: BABU GISLAIN par Ashuza', '2025-07-01 10:44:09', '2025-07-01 10:44:09'),
(999, 150, NULL, 20, NULL, 'dépôt', 'CDF', 5000.00, 45000.00, 'DEPOT du compte IMF170 Client: BABU GISLAIN par Ashuza', '2025-07-01 10:44:18', '2025-07-01 10:44:18'),
(1000, 150, NULL, 20, NULL, 'dépôt', 'CDF', 5000.00, 50000.00, 'DEPOT du compte IMF170 Client: BABU GISLAIN par Ashuza', '2025-07-01 10:44:26', '2025-07-01 10:44:26'),
(1001, 150, NULL, 20, NULL, 'dépôt', 'CDF', 5000.00, 55000.00, 'DEPOT du compte IMF170 Client: BABU GISLAIN par Ashuza', '2025-07-01 10:44:33', '2025-07-01 10:44:33'),
(1002, 42, NULL, 20, NULL, 'dépôt', 'CDF', 20000.00, 180000.00, 'DEPOT du compte IMF117 Client: Akonkwa  Biringanine par Ashuza', '2025-07-01 10:45:03', '2025-07-01 10:45:03'),
(1003, 82, NULL, 20, NULL, 'dépôt', 'CDF', 2000.00, 20000.00, 'DEPOT du compte IMF136 Client: ALICE  CINAMA par Ashuza', '2025-07-01 10:45:24', '2025-07-01 10:45:24'),
(1004, 106, NULL, 20, NULL, 'dépôt', 'CDF', 5000.00, 40000.00, 'DEPOT du compte IMF148 Client: BARHATULIRWA MUSHI par Ashuza', '2025-07-01 10:45:49', '2025-07-01 10:45:49'),
(1005, 106, NULL, 20, NULL, 'dépôt', 'CDF', 5000.00, 45000.00, 'DEPOT du compte IMF148 Client: BARHATULIRWA MUSHI par Ashuza', '2025-07-01 10:45:56', '2025-07-01 10:45:56'),
(1006, 53, NULL, 20, NULL, 'dépôt', 'USD', 10.00, 80.00, 'DEPOT du compte IMF122 Client: ISHARA MUDERWA par Ashuza', '2025-07-01 10:46:23', '2025-07-01 10:46:23'),
(1007, 134, NULL, 20, NULL, 'dépôt', 'CDF', 2000.00, 20000.00, 'DEPOT du compte IMF162 Client: ISHARA  BUDERHWA par Ashuza', '2025-07-01 10:47:01', '2025-07-01 10:47:01'),
(1008, 134, NULL, 20, NULL, 'dépôt', 'CDF', 2000.00, 22000.00, 'DEPOT du compte IMF162 Client: ISHARA  BUDERHWA par Ashuza', '2025-07-01 10:47:07', '2025-07-01 10:47:07'),
(1009, 72, NULL, 20, NULL, 'dépôt', 'CDF', 5000.00, 105000.00, 'DEPOT du compte IMF131 Client: BAVURHE ANNUARITE par Ashuza', '2025-07-01 10:47:31', '2025-07-01 10:47:31'),
(1010, 72, NULL, 20, NULL, 'dépôt', 'CDF', 5000.00, 110000.00, 'DEPOT du compte IMF131 Client: BAVURHE ANNUARITE par Ashuza', '2025-07-01 10:47:38', '2025-07-01 10:47:38'),
(1011, 84, NULL, 20, NULL, 'dépôt', 'CDF', 2000.00, 16000.00, 'DEPOT du compte IMF137 Client: DENISE MUDUMBI par Ashuza', '2025-07-01 10:48:46', '2025-07-01 10:48:46'),
(1012, 84, NULL, 20, NULL, 'dépôt', 'CDF', 2000.00, 18000.00, 'DEPOT du compte IMF137 Client: DENISE MUDUMBI par Ashuza', '2025-07-01 10:48:53', '2025-07-01 10:48:53'),
(1013, 84, NULL, 20, NULL, 'dépôt', 'CDF', 2000.00, 20000.00, 'DEPOT du compte IMF137 Client: DENISE MUDUMBI par Ashuza', '2025-07-01 10:49:00', '2025-07-01 10:49:00'),
(1014, 112, NULL, 20, NULL, 'dépôt', 'CDF', 3000.00, 27000.00, 'DEPOT du compte IMF151 Client: PATIENT CIMANUKA par Ashuza', '2025-07-01 10:50:30', '2025-07-01 10:50:30'),
(1015, 112, NULL, 20, NULL, 'dépôt', 'CDF', 3000.00, 30000.00, 'DEPOT du compte IMF151 Client: PATIENT CIMANUKA par Ashuza', '2025-07-01 10:50:37', '2025-07-01 10:50:37'),
(1016, 112, NULL, 20, NULL, 'dépôt', 'CDF', 3000.00, 33000.00, 'DEPOT du compte IMF151 Client: PATIENT CIMANUKA par Ashuza', '2025-07-01 10:50:44', '2025-07-01 10:50:44'),
(1017, 112, NULL, 20, NULL, 'dépôt', 'CDF', 3000.00, 36000.00, 'DEPOT du compte IMF151 Client: PATIENT CIMANUKA par Ashuza', '2025-07-01 10:50:51', '2025-07-01 10:50:51'),
(1018, 112, NULL, 20, NULL, 'dépôt', 'CDF', 3000.00, 39000.00, 'DEPOT du compte IMF151 Client: PATIENT CIMANUKA par Ashuza', '2025-07-01 10:50:57', '2025-07-01 10:50:57'),
(1019, 112, NULL, 20, NULL, 'dépôt', 'CDF', 3000.00, 42000.00, 'DEPOT du compte IMF151 Client: PATIENT CIMANUKA par Ashuza', '2025-07-01 10:51:05', '2025-07-01 10:51:05'),
(1020, 168, NULL, 20, NULL, 'dépôt', 'CDF', 10000.00, 20000.00, 'DEPOT du compte IMF179 Client: MUDEKEREZA  Bashombe  par Ashuza', '2025-07-01 10:51:53', '2025-07-01 10:51:53'),
(1021, 168, NULL, 20, NULL, 'dépôt', 'CDF', 10000.00, 30000.00, 'DEPOT du compte IMF179 Client: MUDEKEREZA  Bashombe  par Ashuza', '2025-07-01 10:52:03', '2025-07-01 10:52:03'),
(1022, 168, NULL, 20, NULL, 'dépôt', 'CDF', 10000.00, 40000.00, 'DEPOT du compte IMF179 Client: MUDEKEREZA  Bashombe  par Ashuza', '2025-07-01 10:52:12', '2025-07-01 10:52:12'),
(1023, 230, NULL, 20, NULL, 'dépôt', 'CDF', 10000.00, 10000.00, 'DEPOT du compte IMF213 Client: Jeannette  Muderwa  par Ashuza', '2025-07-01 10:59:43', '2025-07-01 10:59:43'),
(1024, 46, NULL, 20, NULL, 'dépôt', 'CDF', 50000.00, 600000.00, 'DEPOT du compte IMF119 Client: Gislain Buhamba par Ashuza', '2025-07-01 12:24:26', '2025-07-01 12:24:26'),
(1025, 25, NULL, 20, NULL, 'dépôt', 'USD', 10.00, 21.25, 'DEPOT du compte IMF107 Client: FARAJA  MANEGABE par Ashuza', '2025-07-01 12:52:52', '2025-07-01 12:52:52'),
(1026, 180, NULL, 20, NULL, 'dépôt', 'CDF', 10000.00, 60000.00, 'DEPOT du compte IMF185 Client: Mapenzi  Yvonne  par Ashuza', '2025-07-01 12:56:37', '2025-07-01 12:56:37'),
(1027, 180, NULL, 20, NULL, 'dépôt', 'CDF', 10000.00, 70000.00, 'DEPOT du compte IMF185 Client: Mapenzi  Yvonne  par Ashuza', '2025-07-01 12:56:48', '2025-07-01 12:56:48'),
(1028, 230, NULL, 20, NULL, 'dépôt', 'CDF', 10000.00, 20000.00, 'DEPOT du compte IMF213 Client: Jeannette  Muderwa  par Ashuza', '2025-07-01 13:20:26', '2025-07-01 13:20:26'),
(1029, 138, NULL, 20, NULL, 'dépôt', 'CDF', 5000.00, 35000.00, 'DEPOT du compte IMF164 Client: SENGI MWALAVUMBA par Ashuza', '2025-07-01 13:22:14', '2025-07-01 13:22:14'),
(1030, 86, NULL, 20, NULL, 'dépôt', 'CDF', 2000.00, 12000.00, 'DEPOT du compte IMF138 Client: NICOLE AWA par Ashuza', '2025-07-01 13:26:53', '2025-07-01 13:26:53'),
(1031, 80, NULL, 20, NULL, 'dépôt', 'CDF', 4000.00, 44000.00, 'DEPOT du compte IMF135 Client: CLAUDINE  BARHALENGERWA par Ashuza', '2025-07-01 13:29:35', '2025-07-01 13:29:35'),
(1032, 100, NULL, 20, NULL, 'dépôt', 'CDF', 10000.00, 30000.00, 'DEPOT du compte IMF145 Client: BENJAMIN CIKOMOLA par Ashuza', '2025-07-01 13:32:17', '2025-07-01 13:32:17'),
(1033, 186, NULL, 20, NULL, 'dépôt', 'CDF', 2000.00, 383000.00, 'DEPOT du compte IMF191 Client: Bilumya Lawi par Ashuza', '2025-07-01 14:03:07', '2025-07-01 14:03:07'),
(1034, 186, NULL, 99, NULL, 'dépôt', 'CDF', 2000.00, 6000.00, 'DEPOT dans votre compte IMF191 Client: Bilumya Lawi par Ashuza', '2025-07-01 14:03:07', '2025-07-01 14:03:07'),
(1039, 204, NULL, 20, NULL, 'dépôt', 'CDF', 5000.00, 388000.00, 'DEPOT du compte IMF200 Client: Zawadi Mukasa par Ashuza', '2025-07-01 14:06:28', '2025-07-01 14:06:28'),
(1040, 204, NULL, 108, NULL, 'dépôt', 'CDF', 5000.00, 15000.00, 'DEPOT dans votre compte IMF200 Client: Zawadi Mukasa par Ashuza', '2025-07-01 14:06:28', '2025-07-01 14:06:28'),
(1041, 206, NULL, 20, NULL, 'dépôt', 'CDF', 5000.00, 393000.00, 'DEPOT du compte IMF201 Client: Nabintu  Bitumba  par Ashuza', '2025-07-01 14:07:14', '2025-07-01 14:07:14'),
(1042, 206, NULL, 109, NULL, 'dépôt', 'CDF', 5000.00, 15000.00, 'DEPOT dans votre compte IMF201 Client: Nabintu  Bitumba  par Ashuza', '2025-07-01 14:07:14', '2025-07-01 14:07:14'),
(1043, 210, NULL, 20, NULL, 'dépôt', 'CDF', 5000.00, 398000.00, 'DEPOT du compte IMF203 Client: Murhula  Birhashwirwa par Ashuza', '2025-07-01 14:10:46', '2025-07-01 14:10:46'),
(1044, 210, NULL, 111, NULL, 'dépôt', 'CDF', 5000.00, 15000.00, 'DEPOT dans votre compte IMF203 Client: Murhula  Birhashwirwa par Ashuza', '2025-07-01 14:10:46', '2025-07-01 14:10:46'),
(1045, 214, NULL, 20, NULL, 'dépôt', 'CDF', 5000.00, 403000.00, 'DEPOT du compte IMF205 Client: Nankafu Kunzi  par Ashuza', '2025-07-01 14:11:07', '2025-07-01 14:11:07'),
(1046, 214, NULL, 113, NULL, 'dépôt', 'CDF', 5000.00, 15000.00, 'DEPOT dans votre compte IMF205 Client: Nankafu Kunzi  par Ashuza', '2025-07-01 14:11:07', '2025-07-01 14:11:07'),
(1047, 214, NULL, 20, NULL, 'dépôt', 'CDF', 5000.00, 408000.00, 'DEPOT du compte IMF205 Client: Nankafu Kunzi  par Ashuza', '2025-07-01 14:11:13', '2025-07-01 14:11:13'),
(1048, 214, NULL, 113, NULL, 'dépôt', 'CDF', 5000.00, 20000.00, 'DEPOT dans votre compte IMF205 Client: Nankafu Kunzi  par Ashuza', '2025-07-01 14:11:13', '2025-07-01 14:11:13'),
(1049, NULL, 12, 21, NULL, 'vente_carte_adhesion', 'CDF', 1000.00, 12000.00, 'Vente de carte à Byamungu  - Montant: 1000 CDF', '2025-07-01 14:11:29', '2025-07-01 14:11:29'),
(1050, NULL, 13, 97, NULL, 'vente_carte_adhesion', 'CDF', 1000.00, 16000.00, 'Vente de carte à Byamungu  - Montant: 1000 CDF', '2025-07-01 14:11:29', '2025-07-01 14:11:29'),
(1051, 212, NULL, 20, NULL, 'dépôt', 'CDF', 5000.00, 413000.00, 'DEPOT du compte IMF204 Client: Ciza Masonga  par Ashuza', '2025-07-01 14:11:36', '2025-07-01 14:11:36'),
(1052, 212, NULL, 112, NULL, 'dépôt', 'CDF', 5000.00, 15000.00, 'DEPOT dans votre compte IMF204 Client: Ciza Masonga  par Ashuza', '2025-07-01 14:11:36', '2025-07-01 14:11:36'),
(1053, NULL, 12, 21, NULL, 'vente_carte_adhesion', 'CDF', 1000.00, 13000.00, 'Vente de carte à Nzigire  - Montant: 1000 CDF', '2025-07-01 14:18:31', '2025-07-01 14:18:31'),
(1054, NULL, 13, 97, NULL, 'vente_carte_adhesion', 'CDF', 1000.00, 17000.00, 'Vente de carte à Nzigire  - Montant: 1000 CDF', '2025-07-01 14:18:31', '2025-07-01 14:18:31'),
(1055, 216, NULL, 20, NULL, 'dépôt', 'CDF', 2000.00, 415000.00, 'DEPOT du compte IMF206 Client: Bienvenue  Mubalama par Ashuza', '2025-07-01 14:21:15', '2025-07-01 14:21:15'),
(1056, 216, NULL, 114, NULL, 'dépôt', 'CDF', 2000.00, 4000.00, 'DEPOT dans votre compte IMF206 Client: Bienvenue  Mubalama par Ashuza', '2025-07-01 14:21:15', '2025-07-01 14:21:15'),
(1061, 476, NULL, 20, NULL, 'dépôt', 'CDF', 5000.00, 420000.00, 'DEPOT du compte IMF224 Client: Nzigire  Namegabe par Ashuza', '2025-07-01 14:23:14', '2025-07-01 14:23:14'),
(1062, 476, NULL, 132, NULL, 'dépôt', 'CDF', 5000.00, 5000.00, 'DEPOT dans votre compte IMF224 Client: Nzigire  Namegabe par Ashuza', '2025-07-01 14:23:14', '2025-07-01 14:23:14'),
(1065, 474, NULL, 20, NULL, 'dépôt', 'CDF', 5000.00, 425000.00, 'DEPOT du compte IMF223 Client: Byamungu  Bibishe  par Ashuza', '2025-07-01 14:24:51', '2025-07-01 14:24:51'),
(1066, 474, NULL, 131, NULL, 'dépôt', 'CDF', 5000.00, 5000.00, 'DEPOT dans votre compte IMF223 Client: Byamungu  Bibishe  par Ashuza', '2025-07-01 14:24:51', '2025-07-01 14:24:51'),
(1067, 474, NULL, 20, NULL, 'dépôt', 'CDF', 5000.00, 430000.00, 'DEPOT du compte IMF223 Client: Byamungu  Bibishe  par Ashuza', '2025-07-01 14:25:04', '2025-07-01 14:25:04'),
(1068, 474, NULL, 131, NULL, 'dépôt', 'CDF', 5000.00, 10000.00, 'DEPOT dans votre compte IMF223 Client: Byamungu  Bibishe  par Ashuza', '2025-07-01 14:25:04', '2025-07-01 14:25:04'),
(1069, 474, NULL, 20, NULL, 'dépôt', 'CDF', 5000.00, 435000.00, 'DEPOT du compte IMF223 Client: Byamungu  Bibishe  par Ashuza', '2025-07-01 14:25:14', '2025-07-01 14:25:14'),
(1070, 474, NULL, 131, NULL, 'dépôt', 'CDF', 5000.00, 15000.00, 'DEPOT dans votre compte IMF223 Client: Byamungu  Bibishe  par Ashuza', '2025-07-01 14:25:14', '2025-07-01 14:25:14'),
(1071, 102, NULL, 20, NULL, 'dépôt', 'CDF', 10000.00, 445000.00, 'DEPOT du compte IMF146 Client: CIRIMWAMI MECHACK par Ashuza', '2025-07-01 14:38:38', '2025-07-01 14:38:38'),
(1072, 102, NULL, 53, NULL, 'dépôt', 'CDF', 10000.00, 60000.00, 'DEPOT dans votre compte IMF146 Client: CIRIMWAMI MECHACK par Ashuza', '2025-07-01 14:38:38', '2025-07-01 14:38:38'),
(1073, NULL, 12, 21, NULL, 'vente_carte_adhesion', 'CDF', 1000.00, 14000.00, 'Vente de carte à Tumusifu - Montant: 1000 CDF', '2025-07-01 14:41:19', '2025-07-01 14:41:19'),
(1074, NULL, 13, 97, NULL, 'vente_carte_adhesion', 'CDF', 1000.00, 18000.00, 'Vente de carte à Tumusifu - Montant: 1000 CDF', '2025-07-01 14:41:19', '2025-07-01 14:41:19'),
(1075, 126, NULL, 65, NULL, 'octroi_de_credit', 'CDF', 500000.00, 515000.00, 'dossier incomplet', '2025-07-01 14:46:13', '2025-07-01 14:46:13'),
(1076, 126, NULL, 1, NULL, 'octroi_de_credit_client', 'CDF', 500000.00, 261000.00, 'dossier incomplet', '2025-07-01 14:46:13', '2025-07-01 14:46:13'),
(1077, NULL, 15, 94, NULL, 'commission_credit', 'CDF', 25000.00, 120000.00, 'Frais de commission du dossier du credit #31 - Montant: 25000 CDF octroyé à BAGULA  BAHATI', '2025-07-01 14:46:13', '2025-07-01 14:46:13'),
(1078, NULL, 2, 2, NULL, 'frais_credit_pour_retrait', 'CDF', 500000.00, 971000.00, 'Frais à retirer du dossier du credit #31 - Montant: 0500000 CDF du client BAGULA  BAHATI', '2025-07-01 14:46:13', '2025-07-01 14:46:13'),
(1085, 124, NULL, 20, NULL, 'dépôt', 'CDF', 1000.00, 446000.00, 'DEPOT du compte IMF157 Client: KANGOME KIBALI par Ashuza', '2025-07-01 15:24:58', '2025-07-01 15:24:58'),
(1086, 124, NULL, 64, NULL, 'dépôt', 'CDF', 1000.00, 11000.00, 'DEPOT dans votre compte IMF157 Client: KANGOME KIBALI par Ashuza', '2025-07-01 15:24:58', '2025-07-01 15:24:58'),
(1087, 124, NULL, 20, NULL, 'dépôt', 'CDF', 1000.00, 447000.00, 'DEPOT du compte IMF157 Client: KANGOME KIBALI par Ashuza', '2025-07-01 15:25:07', '2025-07-01 15:25:07'),
(1088, 124, NULL, 64, NULL, 'dépôt', 'CDF', 1000.00, 12000.00, 'DEPOT dans votre compte IMF157 Client: KANGOME KIBALI par Ashuza', '2025-07-01 15:25:07', '2025-07-01 15:25:07'),
(1091, 218, NULL, 20, NULL, 'dépôt', 'CDF', 3000.00, 450000.00, 'DEPOT du compte IMF207 Client: Safi  Cizungu par Ashuza', '2025-07-01 15:29:39', '2025-07-01 15:29:39'),
(1092, 218, NULL, 115, NULL, 'dépôt', 'CDF', 3000.00, 6000.00, 'DEPOT dans votre compte IMF207 Client: Safi  Cizungu par Ashuza', '2025-07-01 15:29:39', '2025-07-01 15:29:39'),
(1093, 218, NULL, 20, NULL, 'dépôt', 'CDF', 3000.00, 453000.00, 'DEPOT du compte IMF207 Client: Safi  Cizungu par Ashuza', '2025-07-01 15:29:48', '2025-07-01 15:29:48'),
(1094, 218, NULL, 115, NULL, 'dépôt', 'CDF', 3000.00, 9000.00, 'DEPOT dans votre compte IMF207 Client: Safi  Cizungu par Ashuza', '2025-07-01 15:29:48', '2025-07-01 15:29:48'),
(1095, NULL, 2, 2, NULL, 'virement vers caisse centrale', 'CDF', 917000.00, 54000.00, 'Virement de 917000 CDF du compte de Caissier vers la caisse centrale. #REF23', '2025-07-01 15:31:24', '2025-07-01 15:31:24'),
(1096, 108, NULL, 20, NULL, 'dépôt', 'CDF', 2000.00, 455000.00, 'DEPOT du compte IMF149 Client: SANZA MUKENGE par Ashuza', '2025-07-01 15:34:24', '2025-07-01 15:34:24'),
(1097, 108, NULL, 56, NULL, 'dépôt', 'CDF', 2000.00, 28000.00, 'DEPOT dans votre compte IMF149 Client: SANZA MUKENGE par Ashuza', '2025-07-01 15:34:24', '2025-07-01 15:34:24'),
(1098, 108, NULL, 20, NULL, 'dépôt', 'CDF', 2000.00, 457000.00, 'DEPOT du compte IMF149 Client: SANZA MUKENGE par Ashuza', '2025-07-01 15:34:32', '2025-07-01 15:34:32'),
(1099, 108, NULL, 56, NULL, 'dépôt', 'CDF', 2000.00, 30000.00, 'DEPOT dans votre compte IMF149 Client: SANZA MUKENGE par Ashuza', '2025-07-01 15:34:32', '2025-07-01 15:34:32'),
(1100, NULL, 1, 2, NULL, 'virement vers caisse centrale', 'USD', 50.00, 0.00, 'Virement de 050 USD du compte de Caissier vers la caisse centrale. #REF24', '2025-07-01 15:35:07', '2025-07-01 15:35:07'),
(1101, 128, NULL, 20, NULL, 'dépôt', 'CDF', 5000.00, 462000.00, 'DEPOT du compte IMF159 Client: HELEINA MWARUKARUKA par Ashuza', '2025-07-01 15:37:52', '2025-07-01 15:37:52'),
(1102, 128, NULL, 66, NULL, 'dépôt', 'CDF', 5000.00, 35000.00, 'DEPOT dans votre compte IMF159 Client: HELEINA MWARUKARUKA par Ashuza', '2025-07-01 15:37:52', '2025-07-01 15:37:52'),
(1103, 128, NULL, 20, NULL, 'dépôt', 'CDF', 5000.00, 467000.00, 'DEPOT du compte IMF159 Client: HELEINA MWARUKARUKA par Ashuza', '2025-07-01 15:38:00', '2025-07-01 15:38:00'),
(1104, 128, NULL, 66, NULL, 'dépôt', 'CDF', 5000.00, 40000.00, 'DEPOT dans votre compte IMF159 Client: HELEINA MWARUKARUKA par Ashuza', '2025-07-01 15:38:00', '2025-07-01 15:38:00'),
(1105, 170, NULL, 20, NULL, 'dépôt', 'CDF', 5000.00, 472000.00, 'DEPOT du compte IMF180 Client: Mugisho  Mweze  par Ashuza', '2025-07-01 15:45:37', '2025-07-01 15:45:37'),
(1106, 170, NULL, 87, NULL, 'dépôt', 'CDF', 5000.00, 35000.00, 'DEPOT dans votre compte IMF180 Client: Mugisho  Mweze  par Ashuza', '2025-07-01 15:45:37', '2025-07-01 15:45:37'),
(1107, 170, NULL, 20, NULL, 'dépôt', 'CDF', 5000.00, 477000.00, 'DEPOT du compte IMF180 Client: Mugisho  Mweze  par Ashuza', '2025-07-01 15:45:45', '2025-07-01 15:45:45'),
(1108, 170, NULL, 87, NULL, 'dépôt', 'CDF', 5000.00, 40000.00, 'DEPOT dans votre compte IMF180 Client: Mugisho  Mweze  par Ashuza', '2025-07-01 15:45:45', '2025-07-01 15:45:45'),
(1109, 170, NULL, 20, NULL, 'dépôt', 'CDF', 5000.00, 482000.00, 'DEPOT du compte IMF180 Client: Mugisho  Mweze  par Ashuza', '2025-07-01 15:45:55', '2025-07-01 15:45:55'),
(1110, 170, NULL, 87, NULL, 'dépôt', 'CDF', 5000.00, 45000.00, 'DEPOT dans votre compte IMF180 Client: Mugisho  Mweze  par Ashuza', '2025-07-01 15:45:55', '2025-07-01 15:45:55'),
(1111, 172, NULL, 20, NULL, 'dépôt', 'CDF', 3000.00, 485000.00, 'DEPOT du compte IMF181 Client: Kilungu  Ramazani  par Ashuza', '2025-07-01 15:52:24', '2025-07-01 15:52:24'),
(1112, 172, NULL, 88, NULL, 'dépôt', 'CDF', 3000.00, 33000.00, 'DEPOT dans votre compte IMF181 Client: Kilungu  Ramazani  par Ashuza', '2025-07-01 15:52:24', '2025-07-01 15:52:24'),
(1113, 172, NULL, 20, NULL, 'dépôt', 'CDF', 3000.00, 488000.00, 'DEPOT du compte IMF181 Client: Kilungu  Ramazani  par Ashuza', '2025-07-01 15:52:32', '2025-07-01 15:52:32'),
(1114, 172, NULL, 88, NULL, 'dépôt', 'CDF', 3000.00, 36000.00, 'DEPOT dans votre compte IMF181 Client: Kilungu  Ramazani  par Ashuza', '2025-07-01 15:52:32', '2025-07-01 15:52:32'),
(1115, 172, NULL, 20, NULL, 'dépôt', 'CDF', 3000.00, 491000.00, 'DEPOT du compte IMF181 Client: Kilungu  Ramazani  par Ashuza', '2025-07-01 15:52:40', '2025-07-01 15:52:40'),
(1116, 172, NULL, 88, NULL, 'dépôt', 'CDF', 3000.00, 39000.00, 'DEPOT dans votre compte IMF181 Client: Kilungu  Ramazani  par Ashuza', '2025-07-01 15:52:40', '2025-07-01 15:52:40'),
(1117, 162, NULL, 20, NULL, 'dépôt', 'CDF', 2000.00, 493000.00, 'DEPOT du compte IMF176 Client: Nabintu Rwizibuka par Ashuza', '2025-07-01 15:53:31', '2025-07-01 15:53:31'),
(1118, 162, NULL, 83, NULL, 'dépôt', 'CDF', 2000.00, 20000.00, 'DEPOT dans votre compte IMF176 Client: Nabintu Rwizibuka par Ashuza', '2025-07-01 15:53:31', '2025-07-01 15:53:31'),
(1119, NULL, 2, 2, NULL, 'virement vers caisse centrale', 'CDF', 54000.00, 0.00, 'Virement de 054000 CDF du compte de Caissier vers la caisse centrale. #REF25', '2025-07-01 15:54:59', '2025-07-01 15:54:59'),
(1120, 74, NULL, 20, NULL, 'dépôt', 'CDF', 5000.00, 498000.00, 'DEPOT du compte IMF132 Client: KILUNDU BERNADETTE par Ashuza', '2025-07-01 15:58:12', '2025-07-01 15:58:12'),
(1121, 74, NULL, 39, NULL, 'dépôt', 'CDF', 5000.00, 85000.00, 'DEPOT dans votre compte IMF132 Client: KILUNDU BERNADETTE par Ashuza', '2025-07-01 15:58:12', '2025-07-01 15:58:12'),
(1122, 74, NULL, 20, NULL, 'dépôt', 'CDF', 5000.00, 503000.00, 'DEPOT du compte IMF132 Client: KILUNDU BERNADETTE par Ashuza', '2025-07-01 15:58:23', '2025-07-01 15:58:23'),
(1123, 74, NULL, 39, NULL, 'dépôt', 'CDF', 5000.00, 90000.00, 'DEPOT dans votre compte IMF132 Client: KILUNDU BERNADETTE par Ashuza', '2025-07-01 15:58:23', '2025-07-01 15:58:23'),
(1124, 72, NULL, 20, NULL, 'dépôt', 'CDF', 5000.00, 508000.00, 'DEPOT du compte IMF131 Client: BAVURHE ANNUARITE par Ashuza', '2025-07-01 16:01:42', '2025-07-01 16:01:42'),
(1125, 72, NULL, 38, NULL, 'dépôt', 'CDF', 5000.00, 115000.00, 'DEPOT dans votre compte IMF131 Client: BAVURHE ANNUARITE par Ashuza', '2025-07-01 16:01:42', '2025-07-01 16:01:42'),
(1126, 72, NULL, 20, NULL, 'dépôt', 'CDF', 5000.00, 513000.00, 'DEPOT du compte IMF131 Client: BAVURHE ANNUARITE par Ashuza', '2025-07-01 16:01:51', '2025-07-01 16:01:51'),
(1127, 72, NULL, 38, NULL, 'dépôt', 'CDF', 5000.00, 120000.00, 'DEPOT dans votre compte IMF131 Client: BAVURHE ANNUARITE par Ashuza', '2025-07-01 16:01:51', '2025-07-01 16:01:51'),
(1128, 58, NULL, 20, NULL, 'dépôt', 'CDF', 4000.00, 517000.00, 'DEPOT du compte IMF124 Client: CHADRACK MASIRIKA par Ashuza', '2025-07-01 16:02:21', '2025-07-01 16:02:21'),
(1129, 58, NULL, 31, NULL, 'dépôt', 'CDF', 4000.00, 44000.00, 'DEPOT dans votre compte IMF124 Client: CHADRACK MASIRIKA par Ashuza', '2025-07-01 16:02:21', '2025-07-01 16:02:21'),
(1130, NULL, 12, 21, NULL, 'virement vers caisse centrale', 'CDF', 14000.00, 0.00, 'Virement de 14000 CDF du compte de Cito vers la caisse centrale. #REF26', '2025-07-01 16:04:42', '2025-07-01 16:04:42'),
(1131, 53, NULL, 20, NULL, 'dépôt', 'USD', 10.00, 30.00, 'DEPOT du compte IMF122 Client: ISHARA MUDERWA par Ashuza', '2025-07-01 16:08:13', '2025-07-01 16:08:13'),
(1132, 53, NULL, 29, NULL, 'dépôt', 'USD', 10.00, 90.00, 'DEPOT dans votre compte IMF122 Client: ISHARA MUDERWA par Ashuza', '2025-07-01 16:08:13', '2025-07-01 16:08:13'),
(1133, 134, NULL, 20, NULL, 'dépôt', 'CDF', 2000.00, 519000.00, 'DEPOT du compte IMF162 Client: ISHARA  BUDERHWA par Ashuza', '2025-07-01 16:13:31', '2025-07-01 16:13:31'),
(1134, 134, NULL, 69, NULL, 'dépôt', 'CDF', 2000.00, 24000.00, 'DEPOT dans votre compte IMF162 Client: ISHARA  BUDERHWA par Ashuza', '2025-07-01 16:13:31', '2025-07-01 16:13:31'),
(1135, 134, NULL, 20, NULL, 'dépôt', 'CDF', 2000.00, 521000.00, 'DEPOT du compte IMF162 Client: ISHARA  BUDERHWA par Ashuza', '2025-07-01 16:13:40', '2025-07-01 16:13:40'),
(1136, 134, NULL, 69, NULL, 'dépôt', 'CDF', 2000.00, 26000.00, 'DEPOT dans votre compte IMF162 Client: ISHARA  BUDERHWA par Ashuza', '2025-07-01 16:13:40', '2025-07-01 16:13:40'),
(1137, 134, NULL, 20, NULL, 'dépôt', 'CDF', 2000.00, 523000.00, 'DEPOT du compte IMF162 Client: ISHARA  BUDERHWA par Ashuza', '2025-07-01 16:13:47', '2025-07-01 16:13:47'),
(1138, 134, NULL, 69, NULL, 'dépôt', 'CDF', 2000.00, 28000.00, 'DEPOT dans votre compte IMF162 Client: ISHARA  BUDERHWA par Ashuza', '2025-07-01 16:13:47', '2025-07-01 16:13:47'),
(1139, 134, NULL, 20, NULL, 'dépôt', 'CDF', 2000.00, 525000.00, 'DEPOT du compte IMF162 Client: ISHARA  BUDERHWA par Ashuza', '2025-07-01 16:13:56', '2025-07-01 16:13:56'),
(1140, 134, NULL, 69, NULL, 'dépôt', 'CDF', 2000.00, 30000.00, 'DEPOT dans votre compte IMF162 Client: ISHARA  BUDERHWA par Ashuza', '2025-07-01 16:13:56', '2025-07-01 16:13:56'),
(1141, 134, NULL, 20, NULL, 'dépôt', 'CDF', 2000.00, 527000.00, 'DEPOT du compte IMF162 Client: ISHARA  BUDERHWA par Ashuza', '2025-07-01 16:14:03', '2025-07-01 16:14:03'),
(1142, 134, NULL, 69, NULL, 'dépôt', 'CDF', 2000.00, 32000.00, 'DEPOT dans votre compte IMF162 Client: ISHARA  BUDERHWA par Ashuza', '2025-07-01 16:14:03', '2025-07-01 16:14:03'),
(1143, 128, NULL, 66, NULL, 'octroi_de_credit', 'CDF', 300000.00, 325000.00, 'incomplet', '2025-07-01 16:14:37', '2025-07-01 16:14:37'),
(1144, 128, NULL, 2, NULL, 'octroi_de_credit_client', 'CDF', 300000.00, 946000.00, 'incomplet', '2025-07-01 16:14:37', '2025-07-01 16:14:37'),
(1145, NULL, 15, 94, NULL, 'commission_credit', 'CDF', 15000.00, 135000.00, 'Frais de commission du dossier du credit #32 - Montant: 15000 CDF octroyé à HELEINA MWARUKARUKA', '2025-07-01 16:14:37', '2025-07-01 16:14:37'),
(1146, NULL, 2, 2, NULL, 'frais_credit_pour_retrait', 'CDF', 300000.00, 300000.00, 'Frais à retirer du dossier du credit #32 - Montant: 0300000 CDF du client HELEINA MWARUKARUKA', '2025-07-01 16:14:37', '2025-07-01 16:14:37'),
(1147, 76, NULL, 20, NULL, 'dépôt', 'CDF', 5000.00, 532000.00, 'DEPOT du compte IMF133 Client: AZIZA MUDERWHA par Ashuza', '2025-07-01 16:15:14', '2025-07-01 16:15:14'),
(1148, 76, NULL, 40, NULL, 'dépôt', 'CDF', 5000.00, 40000.00, 'DEPOT dans votre compte IMF133 Client: AZIZA MUDERWHA par Ashuza', '2025-07-01 16:15:14', '2025-07-01 16:15:14'),
(1149, NULL, 12, 21, NULL, 'vente_carte_adhesion', 'CDF', 1000.00, 1000.00, 'Vente de carte à Sarah  - Montant: 1000 CDF', '2025-07-01 16:15:32', '2025-07-01 16:15:32'),
(1150, NULL, 13, 97, NULL, 'vente_carte_adhesion', 'CDF', 1000.00, 19000.00, 'Vente de carte à Sarah  - Montant: 1000 CDF', '2025-07-01 16:15:32', '2025-07-01 16:15:32'),
(1153, 56, NULL, 20, NULL, 'dépôt', 'CDF', 10000.00, 542000.00, 'DEPOT du compte IMF123 Client: LUC KAJABWIKA par Ashuza', '2025-07-01 16:19:17', '2025-07-01 16:19:17'),
(1154, 56, NULL, 30, NULL, 'dépôt', 'CDF', 10000.00, 80000.00, 'DEPOT dans votre compte IMF123 Client: LUC KAJABWIKA par Ashuza', '2025-07-01 16:19:17', '2025-07-01 16:19:17'),
(1155, 56, NULL, 20, NULL, 'dépôt', 'CDF', 10000.00, 552000.00, 'DEPOT du compte IMF123 Client: LUC KAJABWIKA par Ashuza', '2025-07-01 16:19:25', '2025-07-01 16:19:25'),
(1156, 56, NULL, 30, NULL, 'dépôt', 'CDF', 10000.00, 90000.00, 'DEPOT dans votre compte IMF123 Client: LUC KAJABWIKA par Ashuza', '2025-07-01 16:19:25', '2025-07-01 16:19:25'),
(1157, 144, NULL, 20, NULL, 'dépôt', 'CDF', 10000.00, 562000.00, 'DEPOT du compte IMF167 Client: OMBA  MUNGU par Ashuza', '2025-07-01 16:21:03', '2025-07-01 16:21:03'),
(1158, 144, NULL, 74, NULL, 'dépôt', 'CDF', 10000.00, 20000.00, 'DEPOT dans votre compte IMF167 Client: OMBA  MUNGU par Ashuza', '2025-07-01 16:21:03', '2025-07-01 16:21:03'),
(1159, 106, NULL, 20, NULL, 'dépôt', 'CDF', 5000.00, 567000.00, 'DEPOT du compte IMF148 Client: BARHATULIRWA MUSHI par Ashuza', '2025-07-01 16:29:14', '2025-07-01 16:29:14'),
(1160, 106, NULL, 55, NULL, 'dépôt', 'CDF', 5000.00, 50000.00, 'DEPOT dans votre compte IMF148 Client: BARHATULIRWA MUSHI par Ashuza', '2025-07-01 16:29:14', '2025-07-01 16:29:14'),
(1161, 106, NULL, 20, NULL, 'dépôt', 'CDF', 5000.00, 572000.00, 'DEPOT du compte IMF148 Client: BARHATULIRWA MUSHI par Ashuza', '2025-07-01 16:29:21', '2025-07-01 16:29:21'),
(1162, 106, NULL, 55, NULL, 'dépôt', 'CDF', 5000.00, 55000.00, 'DEPOT dans votre compte IMF148 Client: BARHATULIRWA MUSHI par Ashuza', '2025-07-01 16:29:22', '2025-07-01 16:29:22'),
(1171, 120, NULL, 20, NULL, 'dépôt', 'CDF', 5000.00, 577000.00, 'DEPOT du compte IMF155 Client: ISHARA EMANI par Ashuza', '2025-07-01 17:16:04', '2025-07-01 17:16:04'),
(1172, 120, NULL, 62, NULL, 'dépôt', 'CDF', 5000.00, 45000.00, 'DEPOT dans votre compte IMF155 Client: ISHARA EMANI par Ashuza', '2025-07-01 17:16:04', '2025-07-01 17:16:04'),
(1173, 120, NULL, 20, NULL, 'dépôt', 'CDF', 5000.00, 582000.00, 'DEPOT du compte IMF155 Client: ISHARA EMANI par Ashuza', '2025-07-01 17:16:27', '2025-07-01 17:16:27'),
(1174, 120, NULL, 62, NULL, 'dépôt', 'CDF', 5000.00, 50000.00, 'DEPOT dans votre compte IMF155 Client: ISHARA EMANI par Ashuza', '2025-07-01 17:16:27', '2025-07-01 17:16:27'),
(1175, 88, NULL, 20, NULL, 'dépôt', 'CDF', 4000.00, 586000.00, 'DEPOT du compte IMF139 Client: IRENGE BALAGIZI par Ashuza', '2025-07-01 17:17:34', '2025-07-01 17:17:34'),
(1176, 88, NULL, 46, NULL, 'dépôt', 'CDF', 4000.00, 56000.00, 'DEPOT dans votre compte IMF139 Client: IRENGE BALAGIZI par Ashuza', '2025-07-01 17:17:34', '2025-07-01 17:17:34'),
(1177, 154, NULL, 20, NULL, 'dépôt', 'CDF', 25000.00, 611000.00, 'DEPOT du compte IMF172 Client: MELANIE BAGUMA par Ashuza', '2025-07-01 17:18:27', '2025-07-01 17:18:27'),
(1178, 154, NULL, 79, NULL, 'dépôt', 'CDF', 25000.00, 150000.00, 'DEPOT dans votre compte IMF172 Client: MELANIE BAGUMA par Ashuza', '2025-07-01 17:18:27', '2025-07-01 17:18:27'),
(1179, 92, NULL, 20, NULL, 'dépôt', 'CDF', 4000.00, 615000.00, 'DEPOT du compte IMF141 Client: JUSTIN NTABOBA par Ashuza', '2025-07-01 17:19:01', '2025-07-01 17:19:01'),
(1180, 92, NULL, 48, NULL, 'dépôt', 'CDF', 4000.00, 36000.00, 'DEPOT dans votre compte IMF141 Client: JUSTIN NTABOBA par Ashuza', '2025-07-01 17:19:01', '2025-07-01 17:19:01'),
(1183, 90, NULL, 20, NULL, 'dépôt', 'CDF', 4000.00, 619000.00, 'DEPOT du compte IMF140 Client: DEKULO PASCAL par Ashuza', '2025-07-01 17:19:24', '2025-07-01 17:19:24'),
(1184, 90, NULL, 47, NULL, 'dépôt', 'CDF', 4000.00, 36000.00, 'DEPOT dans votre compte IMF140 Client: DEKULO PASCAL par Ashuza', '2025-07-01 17:19:24', '2025-07-01 17:19:24'),
(1185, 94, NULL, 20, NULL, 'dépôt', 'CDF', 3000.00, 622000.00, 'DEPOT du compte IMF142 Client: CUBAKA BANYWESIZE par Ashuza', '2025-07-01 17:19:54', '2025-07-01 17:19:54'),
(1186, 94, NULL, 49, NULL, 'dépôt', 'CDF', 3000.00, 27000.00, 'DEPOT dans votre compte IMF142 Client: CUBAKA BANYWESIZE par Ashuza', '2025-07-01 17:19:54', '2025-07-01 17:19:54'),
(1187, 18, NULL, 20, NULL, 'dépôt', 'CDF', 25000.00, 647000.00, 'DEPOT du compte IMF103 Client: Irenge Baguma par Ashuza', '2025-07-01 17:20:20', '2025-07-01 17:20:20'),
(1188, 18, NULL, 9, NULL, 'dépôt', 'CDF', 25000.00, 250000.00, 'DEPOT dans votre compte IMF103 Client: Irenge Baguma par Ashuza', '2025-07-01 17:20:20', '2025-07-01 17:20:20'),
(1189, 160, NULL, 20, NULL, 'dépôt', 'CDF', 20000.00, 667000.00, 'DEPOT du compte IMF175 Client: JEAN  BRAYANNE par Ashuza', '2025-07-01 17:21:53', '2025-07-01 17:21:53'),
(1190, 160, NULL, 82, NULL, 'dépôt', 'CDF', 20000.00, 120000.00, 'DEPOT dans votre compte IMF175 Client: JEAN  BRAYANNE par Ashuza', '2025-07-01 17:21:53', '2025-07-01 17:21:53'),
(1191, 142, NULL, 20, NULL, 'dépôt', 'CDF', 5000.00, 672000.00, 'DEPOT du compte IMF166 Client: MURHULA  BALAGIZI  par Ashuza', '2025-07-01 17:22:22', '2025-07-01 17:22:22'),
(1192, 142, NULL, 73, NULL, 'dépôt', 'CDF', 5000.00, 65000.00, 'DEPOT dans votre compte IMF166 Client: MURHULA  BALAGIZI  par Ashuza', '2025-07-01 17:22:22', '2025-07-01 17:22:22'),
(1193, 222, NULL, 20, NULL, 'dépôt', 'CDF', 5000.00, 677000.00, 'DEPOT du compte IMF209 Client: NZIGIRE MIHIGO par Ashuza', '2025-07-01 17:42:49', '2025-07-01 17:42:49'),
(1194, 222, NULL, 117, NULL, 'dépôt', 'CDF', 5000.00, 20000.00, 'DEPOT dans votre compte IMF209 Client: NZIGIRE MIHIGO par Ashuza', '2025-07-01 17:42:49', '2025-07-01 17:42:49'),
(1195, 222, NULL, 20, NULL, 'dépôt', 'CDF', 5000.00, 682000.00, 'DEPOT du compte IMF209 Client: NZIGIRE MIHIGO par Ashuza', '2025-07-01 17:43:36', '2025-07-01 17:43:36'),
(1196, 222, NULL, 117, NULL, 'dépôt', 'CDF', 5000.00, 25000.00, 'DEPOT dans votre compte IMF209 Client: NZIGIRE MIHIGO par Ashuza', '2025-07-01 17:43:36', '2025-07-01 17:43:36'),
(1197, 174, NULL, 20, NULL, 'dépôt', 'CDF', 10000.00, 692000.00, 'DEPOT du compte IMF182 Client: Mungu akonkwa  Aimedo par Ashuza', '2025-07-01 17:45:21', '2025-07-01 17:45:21'),
(1198, 174, NULL, 89, NULL, 'dépôt', 'CDF', 10000.00, 60000.00, 'DEPOT dans votre compte IMF182 Client: Mungu akonkwa  Aimedo par Ashuza', '2025-07-01 17:45:21', '2025-07-01 17:45:21'),
(1199, 78, NULL, 20, NULL, 'dépôt', 'CDF', 10000.00, 702000.00, 'DEPOT du compte IMF134 Client: SAFARI MASHIMANGO par Ashuza', '2025-07-01 17:46:08', '2025-07-01 17:46:08'),
(1200, 78, NULL, 41, NULL, 'dépôt', 'CDF', 10000.00, 230000.00, 'DEPOT dans votre compte IMF134 Client: SAFARI MASHIMANGO par Ashuza', '2025-07-01 17:46:08', '2025-07-01 17:46:08'),
(1201, NULL, 12, 21, NULL, 'vente_carte_adhesion', 'CDF', 1000.00, 2000.00, 'Vente de carte à Borauzima - Montant: 1000 CDF', '2025-07-01 17:57:27', '2025-07-01 17:57:27'),
(1202, NULL, 13, 97, NULL, 'vente_carte_adhesion', 'CDF', 1000.00, 20000.00, 'Vente de carte à Borauzima - Montant: 1000 CDF', '2025-07-01 17:57:27', '2025-07-01 17:57:27'),
(1203, NULL, 12, 21, NULL, 'vente_carte_adhesion', 'CDF', 1000.00, 3000.00, 'Vente de carte à Esther  - Montant: 1000 CDF', '2025-07-01 17:58:30', '2025-07-01 17:58:30'),
(1204, NULL, 13, 97, NULL, 'vente_carte_adhesion', 'CDF', 1000.00, 21000.00, 'Vente de carte à Esther  - Montant: 1000 CDF', '2025-07-01 17:58:30', '2025-07-01 17:58:30'),
(1205, NULL, 12, 21, NULL, 'vente_carte_adhesion', 'CDF', 1000.00, 4000.00, 'Vente de carte à Rita - Montant: 1000 CDF', '2025-07-01 17:59:24', '2025-07-01 17:59:24'),
(1206, NULL, 13, 97, NULL, 'vente_carte_adhesion', 'CDF', 1000.00, 22000.00, 'Vente de carte à Rita - Montant: 1000 CDF', '2025-07-01 17:59:24', '2025-07-01 17:59:24'),
(1207, 78, NULL, 20, NULL, 'dépôt', 'CDF', 10000.00, 712000.00, 'DEPOT du compte IMF134 Client: SAFARI MASHIMANGO par Ashuza', '2025-07-01 18:00:31', '2025-07-01 18:00:31'),
(1208, 78, NULL, 41, NULL, 'dépôt', 'CDF', 10000.00, 240000.00, 'DEPOT dans votre compte IMF134 Client: SAFARI MASHIMANGO par Ashuza', '2025-07-01 18:00:31', '2025-07-01 18:00:31'),
(1209, 78, NULL, 20, NULL, 'dépôt', 'CDF', 10000.00, 722000.00, 'DEPOT du compte IMF134 Client: SAFARI MASHIMANGO par Ashuza', '2025-07-01 18:00:40', '2025-07-01 18:00:40'),
(1210, 78, NULL, 41, NULL, 'dépôt', 'CDF', 10000.00, 250000.00, 'DEPOT dans votre compte IMF134 Client: SAFARI MASHIMANGO par Ashuza', '2025-07-01 18:00:40', '2025-07-01 18:00:40'),
(1211, 78, NULL, 20, NULL, 'dépôt', 'CDF', 10000.00, 732000.00, 'DEPOT du compte IMF134 Client: SAFARI MASHIMANGO par Ashuza', '2025-07-01 18:00:49', '2025-07-01 18:00:49'),
(1212, 78, NULL, 41, NULL, 'dépôt', 'CDF', 10000.00, 260000.00, 'DEPOT dans votre compte IMF134 Client: SAFARI MASHIMANGO par Ashuza', '2025-07-01 18:00:49', '2025-07-01 18:00:49'),
(1217, 20, NULL, 20, NULL, 'dépôt', 'CDF', 20000.00, 752000.00, 'DEPOT du compte IMF104 Client: Aga Bacibone par Ashuza', '2025-07-01 18:27:40', '2025-07-01 18:27:40'),
(1218, 20, NULL, 10, NULL, 'dépôt', 'CDF', 20000.00, 200000.00, 'DEPOT dans votre compte IMF104 Client: Aga Bacibone par Ashuza', '2025-07-01 18:27:40', '2025-07-01 18:27:40'),
(1219, 174, NULL, 20, NULL, 'dépôt', 'CDF', 10000.00, 762000.00, 'DEPOT du compte IMF182 Client: Mungu akonkwa  Aimedo par Ashuza', '2025-07-01 18:28:22', '2025-07-01 18:28:22'),
(1220, 174, NULL, 89, NULL, 'dépôt', 'CDF', 10000.00, 70000.00, 'DEPOT dans votre compte IMF182 Client: Mungu akonkwa  Aimedo par Ashuza', '2025-07-01 18:28:22', '2025-07-01 18:28:22'),
(1221, 166, NULL, 20, NULL, 'dépôt', 'CDF', 3000.00, 765000.00, 'DEPOT du compte IMF178 Client: Kabika Zirhalirwa  par Ashuza', '2025-07-01 18:32:51', '2025-07-01 18:32:51'),
(1222, 166, NULL, 85, NULL, 'dépôt', 'CDF', 3000.00, 15000.00, 'DEPOT dans votre compte IMF178 Client: Kabika Zirhalirwa  par Ashuza', '2025-07-01 18:32:51', '2025-07-01 18:32:51'),
(1223, 166, NULL, 20, NULL, 'dépôt', 'CDF', 3000.00, 768000.00, 'DEPOT du compte IMF178 Client: Kabika Zirhalirwa  par Ashuza', '2025-07-01 18:32:59', '2025-07-01 18:32:59'),
(1224, 166, NULL, 85, NULL, 'dépôt', 'CDF', 3000.00, 18000.00, 'DEPOT dans votre compte IMF178 Client: Kabika Zirhalirwa  par Ashuza', '2025-07-01 18:32:59', '2025-07-01 18:32:59'),
(1227, NULL, NULL, 1, NULL, 'dépôt', 'CDF', 100000.00, 100000.00, 'DEPOT du compte IMF230 Client: AAAAA Natus ut eligendi eo par Admin', '2025-07-15 08:23:14', '2025-07-15 08:23:14'),
(1228, 488, NULL, 138, NULL, 'dépôt', 'CDF', 100000.00, 100000.00, 'DEPOT dans votre compte IMF230 Client: AAAAA Natus ut eligendi eo par Admin', '2025-07-15 08:23:14', '2025-07-15 08:23:14'),
(1229, 32, NULL, 1, NULL, 'retrait', 'CDF', 90000.00, 0.00, 'RETRAIT du compte IMF230 Client: AAAAA Natus ut eligendi eo Retenu de 10000 CDF par Admin', '2025-07-15 08:27:46', '2025-07-15 08:27:46'),
(1230, 488, NULL, 138, NULL, 'retrait', 'CDF', 90000.00, 0.00, 'RETRAIT dans votre compte IMF230 Client: AAAAA Natus ut eligendi eo Retenu de 10000 CDF par Admin', '2025-07-15 08:27:46', '2025-07-15 08:27:46'),
(1231, 32, NULL, 1, NULL, 'depot', 'CDF', 10000.00, 190000.00, 'Entree Retenu du compte IMF230 Client: AAAAA Natus ut eligendi eo par Admin', '2025-07-15 08:27:46', '2025-07-15 08:27:46'),
(1232, NULL, NULL, 1, NULL, 'dépôt', 'USD', 100.00, 100.00, 'DEPOT du compte IMF230 Client: AAAAA Natus ut eligendi eo par Admin', '2025-07-15 08:32:41', '2025-07-15 08:32:41'),
(1233, 487, NULL, 138, NULL, 'dépôt', 'USD', 100.00, 100.00, 'DEPOT dans votre compte IMF230 Client: AAAAA Natus ut eligendi eo par Admin', '2025-07-15 08:32:41', '2025-07-15 08:32:41'),
(1234, 33, NULL, 1, NULL, 'retrait', 'USD', 90.00, 0.00, 'RETRAIT du compte IMF230 Client: AAAAA Natus ut eligendi eo Retenu de 10 USD par Admin', '2025-07-15 08:33:19', '2025-07-15 08:33:19'),
(1235, 487, NULL, 138, NULL, 'retrait', 'USD', 90.00, 0.00, 'RETRAIT dans votre compte IMF230 Client: AAAAA Natus ut eligendi eo Retenu de 10 USD par Admin', '2025-07-15 08:33:19', '2025-07-15 08:33:19'),
(1236, 33, NULL, 1, NULL, 'depot', 'USD', 10.00, 110.00, 'Entree Retenu du compte IMF230 Client: AAAAA Natus ut eligendi eo par Admin', '2025-07-15 08:33:19', '2025-07-15 08:33:19'),
(1237, NULL, NULL, 1, NULL, 'dépôt', 'USD', 100.00, 210.00, 'DEPOT du compte IMF230 Client: AAAAA Natus ut eligendi eo par Admin', '2025-07-15 09:51:03', '2025-07-15 09:51:03'),
(1238, 487, NULL, 138, NULL, 'dépôt', 'USD', 100.00, 100.00, 'DEPOT dans votre compte IMF230 Client: AAAAA Natus ut eligendi eo par Admin', '2025-07-15 09:51:03', '2025-07-15 09:51:03'),
(1239, 33, NULL, 1, NULL, 'retrait', 'USD', 90.00, 0.00, 'RETRAIT du compte IMF230 Client: AAAAA Natus ut eligendi eo Retenu de 10 USD par Admin', '2025-07-15 09:52:18', '2025-07-15 09:52:18'),
(1240, 487, NULL, 138, NULL, 'retrait', 'USD', 90.00, 0.00, 'RETRAIT dans votre compte IMF230 Client: AAAAA Natus ut eligendi eo Retenu de 10 USD par Admin', '2025-07-15 09:52:18', '2025-07-15 09:52:18'),
(1241, 1, NULL, 2, NULL, 'depot', 'USD', 10.00, 10.00, 'Entree Retenu du compte IMF230 Client: AAAAA Natus ut eligendi eo par Admin', '2025-07-15 09:52:18', '2025-07-15 09:52:18'),
(1242, NULL, NULL, 1, NULL, 'dépôt', 'CDF', 100000.00, 290000.00, 'DEPOT du compte IMF230 Client: AAAAA Natus ut eligendi eo par Admin', '2025-07-15 09:55:24', '2025-07-15 09:55:24'),
(1243, 488, NULL, 138, NULL, 'dépôt', 'CDF', 100000.00, 100000.00, 'DEPOT dans votre compte IMF230 Client: AAAAA Natus ut eligendi eo par Admin', '2025-07-15 09:55:24', '2025-07-15 09:55:24'),
(1244, 32, NULL, 1, NULL, 'retrait', 'CDF', 90000.00, 0.00, 'RETRAIT du compte IMF230 Client: AAAAA Natus ut eligendi eo Retenu de 10000 CDF par Admin', '2025-07-15 09:56:24', '2025-07-15 09:56:24'),
(1245, 488, NULL, 138, NULL, 'retrait', 'CDF', 90000.00, 0.00, 'RETRAIT dans votre compte IMF230 Client: AAAAA Natus ut eligendi eo Retenu de 10000 CDF par Admin', '2025-07-15 09:56:24', '2025-07-15 09:56:24'),
(1246, 2, NULL, 2, NULL, 'depot', 'CDF', 10000.00, 310000.00, 'Entree Retenu du compte IMF230 Client: AAAAA Natus ut eligendi eo par Admin', '2025-07-15 09:56:24', '2025-07-15 09:56:24'),
(1247, NULL, 32, 1, NULL, 'vente_carte_adhesion', 'CDF', 1000.00, 201000.00, 'Vente de carte à AAAAA - Montant: 1000 CDF', '2025-07-15 10:34:24', '2025-07-15 10:34:24'),
(1248, NULL, 13, 97, NULL, 'vente_carte_adhesion', 'CDF', 1000.00, 23000.00, 'Vente de carte à AAAAA - Montant: 1000 CDF', '2025-07-15 10:34:24', '2025-07-15 10:34:24'),
(1249, NULL, NULL, 1, NULL, 'mise_quotidienne', 'CDF', 310000.00, 511000.00, 'Paiement groupé de 31 mises sur la carte #25\n                                pour le client: AAAAA Natus ut eligendi eo par Admin', '2025-07-15 10:36:09', '2025-07-15 10:36:09'),
(1250, 488, NULL, 138, NULL, 'mise_quotidienne', 'CDF', 310000.00, 310000.00, 'Paiement groupé de 31 mises sur la carte #25\n                                pour le client: AAAAA Natus ut eligendi eo par Admin', '2025-07-15 10:36:09', '2025-07-15 10:36:09'),
(1251, 488, NULL, 138, NULL, 'retrait_carte_adhesion', 'CDF', 300000.00, 0.00, 'Retrait carnet #25 IMF230 AAAAA Natus ut eligendi eo Retenu de 10000.00 CDF par Admin', '2025-07-15 10:37:33', '2025-07-15 10:37:33'),
(1252, 32, NULL, 1, NULL, 'retrait_carte_adhesion', 'CDF', 300000.00, 211000.00, 'Retrait carnet #25  Client: IMF230 AAAAA Natus ut eligendi eo Retenu de 10000.00 CDF par Admin', '2025-07-15 10:37:33', '2025-07-15 10:37:33'),
(1253, 2, NULL, 1, NULL, 'depot', 'CDF', 10000.00, 320000.00, 'Entree Retenu de la carte #25 du compte IMF230 Client: AAAAA Natus ut eligendi eo par Admin', '2025-07-15 10:37:33', '2025-07-15 10:37:33'),
(1254, NULL, 32, 1, NULL, 'vente_carte_adhesion', 'CDF', 1000.00, 212000.00, 'Vente de carte à AAAAA - Montant: 1000 CDF', '2025-07-15 11:06:46', '2025-07-15 11:06:46');
INSERT INTO `transactions` (`id`, `account_id`, `agent_account_id`, `user_id`, `credit_id`, `type`, `currency`, `amount`, `balance_after`, `description`, `created_at`, `updated_at`) VALUES
(1255, NULL, 13, 97, NULL, 'vente_carte_adhesion', 'CDF', 1000.00, 24000.00, 'Vente de carte à AAAAA - Montant: 1000 CDF', '2025-07-15 11:06:46', '2025-07-15 11:06:46'),
(1256, NULL, NULL, 1, NULL, 'mise_quotidienne', 'CDF', 200000.00, 412000.00, 'Paiement groupé de 20 mises sur la carte #26\n                                pour le client: AAAAA Natus ut eligendi eo par Admin', '2025-07-15 11:08:36', '2025-07-15 11:08:36'),
(1257, 488, NULL, 138, NULL, 'mise_quotidienne', 'CDF', 200000.00, 200000.00, 'Paiement groupé de 20 mises sur la carte #26\n                                pour le client: AAAAA Natus ut eligendi eo par Admin', '2025-07-15 11:08:36', '2025-07-15 11:08:36'),
(1258, 488, NULL, 138, NULL, 'retrait_carte_adhesion', 'CDF', 190000.00, 0.00, 'Retrait carnet #26 IMF230 AAAAA Natus ut eligendi eo Retenu de 10000.00 CDF par Admin', '2025-07-15 11:09:04', '2025-07-15 11:09:04'),
(1259, 32, NULL, 1, NULL, 'retrait_carte_adhesion', 'CDF', 190000.00, 222000.00, 'Retrait carnet #26  Client: IMF230 AAAAA Natus ut eligendi eo Retenu de 10000.00 CDF par Admin', '2025-07-15 11:09:04', '2025-07-15 11:09:04'),
(1260, 2, NULL, 1, NULL, 'depot', 'CDF', 10000.00, 330000.00, 'Entree Retenu de la carte #26 du compte IMF230 Client: AAAAA Natus ut eligendi eo par Admin', '2025-07-15 11:09:04', '2025-07-15 11:09:04'),
(1261, NULL, NULL, 1, NULL, 'dépôt', 'USD', 45.00, 165.00, 'DEPOT du compte IMF230 Client: AAAAA Natus ut eligendi eo par Admin', '2025-07-15 15:35:49', '2025-07-15 15:35:49'),
(1262, 487, NULL, 138, NULL, 'dépôt', 'USD', 45.00, 45.00, 'DEPOT dans votre compte IMF230 Client: AAAAA Natus ut eligendi eo par Admin', '2025-07-15 15:35:49', '2025-07-15 15:35:49'),
(1263, 487, NULL, 138, NULL, 'octroi_de_credit', 'USD', 500.00, 520.00, 'Crédit octroyé à AAAAA Natus ut eligendi eo', '2025-07-15 15:56:08', '2025-07-15 15:56:08'),
(1264, NULL, NULL, 1, NULL, 'octroi_de_credit_client', 'USD', 500.00, 500.00, 'Crédit octroyé à AAAAA Natus ut eligendi eo', '2025-07-15 15:56:08', '2025-07-15 15:56:08'),
(1265, NULL, 14, 94, NULL, 'commission_credit', 'USD', 100.00, 150.00, 'Frais de commission du dossier du credit #33 - Montant: 100 USD octroyé à AAAAA Natus ut eligendi eo', '2025-07-15 15:56:08', '2025-07-15 15:56:08'),
(1266, NULL, 1, 2, NULL, 'frais_credit_pour_retrait', 'USD', 500.00, 510.00, 'Frais à retirer du dossier du credit #33 - Montant: 500 USD du client AAAAA Natus ut eligendi eo', '2025-07-15 15:56:08', '2025-07-15 15:56:08'),
(1267, NULL, NULL, 1, NULL, 'dépôt', 'CDF', 20000.00, 242000.00, 'DEPOT du compte IMF194 Client: NAOMIE CIZA par Admin', '2025-07-17 16:49:51', '2025-07-17 16:49:51'),
(1268, 192, NULL, 102, NULL, 'dépôt', 'CDF', 20000.00, 55000.00, 'DEPOT dans votre compte IMF194 Client: NAOMIE CIZA par Admin', '2025-07-17 16:49:51', '2025-07-17 16:49:51'),
(1269, NULL, NULL, 1, NULL, 'dépôt', 'CDF', 5000.00, 247000.00, 'DEPOT du compte IMF194 Client: NAOMIE CIZA par Admin', '2025-07-17 16:50:25', '2025-07-17 16:50:25'),
(1270, 192, NULL, 102, NULL, 'dépôt', 'CDF', 5000.00, 60000.00, 'DEPOT dans votre compte IMF194 Client: NAOMIE CIZA par Admin', '2025-07-17 16:50:25', '2025-07-17 16:50:25'),
(1271, NULL, NULL, 1, NULL, 'dépôt', 'CDF', 5000.00, 252000.00, 'DEPOT du compte IMF194 Client: NAOMIE CIZA par Admin', '2025-07-17 16:53:18', '2025-07-17 16:53:18'),
(1272, 192, NULL, 102, NULL, 'dépôt', 'CDF', 5000.00, 65000.00, 'DEPOT dans votre compte IMF194 Client: NAOMIE CIZA par Admin', '2025-07-17 16:53:18', '2025-07-17 16:53:18'),
(1273, NULL, NULL, 1, NULL, 'dépôt', 'CDF', 5000.00, 257000.00, 'DEPOT du compte IMF194 Client: NAOMIE CIZA par Admin', '2025-07-17 17:04:49', '2025-07-17 17:04:49'),
(1274, 192, NULL, 102, NULL, 'dépôt', 'CDF', 5000.00, 70000.00, 'DEPOT dans votre compte IMF194 Client: NAOMIE CIZA par Admin', '2025-07-17 17:04:49', '2025-07-17 17:04:49'),
(1275, NULL, NULL, 1, NULL, 'dépôt', 'CDF', 5000.00, 262000.00, 'DEPOT du compte IMF194 Client: NAOMIE CIZA par Admin', '2025-07-17 17:05:55', '2025-07-17 17:05:55'),
(1276, 192, NULL, 102, NULL, 'dépôt', 'CDF', 5000.00, 75000.00, 'DEPOT dans votre compte IMF194 Client: NAOMIE CIZA par Admin', '2025-07-17 17:05:55', '2025-07-17 17:05:55'),
(1277, NULL, NULL, 1, NULL, 'dépôt', 'CDF', 5000.00, 267000.00, 'DEPOT du compte IMF194 Client: NAOMIE CIZA par Admin', '2025-07-17 17:08:55', '2025-07-17 17:08:55'),
(1278, 192, NULL, 102, NULL, 'dépôt', 'CDF', 5000.00, 80000.00, 'DEPOT dans votre compte IMF194 Client: NAOMIE CIZA par Admin', '2025-07-17 17:08:55', '2025-07-17 17:08:55'),
(1279, NULL, NULL, 1, NULL, 'dépôt', 'CDF', 5000.00, 272000.00, 'DEPOT du compte IMF194 Client: NAOMIE CIZA par Admin', '2025-07-17 17:10:49', '2025-07-17 17:10:49'),
(1280, 192, NULL, 102, NULL, 'dépôt', 'CDF', 5000.00, 85000.00, 'DEPOT dans votre compte IMF194 Client: NAOMIE CIZA par Admin', '2025-07-17 17:10:49', '2025-07-17 17:10:49'),
(1281, NULL, NULL, 1, NULL, 'dépôt', 'CDF', 100000.00, 372000.00, 'DEPOT du compte IMF194 Client: NAOMIE CIZA par Admin', '2025-07-17 17:41:31', '2025-07-17 17:41:31'),
(1282, 192, NULL, 102, NULL, 'dépôt', 'CDF', 100000.00, 185000.00, 'DEPOT dans votre compte IMF194 Client: NAOMIE CIZA par Admin', '2025-07-17 17:41:31', '2025-07-17 17:41:31'),
(1283, 32, NULL, 1, NULL, 'retrait', 'CDF', 10000.00, 175000.00, 'RETRAIT du compte IMF194 Client: NAOMIE CIZA Retenu de 0 CDF par Admin', '2025-07-17 17:47:28', '2025-07-17 17:47:28'),
(1284, 192, NULL, 102, NULL, 'retrait', 'CDF', 10000.00, 175000.00, 'RETRAIT dans votre compte IMF194 Client: NAOMIE CIZA Retenu de 0 CDF par Admin', '2025-07-17 17:47:28', '2025-07-17 17:47:28'),
(1285, 2, NULL, 2, NULL, 'depot', 'CDF', 0.00, 330000.00, 'Entree Retenu du compte IMF194 Client: NAOMIE CIZA par Admin', '2025-07-17 17:47:28', '2025-07-17 17:47:28'),
(1286, 2, NULL, 2, NULL, 'retrait', 'CDF', 11000.00, 0.00, 'RETRAIT du compte IMF157 Client: KANGOME KIBALI Retenu de 1000 CDF par Caissier', '2025-07-18 11:34:43', '2025-07-18 11:34:43'),
(1287, 124, NULL, 64, NULL, 'retrait', 'CDF', 11000.00, 0.00, 'RETRAIT dans votre compte IMF157 Client: KANGOME KIBALI Retenu de 1000 CDF par Caissier', '2025-07-18 11:34:43', '2025-07-18 11:34:43'),
(1288, 2, NULL, 2, NULL, 'depot', 'CDF', 1000.00, 331000.00, 'Entree Retenu du compte IMF157 Client: KANGOME KIBALI par Caissier', '2025-07-18 11:34:44', '2025-07-18 11:34:44');

-- --------------------------------------------------------

--
-- Structure de la table `transferts`
--

CREATE TABLE `transferts` (
  `id` bigint UNSIGNED NOT NULL,
  `from_agent_account_id` bigint UNSIGNED NOT NULL,
  `to_main_cash_register_id` bigint UNSIGNED NOT NULL,
  `currency` varchar(255) COLLATE utf8mb4_unicode_ci NOT NULL,
  `amount` decimal(15,2) NOT NULL,
  `created_at` timestamp NULL DEFAULT NULL,
  `updated_at` timestamp NULL DEFAULT NULL
) ENGINE=InnoDB DEFAULT CHARSET=utf8mb4 COLLATE=utf8mb4_unicode_ci;

--
-- Déchargement des données de la table `transferts`
--

INSERT INTO `transferts` (`id`, `from_agent_account_id`, `to_main_cash_register_id`, `currency`, `amount`, `created_at`, `updated_at`) VALUES
(1, 8, 2, 'CDF', 55000.00, '2025-06-16 18:03:53', '2025-06-16 18:03:53'),
(2, 2, 2, 'CDF', 122000.00, '2025-06-17 19:17:15', '2025-06-17 19:17:15'),
(3, 1, 1, 'USD', 20.00, '2025-06-18 17:31:00', '2025-06-18 17:31:00'),
(4, 2, 2, 'CDF', 203000.00, '2025-06-18 17:32:10', '2025-06-18 17:32:10'),
(5, 2, 2, 'CDF', 209000.00, '2025-06-18 19:08:19', '2025-06-18 19:08:19'),
(6, 1, 1, 'USD', 10.00, '2025-06-18 19:08:42', '2025-06-18 19:08:42'),
(7, 2, 2, 'CDF', 133.00, '2025-06-19 18:09:45', '2025-06-19 18:09:45'),
(8, 2, 2, 'CDF', 132867.00, '2025-06-19 19:28:51', '2025-06-19 19:28:51'),
(9, 2, 2, 'CDF', 280000.00, '2025-06-19 19:52:14', '2025-06-19 19:52:14'),
(11, 1, 1, 'USD', 20.00, '2025-06-19 19:53:10', '2025-06-19 19:53:10'),
(12, 2, 2, 'CDF', 106000.00, '2025-06-20 18:08:18', '2025-06-20 18:08:18'),
(13, 2, 2, 'CDF', 299000.00, '2025-06-20 19:16:39', '2025-06-20 19:16:39'),
(14, 1, 1, 'USD', 20.00, '2025-06-20 19:17:07', '2025-06-20 19:17:07'),
(15, 2, 2, 'CDF', 49000.00, '2025-06-21 13:15:03', '2025-06-21 13:15:03'),
(16, 2, 2, 'CDF', 110000.00, '2025-06-26 12:10:46', '2025-06-26 12:10:46'),
(17, 8, 2, 'CDF', 2336000.00, '2025-06-27 14:37:05', '2025-06-27 14:37:05'),
(18, 11, 1, 'USD', 80.00, '2025-06-27 14:37:37', '2025-06-27 14:37:37'),
(19, 11, 1, 'USD', 20.00, '2025-06-27 19:21:09', '2025-06-27 19:21:09'),
(20, 8, 2, 'CDF', 583000.00, '2025-06-27 19:21:52', '2025-06-27 19:21:52'),
(21, 11, 1, 'USD', 20.00, '2025-06-28 20:17:04', '2025-06-28 20:17:04'),
(22, 8, 2, 'CDF', 376000.00, '2025-06-28 20:17:50', '2025-06-28 20:17:50'),
(23, 2, 2, 'CDF', 917000.00, '2025-07-01 15:31:24', '2025-07-01 15:31:24'),
(24, 1, 1, 'USD', 50.00, '2025-07-01 15:35:07', '2025-07-01 15:35:07'),
(25, 2, 2, 'CDF', 54000.00, '2025-07-01 15:54:59', '2025-07-01 15:54:59'),
(26, 12, 2, 'CDF', 14000.00, '2025-07-01 16:04:42', '2025-07-01 16:04:42');

-- --------------------------------------------------------

--
-- Structure de la table `users`
--

CREATE TABLE `users` (
  `id` bigint UNSIGNED NOT NULL,
  `code` varchar(255) COLLATE utf8mb4_unicode_ci DEFAULT NULL,
  `name` varchar(255) COLLATE utf8mb4_unicode_ci NOT NULL,
  `postnom` varchar(255) COLLATE utf8mb4_unicode_ci NOT NULL,
  `prenom` varchar(255) COLLATE utf8mb4_unicode_ci DEFAULT NULL,
  `sexe` enum('Masculin','Féminin') COLLATE utf8mb4_unicode_ci DEFAULT NULL,
  `date_naissance` date NOT NULL,
  `lieu_naissance` varchar(255) COLLATE utf8mb4_unicode_ci DEFAULT NULL,
  `telephone` varchar(255) COLLATE utf8mb4_unicode_ci NOT NULL,
  `adresse_physique` text COLLATE utf8mb4_unicode_ci,
  `province` varchar(255) COLLATE utf8mb4_unicode_ci DEFAULT NULL,
  `ville` varchar(255) COLLATE utf8mb4_unicode_ci DEFAULT NULL,
  `commune` varchar(255) COLLATE utf8mb4_unicode_ci DEFAULT NULL,
  `quartier` varchar(255) COLLATE utf8mb4_unicode_ci DEFAULT NULL,
  `profession` varchar(255) COLLATE utf8mb4_unicode_ci DEFAULT NULL,
  `type_piece` varchar(255) COLLATE utf8mb4_unicode_ci DEFAULT NULL,
  `numero_piece` varchar(255) COLLATE utf8mb4_unicode_ci DEFAULT NULL,
  `date_expiration_piece` date DEFAULT NULL,
  `etat_civil` enum('célibataire','marié','divorcé','veuf') COLLATE utf8mb4_unicode_ci DEFAULT NULL,
  `nombre_dependants` int DEFAULT NULL,
  `revenu_mensuel` decimal(15,2) DEFAULT NULL,
  `source_revenu` varchar(255) COLLATE utf8mb4_unicode_ci DEFAULT NULL,
  `nom_employeur` varchar(255) COLLATE utf8mb4_unicode_ci DEFAULT NULL,
  `nom_conjoint` varchar(255) COLLATE utf8mb4_unicode_ci DEFAULT NULL,
  `telephone_conjoint` varchar(255) COLLATE utf8mb4_unicode_ci DEFAULT NULL,
  `nom_reference` varchar(255) COLLATE utf8mb4_unicode_ci DEFAULT NULL,
  `telephone_reference` varchar(255) COLLATE utf8mb4_unicode_ci DEFAULT NULL,
  `lien_reference` varchar(255) COLLATE utf8mb4_unicode_ci DEFAULT NULL,
  `photo_profil` varchar(255) COLLATE utf8mb4_unicode_ci DEFAULT NULL,
  `scan_piece` varchar(255) COLLATE utf8mb4_unicode_ci DEFAULT NULL,
  `date_adhesion` date DEFAULT NULL,
  `nationalite` varchar(255) COLLATE utf8mb4_unicode_ci DEFAULT NULL,
  `niveau_etude` varchar(255) COLLATE utf8mb4_unicode_ci DEFAULT NULL,
  `remarque` text COLLATE utf8mb4_unicode_ci,
  `email` varchar(255) COLLATE utf8mb4_unicode_ci NOT NULL,
  `email_verified_at` timestamp NULL DEFAULT NULL,
  `password` varchar(255) COLLATE utf8mb4_unicode_ci NOT NULL,
  `role` enum('admin','caissier','recouvreur','comptable','receptionniste','membre') COLLATE utf8mb4_unicode_ci NOT NULL DEFAULT 'membre',
  `status` tinyint(1) NOT NULL DEFAULT '0',
  `remember_token` varchar(100) COLLATE utf8mb4_unicode_ci DEFAULT NULL,
  `created_at` timestamp NULL DEFAULT NULL,
  `updated_at` timestamp NULL DEFAULT NULL
) ENGINE=InnoDB DEFAULT CHARSET=utf8mb4 COLLATE=utf8mb4_unicode_ci;

--
-- Déchargement des données de la table `users`
--

INSERT INTO `users` (`id`, `code`, `name`, `postnom`, `prenom`, `sexe`, `date_naissance`, `lieu_naissance`, `telephone`, `adresse_physique`, `province`, `ville`, `commune`, `quartier`, `profession`, `type_piece`, `numero_piece`, `date_expiration_piece`, `etat_civil`, `nombre_dependants`, `revenu_mensuel`, `source_revenu`, `nom_employeur`, `nom_conjoint`, `telephone_conjoint`, `nom_reference`, `telephone_reference`, `lien_reference`, `photo_profil`, `scan_piece`, `date_adhesion`, `nationalite`, `niveau_etude`, `remarque`, `email`, `email_verified_at`, `password`, `role`, `status`, `remember_token`, `created_at`, `updated_at`) VALUES
(1, 'IMF100', 'Admin', 'Administration', NULL, NULL, '1980-12-28', NULL, '+243900999999', 'Bukavu/Ibanda/Ndendere/av Poste 1', NULL, NULL, NULL, NULL, 'Sales Representative', NULL, NULL, NULL, NULL, NULL, NULL, NULL, NULL, NULL, NULL, NULL, NULL, NULL, NULL, NULL, NULL, NULL, NULL, NULL, 'admin@amb.com', '2025-05-30 23:09:31', '$2y$12$eI23RG5wHW9OvlVBd.ecdu8UkB9O87Kd1nmRKyq0ooFQSOGl57Foa', 'membre', 1, 'zBqKyCT04TWkl3VkakSG4RutZwERp6XcpL4UjjHTqcV0P5B1xZquXoJgE6KW', '2025-05-30 23:09:31', '2025-07-01 13:50:50'),
(2, 'IMF101', 'Caissier', 'Finance', NULL, NULL, '1997-05-16', NULL, '+243987645364', '701 Durgan Mall Suite 026\nNorth Brielleville, NJ 45289-8075', NULL, NULL, NULL, NULL, 'Anthropology Teacher', NULL, NULL, NULL, NULL, NULL, NULL, NULL, NULL, NULL, NULL, NULL, NULL, NULL, NULL, NULL, NULL, NULL, NULL, NULL, 'caissier@amb.com', '2025-05-30 23:09:32', '$2y$12$VCNaftJqJ/WwKXoICmVOz.6AHqxilwn63oK8vFLjmeR281utP/VVy', 'membre', 1, 'KRJqExUY9xAzjQ6buwVXeHaFbdNJkSnBFQgelx1dgNibtcd2UuvdzsVofjzj', '2025-05-30 23:09:32', '2025-07-01 14:02:58'),
(3, 'IMF102', 'Comptable', 'Comptabilité', NULL, NULL, '1989-08-26', NULL, '(971) 307-4453', '730 Aimee Heights Apt. 010\nLockmanside, NH 94870-2279', NULL, NULL, NULL, NULL, 'Numerical Tool Programmer OR Process Control Programmer', NULL, NULL, NULL, NULL, NULL, NULL, NULL, NULL, NULL, NULL, NULL, NULL, NULL, NULL, NULL, NULL, NULL, NULL, NULL, 'comptable@amb.com', '2025-05-30 23:09:32', '$2y$12$VCNaftJqJ/WwKXoICmVOz.6AHqxilwn63oK8vFLjmeR281utP/VVy', 'comptable', 1, 'zWa0h1PJ4w9PX9Fc5IuPd6KSbW5r1Yxi4dEUrbEyBgo9r5f0RcECMl5TVQRm', '2025-05-30 23:09:33', '2025-05-30 23:09:33'),
(9, 'IMF103', 'Irenge', 'Baguma', 'Norber', NULL, '2025-05-31', NULL, '+243975391220', 'Irambo isgea', NULL, NULL, NULL, NULL, 'Agri', NULL, NULL, NULL, NULL, NULL, NULL, NULL, NULL, NULL, NULL, NULL, NULL, NULL, NULL, NULL, NULL, NULL, NULL, NULL, 'irenge@gmail.com', NULL, '$2y$12$x.frq9TufzPeFCqCAbyxpeTo/yJnYeOUW1T.sDhhnNa3NmJlQrcP2', 'membre', 1, NULL, '2025-05-31 09:01:33', '2025-05-31 09:01:33'),
(10, 'IMF104', 'Aga', 'Bacibone', 'Patrick ', NULL, '2026-02-18', NULL, '+243975850661', 'Nyawera', NULL, NULL, NULL, NULL, 'Vendeur ', NULL, NULL, NULL, NULL, NULL, NULL, NULL, NULL, NULL, NULL, NULL, NULL, NULL, NULL, NULL, NULL, NULL, NULL, NULL, 'www.baciboneaganze@gmail.com', NULL, '$2y$12$OfhBpJ3/8oBIex65/bwxTOIW3xkA1kbXO4/pEq58wIsm7Nd6I.DOG', 'membre', 1, 'sj3D0k5gidCoqYnqwG2LKLA8cLd06Idp4j5kKnxRfyyREZLiMEquaaiwTo2i', '2025-05-31 18:03:34', '2025-05-31 18:03:34'),
(12, 'IMF106', 'Cito', 'Bisimwa', 'Luc', NULL, '2025-03-21', NULL, '+243992576766', 'Buholo6 actuellement a kolwezi', NULL, NULL, NULL, NULL, 'Commerçant ', NULL, NULL, NULL, NULL, NULL, NULL, NULL, NULL, NULL, NULL, NULL, NULL, NULL, NULL, NULL, NULL, NULL, NULL, NULL, 'citoulrich@gmai.com', NULL, '$2y$12$tl2CbE0/KO93ytuIA3ZP9uGXYbnNwwnEsPINIVvTcbzfIZxCZXhE2', 'membre', 1, NULL, '2025-06-11 09:05:29', '2025-06-19 17:05:10'),
(13, 'IMF107', 'FARAJA ', 'MANEGABE', 'Samuel ', NULL, '1992-05-12', NULL, '+243974136393', 'Av. Hippodrome ', NULL, NULL, NULL, NULL, 'Entrepreneur ', NULL, NULL, NULL, NULL, NULL, NULL, NULL, NULL, NULL, NULL, NULL, NULL, NULL, NULL, NULL, NULL, NULL, NULL, NULL, 'farsammanegabe2020@gmail.com', NULL, '$2y$12$ex5beSeoB0cWWkUQ7Llf1eg57a/v2bWfTZYxD4wA9qfFxZXnq2x2y', 'membre', 1, NULL, '2025-06-14 09:53:03', '2025-06-14 09:53:03'),
(14, 'IMF108', 'KASANGANDJO', 'WIYALIKA', 'Don de Dieu ', NULL, '1990-08-13', NULL, '+243978901055', 'Kabono/kadutu', NULL, NULL, NULL, NULL, 'Menuisier ', NULL, NULL, NULL, NULL, NULL, NULL, NULL, NULL, NULL, NULL, NULL, NULL, NULL, NULL, NULL, NULL, NULL, NULL, NULL, 'donkaswi@gmail.com', NULL, '$2y$12$BmjQj2wSuDW95zgZD/if4.mdfUZ6ox3XZjtxhc2T0f92T2Mz1DxHi', 'membre', 1, NULL, '2025-06-14 09:59:23', '2025-06-14 09:59:23'),
(15, 'IMF109', 'Narhema ', 'BUHAMBAHAMBA ', 'Ghislain', NULL, '1993-11-03', NULL, '+243977428197', 'Av paysage  ', NULL, NULL, NULL, NULL, 'Commerçant ', NULL, NULL, NULL, NULL, NULL, NULL, NULL, NULL, NULL, NULL, NULL, NULL, NULL, NULL, NULL, NULL, NULL, NULL, NULL, 'narhemababughislain@gmail.com', NULL, '$2y$12$VCNaftJqJ/WwKXoICmVOz.6AHqxilwn63oK8vFLjmeR281utP/VVy', 'membre', 1, NULL, '2025-06-14 10:09:08', '2025-06-14 10:09:08'),
(16, 'IMF110', 'Irenge ', 'Mulandu', 'Innocent ', NULL, '1992-10-14', NULL, '+243973661130', 'Bukavu/ibanda/muhungu', NULL, NULL, NULL, NULL, 'Commerçant ', NULL, NULL, NULL, NULL, NULL, NULL, NULL, NULL, NULL, NULL, NULL, NULL, NULL, NULL, NULL, NULL, NULL, NULL, NULL, 'irenge.mulandu1@gmail.com', NULL, '$2y$12$qohbPohA4GTCJ2R4mAWWre7gCJKEBeOZX3X.7SyZSl4taFV4zcK8S', 'membre', 1, NULL, '2025-06-14 10:43:44', '2025-06-14 10:43:44'),
(17, 'IMF111', 'Ruhune ', 'Cahi', 'Marcelin ', NULL, '2025-06-14', NULL, '+243971727279', 'Isgea', NULL, NULL, NULL, NULL, 'Banquier ', NULL, NULL, NULL, NULL, NULL, NULL, NULL, NULL, NULL, NULL, NULL, NULL, NULL, NULL, NULL, NULL, NULL, NULL, NULL, 'marcelin@gmai.com', NULL, '$2y$12$eJ/ewt.h2vgOHMLYBoHX2uyTTlsaqvK.J5MrwvV.JEGpl6mxwEFbe', 'membre', 1, NULL, '2025-06-14 11:05:18', '2025-06-14 11:05:18'),
(18, 'IMF112', 'Venansi', 'Babu', 'Av kindu', NULL, '2025-06-14', NULL, '+243994253785', 'Avenue kindu/Tanganyika ', NULL, NULL, NULL, NULL, 'Sécurité ', NULL, NULL, NULL, NULL, NULL, NULL, NULL, NULL, NULL, NULL, NULL, NULL, NULL, NULL, NULL, NULL, NULL, NULL, NULL, 'venansi@gmail.com', NULL, '$2y$12$Evx3UBfB25j/xfyIwFTGe.rc0FinL5Vqc2BpbgsaVRz6jFbhPP./e', 'membre', 1, NULL, '2025-06-14 11:13:05', '2025-07-01 13:58:31'),
(19, 'IMF113', 'Kadusi', 'Migabo', 'Richard ', NULL, '1977-09-20', NULL, '+243972164657', 'Bukavu/Av. Sinelac', NULL, NULL, NULL, NULL, 'Commerçant', NULL, NULL, NULL, NULL, NULL, NULL, NULL, NULL, NULL, NULL, NULL, NULL, NULL, NULL, NULL, NULL, NULL, NULL, NULL, 'richard@gmail.com', NULL, '$2y$12$v9xTFRFfO4Eo5BPcOO5GEO6Mf5XQkYd3srLNPolApV4J91UrT/xMK', 'membre', 1, NULL, '2025-06-15 11:56:05', '2025-06-15 11:56:05'),
(20, 'IMF114', 'Ashuza', 'Rhugendabanga', 'Claudia', NULL, '2000-08-19', NULL, '+243995169121', 'AV KINDU Q NDENDERE COMMUNE D IBANDA', NULL, NULL, NULL, NULL, 'SCIENCE ECONOMIQUE', NULL, NULL, NULL, NULL, NULL, NULL, NULL, NULL, NULL, NULL, NULL, NULL, NULL, NULL, NULL, NULL, NULL, NULL, NULL, 'claudiaashuza19@gmail.com', NULL, '$2y$12$QHuBalwILR0CUDVA7MYAnugMz/aohPHFDLuSm83mHVyHyJFBWEGJC', 'membre', 1, NULL, '2025-06-16 15:47:59', '2025-07-01 13:51:16'),
(21, 'IMF115', 'Cito', 'Bakenga', 'Patience', NULL, '2001-06-13', NULL, '+243978157103', 'AV Muhungu q ndendere', NULL, NULL, NULL, NULL, 'sciences economie et gestion', NULL, NULL, NULL, NULL, NULL, NULL, NULL, NULL, NULL, NULL, NULL, NULL, NULL, NULL, NULL, NULL, NULL, NULL, NULL, 'patiencebakenga39@gmail.com', NULL, '$2y$12$gSa5r5T13CiKWe4lbfcOn.KJBdy9kzixpEV61kPOLWqoe4m0BzoaS', 'membre', 1, NULL, '2025-06-16 16:05:58', '2025-07-01 13:51:03'),
(22, 'IMF116', 'Emmanuella', 'Kamutu', NULL, NULL, '2000-01-01', NULL, '+243996620768', 'Av Byahene, Ndendere Ibanda', NULL, NULL, NULL, NULL, 'Commerçant', NULL, NULL, NULL, NULL, NULL, NULL, NULL, NULL, NULL, NULL, NULL, NULL, NULL, NULL, NULL, NULL, NULL, NULL, NULL, 'emmanuella@amb.com', NULL, '$2y$12$oi4NLiI7eFx3n8jrq6iW/e2oLJy3mTE/o/2qrjbtQ9lnhaVGNtp/6', 'membre', 1, NULL, '2025-06-16 17:58:51', '2025-06-16 17:58:51'),
(23, 'IMF117', 'Akonkwa ', 'Biringanine', NULL, NULL, '2000-01-01', NULL, '+243977140767', NULL, NULL, NULL, NULL, NULL, NULL, NULL, NULL, NULL, NULL, NULL, NULL, NULL, NULL, NULL, NULL, NULL, NULL, NULL, NULL, NULL, NULL, NULL, NULL, NULL, 'akonkwabiringanine@amb.com', NULL, '$2y$12$3PChd7M6VfpXHvw0BWKOoOF/oqqmLfR6d7siZ5MI8w8YNEjIQ6AHS', 'membre', 1, NULL, '2025-06-17 16:04:06', '2025-06-17 16:04:06'),
(24, 'IMF118', 'Ishara ', 'Kalangiro', NULL, NULL, '2000-01-01', NULL, '+243995796684', NULL, NULL, NULL, NULL, NULL, NULL, NULL, NULL, NULL, NULL, NULL, NULL, NULL, NULL, NULL, NULL, NULL, NULL, NULL, NULL, NULL, NULL, NULL, NULL, NULL, 'isharakalangiro@amb.com', NULL, '$2y$12$6FPiCw360Flb53vk7aS1AO8REzA.ZNrayCi3zU4zq902xdP.g.qVe', 'membre', 1, NULL, '2025-06-17 16:06:26', '2025-06-17 16:06:26'),
(25, 'IMF119', 'Gislain', 'Buhamba', NULL, NULL, '2000-06-01', NULL, '+243977428197', NULL, NULL, NULL, NULL, NULL, NULL, NULL, NULL, NULL, NULL, NULL, NULL, NULL, NULL, NULL, NULL, NULL, NULL, NULL, NULL, NULL, NULL, NULL, NULL, NULL, 'gislainbuhamba@amb.com', NULL, '$2y$12$dPX3FvGxjSuUOVCAuba8d.b3GIAswHYBy4pK0tNP2np5w64cpNQU.', 'membre', 1, NULL, '2025-06-17 16:08:21', '2025-06-17 16:08:21'),
(27, 'IMF120', 'LUC', 'MARABARO', '', NULL, '2000-01-01', NULL, '+243977164803', 'irambo', NULL, NULL, NULL, NULL, 'Commerçant', NULL, NULL, NULL, NULL, NULL, NULL, NULL, NULL, NULL, NULL, NULL, NULL, NULL, NULL, NULL, NULL, NULL, NULL, NULL, 'lucmatabaro@gmail.com', NULL, '$2y$12$IGl8vVMsbJhfB83qnl620uKCpNg33/2YIIPD/wLLVcAyh/6WybgPu', 'membre', 1, NULL, '2025-06-17 18:51:16', '2025-06-17 18:51:16'),
(28, 'IMF121', 'EMMANUEL', 'BUHENDWA', NULL, NULL, '2000-01-01', NULL, '+243978051981', 'Bukavu', NULL, NULL, NULL, NULL, NULL, NULL, NULL, NULL, NULL, NULL, NULL, NULL, NULL, NULL, NULL, NULL, NULL, NULL, NULL, NULL, NULL, NULL, NULL, NULL, 'emmanuelbuhendwa@amb.com', NULL, '$2y$12$1N4qZiKe/QrbGsUNkY6vd.ILdef.J3jjDRqsifIk5aK1ojRde2JYy', 'membre', 1, NULL, '2025-06-17 18:53:00', '2025-06-17 18:53:00'),
(29, 'IMF122', 'ISHARA', 'MUDERWA', NULL, NULL, '2000-01-01', NULL, '+243977638790', 'Bukavu', NULL, NULL, NULL, NULL, NULL, NULL, NULL, NULL, NULL, NULL, NULL, NULL, NULL, NULL, NULL, NULL, NULL, NULL, NULL, NULL, NULL, NULL, NULL, NULL, 'isharabuderwa@amb.com', NULL, '$2y$12$V6AwnX5fda1vPlrPV2f5RursD.inzGc5JNzf.1XRXSAYlfKMukMWO', 'membre', 1, NULL, '2025-06-17 18:54:19', '2025-06-17 18:54:19'),
(30, 'IMF123', 'LUC', 'KAJABWIKA', NULL, NULL, '2000-01-01', NULL, '+243997887899', 'Bukavu\n', NULL, NULL, NULL, NULL, NULL, NULL, NULL, NULL, NULL, NULL, NULL, NULL, NULL, NULL, NULL, NULL, NULL, NULL, NULL, NULL, NULL, NULL, NULL, NULL, 'luckajabwika@amb.com', NULL, '$2y$12$rgPHVZTYRBF1gsWHzojtPOHqvrunNn.EUsL7BiW7UKplvP7NVxPjS', 'membre', 1, NULL, '2025-06-17 18:55:21', '2025-06-17 18:55:21'),
(31, 'IMF124', 'CHADRACK', 'MASIRIKA', NULL, NULL, '2000-01-01', NULL, '+243851912165', 'Bukavu', NULL, NULL, NULL, NULL, NULL, NULL, NULL, NULL, NULL, NULL, NULL, NULL, NULL, NULL, NULL, NULL, NULL, NULL, NULL, NULL, NULL, NULL, NULL, NULL, 'chadrackmasirika@amb.com', NULL, '$2y$12$Lw9dvhZouu09XEo5rjAeb.ftQY6S1MdQtjjvn.IQUhvnUTKQZz8wy', 'membre', 1, NULL, '2025-06-17 18:56:40', '2025-06-17 18:56:40'),
(32, 'IMF125', 'EVODIE', 'NSIKU', NULL, NULL, '2000-01-01', NULL, '+243992665462', 'Av Fizi', NULL, NULL, NULL, NULL, NULL, NULL, NULL, NULL, NULL, NULL, NULL, NULL, NULL, NULL, NULL, NULL, NULL, NULL, NULL, NULL, NULL, NULL, NULL, NULL, 'evodiensiku@amb.com', NULL, '$2y$12$mRlvsSLSWY0ye4Vk24XAL.4T1Y0NXlw5WQDzU6N8.8EOi6WIkF4Gy', 'membre', 1, NULL, '2025-06-17 18:59:20', '2025-06-17 18:59:20'),
(33, 'IMF126', 'JOSEPH', 'VAINQUEUR', NULL, NULL, '2000-01-01', NULL, '+243971612912', 'Nyawera', NULL, NULL, NULL, NULL, NULL, NULL, NULL, NULL, NULL, NULL, NULL, NULL, NULL, NULL, NULL, NULL, NULL, NULL, NULL, NULL, NULL, NULL, NULL, NULL, 'josephvainqueur@amb.com', NULL, '$2y$12$tqtnYG7XmjAg.uCm3DrQMugiH450WbYWFNPucu5g9UVkL0xgmesMe', 'membre', 1, NULL, '2025-06-17 19:01:03', '2025-06-17 19:01:03'),
(34, 'IMF127', 'ESTHER', 'MATABARO', NULL, NULL, '2000-01-01', NULL, '+243855314624', 'IRAMBO ISGEA', NULL, NULL, NULL, NULL, NULL, NULL, NULL, NULL, NULL, NULL, NULL, NULL, NULL, NULL, NULL, NULL, NULL, NULL, NULL, NULL, NULL, NULL, NULL, NULL, 'esthermatabaro@amb.com', NULL, '$2y$12$J/GacCj4OEsEMTdLUq2RCOHSYAdTGEkIXyfM9iIH7uicpRUcTkVl6', 'membre', 1, NULL, '2025-06-17 19:02:42', '2025-06-17 19:02:42'),
(35, 'IMF128', 'FRANCOIS', 'MAISHA', NULL, NULL, '2000-01-01', NULL, '+243972385643', 'IRAMBO ISGEA', NULL, NULL, NULL, NULL, NULL, NULL, NULL, NULL, NULL, NULL, NULL, NULL, NULL, NULL, NULL, NULL, NULL, NULL, NULL, NULL, NULL, NULL, NULL, NULL, 'francoismaisha@amb.com', NULL, '$2y$12$qfs32QXhIJhHSTI7n9G24uLXnZMOWKqhY1U/GB9bbbCCLsYvDLGD6', 'membre', 1, NULL, '2025-06-17 19:03:49', '2025-06-17 19:03:49'),
(36, 'IMF129', 'TOP', 'BABU', NULL, NULL, '2000-01-01', NULL, '+243972385643', 'IRAMBO ISGEA', NULL, NULL, NULL, NULL, NULL, NULL, NULL, NULL, NULL, NULL, NULL, NULL, NULL, NULL, NULL, NULL, NULL, NULL, NULL, NULL, NULL, NULL, NULL, NULL, 'topbabu@amb.com', NULL, '$2y$12$NzCh3FqE7oUmmeQ4jn3Ode8I6L5.StbkHiui6egGbJgNJb9bia/Oq', 'membre', 1, NULL, '2025-06-17 19:05:13', '2025-06-17 19:05:13'),
(37, 'IMF130', 'MUGISHO', 'MUGISHO', NULL, NULL, '2000-01-01', NULL, '+243987679896', 'IRAMBO ISGEA', NULL, NULL, NULL, NULL, NULL, NULL, NULL, NULL, NULL, NULL, NULL, NULL, NULL, NULL, NULL, NULL, NULL, NULL, NULL, NULL, NULL, NULL, NULL, NULL, 'mugisho@amb.com', NULL, '$2y$12$EIAN1rPEPnSTccWlg2fkGuFeOX1/pHqiU3alpD58PiAvYMTqKS6FW', 'membre', 1, NULL, '2025-06-17 19:06:29', '2025-06-17 19:06:29'),
(38, 'IMF131', 'BAVURHE', 'ANNUARITE', NULL, NULL, '1995-05-06', NULL, '+243900086421', 'Av Cercle Hyppique', NULL, NULL, NULL, NULL, 'Commerçant', NULL, NULL, NULL, NULL, NULL, NULL, NULL, NULL, NULL, NULL, NULL, NULL, NULL, NULL, NULL, NULL, NULL, NULL, NULL, 'bavurheannuarite@amb.com', NULL, '$2y$12$5EktUX2p3Jfc/c5N9eNzAelFqpkbTGjEvQ6K44joM2W/QgsCD0DxK', 'membre', 1, NULL, '2025-06-18 16:07:53', '2025-06-18 16:07:53'),
(39, 'IMF132', 'KILUNDU', 'BERNADETTE', NULL, NULL, '2000-01-01', NULL, '+243840172315', 'Camp TV', NULL, NULL, NULL, NULL, 'Commerçant', NULL, NULL, NULL, NULL, NULL, NULL, NULL, NULL, NULL, NULL, NULL, NULL, NULL, NULL, NULL, NULL, NULL, NULL, NULL, 'likundubernadette@amb.com', NULL, '$2y$12$TqOOMUqO1tk9utMTOPOJEuq5ZTd/e7bx7Z7ZZTJSy4smbDuqxb2Ci', 'membre', 1, NULL, '2025-06-18 16:27:28', '2025-06-18 16:27:28'),
(40, 'IMF133', 'AZIZA', 'MUDERWHA', 'Aliance', NULL, '2000-01-01', NULL, '+243972014635', 'Bukavu', NULL, NULL, NULL, NULL, 'Commerçant', NULL, NULL, NULL, NULL, NULL, NULL, NULL, NULL, NULL, NULL, NULL, NULL, NULL, NULL, NULL, NULL, NULL, NULL, NULL, 'azizamuderhwa@amb.com', NULL, '$2y$12$mEZcSnhIHhdFeslqMHVRruj4lV4mHFsxCeKhAEMEseAgm847x3YOK', 'membre', 1, NULL, '2025-06-18 16:45:09', '2025-06-18 16:45:09'),
(41, 'IMF134', 'SAFARI', 'MASHIMANGO', NULL, NULL, '2000-01-01', NULL, '+243997019060', 'NYAWERA', NULL, NULL, NULL, NULL, 'Commerçant', NULL, NULL, NULL, NULL, NULL, NULL, NULL, NULL, NULL, NULL, NULL, NULL, NULL, NULL, NULL, NULL, NULL, NULL, NULL, 'safarimashimango@amb.com', NULL, '$2y$12$KBusg.oP1UUyGa3pSeIq1OIrNn2YBtTA8NkRAQeIyKQhzCBQOrmG.', 'membre', 1, NULL, '2025-06-18 17:48:05', '2025-06-18 17:48:05'),
(42, 'IMF135', 'CLAUDINE ', 'BARHALENGERWA', NULL, NULL, '2000-01-01', NULL, '+243999999999', 'Bukavu', NULL, NULL, NULL, NULL, 'Commerçant', NULL, NULL, NULL, NULL, NULL, NULL, NULL, NULL, NULL, NULL, NULL, NULL, NULL, NULL, NULL, NULL, NULL, NULL, NULL, 'claudinebar@amb.com', NULL, '$2y$12$kupRd6VOr/g2o4l8f5PmCOPAxcxqwlrhShuz/sCSAmEtFnkhPFrZq', 'membre', 1, NULL, '2025-06-18 18:41:49', '2025-06-18 18:41:49'),
(43, 'IMF136', 'ALICE ', 'CINAMA', NULL, NULL, '2000-01-01', NULL, '+243999999998', 'Bukavu\n', NULL, NULL, NULL, NULL, 'Commerçant', NULL, NULL, NULL, NULL, NULL, NULL, NULL, NULL, NULL, NULL, NULL, NULL, NULL, NULL, NULL, NULL, NULL, NULL, NULL, 'aliceci@amb.com', NULL, '$2y$12$YR3Z0WwNL.mlpIIRabm4LOHomajs4wlNKwtwd.DX/2oWAvVtpFvwu', 'membre', 1, NULL, '2025-06-18 18:42:50', '2025-06-18 18:42:50'),
(44, 'IMF137', 'DENISE', 'MUDUMBI', NULL, NULL, '2000-01-01', NULL, '+243999999997', 'Bukavu', NULL, NULL, NULL, NULL, 'Commerçant', NULL, NULL, NULL, NULL, NULL, NULL, NULL, NULL, NULL, NULL, NULL, NULL, NULL, NULL, NULL, NULL, NULL, NULL, NULL, 'denisemu@amb.com', NULL, '$2y$12$1tjXovZX4Vpuiv5e8IP2NeR5sKVZCKaPCVsa88HAzbETD6yW823mu', 'membre', 1, NULL, '2025-06-18 18:43:40', '2025-06-18 18:43:40'),
(45, 'IMF138', 'NICOLE', 'AWA', NULL, NULL, '2000-01-01', NULL, '+243999995555', 'Bukavu', NULL, NULL, NULL, NULL, 'Commerçant', NULL, NULL, NULL, NULL, NULL, NULL, NULL, NULL, NULL, NULL, NULL, NULL, NULL, NULL, NULL, NULL, NULL, NULL, NULL, 'nicoleawa@amb.com', NULL, '$2y$12$bpPdI/1rUZJb/V/ujad83O8W42kNBzuUDpxYn0B5XrGjDW7q5ecz2', 'membre', 1, NULL, '2025-06-18 18:46:24', '2025-06-18 18:46:24'),
(46, 'IMF139', 'IRENGE', 'BALAGIZI', NULL, NULL, '2000-01-01', NULL, '+243999999955', 'Bukavu', NULL, NULL, NULL, NULL, NULL, NULL, NULL, NULL, NULL, NULL, NULL, NULL, NULL, NULL, NULL, NULL, NULL, NULL, NULL, NULL, NULL, NULL, NULL, NULL, 'irengebal@amb.com', NULL, '$2y$12$3RS6xoiOqEFn4joFycguOeGqq7X4TEu3bqXp.q5eNK5N6UngaFN1m', 'membre', 1, NULL, '2025-06-18 18:47:26', '2025-06-18 18:47:26'),
(47, 'IMF140', 'DEKULO', 'PASCAL', NULL, NULL, '2000-01-01', NULL, '+243999999444', 'Bukavu', NULL, NULL, NULL, NULL, 'Commerçant', NULL, NULL, NULL, NULL, NULL, NULL, NULL, NULL, NULL, NULL, NULL, NULL, NULL, NULL, NULL, NULL, NULL, NULL, NULL, 'dekulopa@amb.com', NULL, '$2y$12$uOrf7Bw0vGNdF9o6Wbx.Auqb7vs89JQK1MUYU3XakguNzaZvC3coi', 'membre', 1, NULL, '2025-06-18 18:48:26', '2025-06-18 18:48:26'),
(48, 'IMF141', 'JUSTIN', 'NTABOBA', NULL, NULL, '2000-01-01', NULL, '+243999999944', 'Bukavu', NULL, NULL, NULL, NULL, NULL, NULL, NULL, NULL, NULL, NULL, NULL, NULL, NULL, NULL, NULL, NULL, NULL, NULL, NULL, NULL, NULL, NULL, NULL, NULL, 'justinnt@amb.com', NULL, '$2y$12$FQNPPFn2RHHzl/j9lt5sS.uJ2mlSJ52AC/JFWKCqCYeH5zgmRf9u.', 'membre', 1, NULL, '2025-06-18 18:49:27', '2025-06-18 18:49:27'),
(49, 'IMF142', 'CUBAKA', 'BANYWESIZE', NULL, NULL, '2000-01-01', NULL, '+243999994455', 'Bukavu', NULL, NULL, NULL, NULL, 'Commerçant', NULL, NULL, NULL, NULL, NULL, NULL, NULL, NULL, NULL, NULL, NULL, NULL, NULL, NULL, NULL, NULL, NULL, NULL, NULL, 'cubakaban@amb.com', NULL, '$2y$12$zfIBEoyZZ.6qYAwQSOzMsOWdRBL5ycZzMJ6ofWOL579y7gAsLHqsC', 'membre', 1, NULL, '2025-06-18 18:50:26', '2025-06-18 18:50:26'),
(50, 'IMF143', 'EMMANUELLA', 'KAMUTU', 'BIS', NULL, '2000-01-01', NULL, '+243999945555', 'Bukavu\n', NULL, NULL, NULL, NULL, 'Commerçant', NULL, NULL, NULL, NULL, NULL, NULL, NULL, NULL, NULL, NULL, NULL, NULL, NULL, NULL, NULL, NULL, NULL, NULL, NULL, 'emmanuellakam@amb.com', NULL, '$2y$12$GN3hMeerh8zbbXWHGAYHGuylL8Dcm4YUeoyYm/Orm/Cxo/IsYPfH6', 'membre', 1, NULL, '2025-06-18 18:51:51', '2025-06-18 18:51:51'),
(51, 'IMF144', 'BLESSING', 'NOELLA', NULL, NULL, '2000-01-01', NULL, '+243999999111', 'Bukavu', NULL, NULL, NULL, NULL, 'Commerçant', NULL, NULL, NULL, NULL, NULL, NULL, NULL, NULL, NULL, NULL, NULL, NULL, NULL, NULL, NULL, NULL, NULL, NULL, NULL, 'blessingno@amb.com', NULL, '$2y$12$8aZbrpMZfU5053J7M1889uKG.PLdugiuZFOSsA0rsxbNnm4o51rIy', 'membre', 1, NULL, '2025-06-18 18:52:50', '2025-06-18 18:52:50'),
(52, 'IMF145', 'BENJAMIN', 'CIKOMOLA', NULL, NULL, '2000-01-01', NULL, '+243999993334', 'Bukavu', NULL, NULL, NULL, NULL, 'Commerçant', NULL, NULL, NULL, NULL, NULL, NULL, NULL, NULL, NULL, NULL, NULL, NULL, NULL, NULL, NULL, NULL, NULL, NULL, NULL, 'benjaminci@amb.com', NULL, '$2y$12$y9zdwHhKfRvAHSY5l8vGK.r9ZJnJQ2ff5WIkktymygaFslDz5LtFm', 'membre', 1, NULL, '2025-06-18 18:54:14', '2025-06-18 18:54:14'),
(53, 'IMF146', 'CIRIMWAMI', 'MECHACK', NULL, NULL, '2000-01-01', NULL, '+243999966544', 'Bukavu', NULL, NULL, NULL, NULL, 'Commerçant', NULL, NULL, NULL, NULL, NULL, NULL, NULL, NULL, NULL, NULL, NULL, NULL, NULL, NULL, NULL, NULL, NULL, NULL, NULL, 'cirimwamime@amb.com', NULL, '$2y$12$EMODmlDsTUc9Ff9pWhKdN.xJbBmxQTZXUYVIiz494IljSZiI0xSGO', 'membre', 1, NULL, '2025-06-19 16:55:26', '2025-06-19 16:55:26'),
(54, 'IMF147', 'JEANETTE', 'MUDERHWA', NULL, NULL, '2000-01-01', NULL, '+243976453072', 'Bukavu', NULL, NULL, NULL, NULL, 'Commerçant', NULL, NULL, NULL, NULL, NULL, NULL, NULL, NULL, NULL, NULL, NULL, NULL, NULL, NULL, NULL, NULL, NULL, NULL, NULL, 'jeanettemu@amb.com', NULL, '$2y$12$NIJXdhCkZ78fkbEhW3RDX.iajQuwO46mlNQpa3xeGv/HGVoiIJ1pO', 'membre', 1, NULL, '2025-06-19 16:57:48', '2025-06-19 16:57:48'),
(55, 'IMF148', 'BARHATULIRWA', 'MUSHI', NULL, NULL, '2000-01-01', NULL, '+243847644699', 'Bukavu', NULL, NULL, NULL, NULL, 'Commerçant', NULL, NULL, NULL, NULL, NULL, NULL, NULL, NULL, NULL, NULL, NULL, NULL, NULL, NULL, NULL, NULL, NULL, NULL, NULL, 'mushi@amb.com', NULL, '$2y$12$t0SABXz.J79UfAaIVGTiWe.P/Id4eWKAaaCDKYENJa25Axnqr2ZyS', 'membre', 1, NULL, '2025-06-19 17:00:07', '2025-06-19 17:00:07'),
(56, 'IMF149', 'SANZA', 'MUKENGE', NULL, NULL, '2000-01-01', NULL, '+243824695402', 'Bukavu', NULL, NULL, NULL, NULL, 'Commerçant', NULL, NULL, NULL, NULL, NULL, NULL, NULL, NULL, NULL, NULL, NULL, NULL, NULL, NULL, NULL, NULL, NULL, NULL, NULL, 'sanzamuk@amb.com', NULL, '$2y$12$B6PRHAtx/AGO/l1TG0ozm.fswDIn/ksNZgPMfWuh3ZiG2rPEZO0ne', 'membre', 1, NULL, '2025-06-19 17:01:34', '2025-06-19 17:01:34'),
(57, 'IMF150', 'BAHATI', 'BIREGO', NULL, NULL, '2000-01-01', NULL, '+243978232146', 'BUHOLO 1', NULL, NULL, NULL, NULL, 'Commerçant', NULL, NULL, NULL, NULL, NULL, NULL, NULL, NULL, NULL, NULL, NULL, NULL, NULL, NULL, NULL, NULL, NULL, NULL, NULL, 'bahatibi@amb.com', NULL, '$2y$12$NZeb2wSEAdc440l.o32w2e1pwIbiQ9K9FvW9nJkFD3TMOgIOLstPO', 'membre', 1, NULL, '2025-06-19 17:04:45', '2025-06-19 17:05:28'),
(58, 'IMF151', 'PATIENT', 'CIMANUKA', NULL, NULL, '2002-07-25', NULL, '+243975659230', 'Muhungu Camp SNEL', NULL, NULL, NULL, NULL, 'Bradeur', NULL, NULL, NULL, NULL, NULL, NULL, NULL, NULL, NULL, NULL, NULL, NULL, NULL, NULL, NULL, NULL, NULL, NULL, NULL, 'patientcim@amb.com', NULL, '$2y$12$3/cMrhiCDfVb5XFK6FzlQ.dUvi8g3koq83hTh9VJs9DdzdoCVvs/O', 'membre', 1, NULL, '2025-06-19 17:10:29', '2025-06-19 17:10:29'),
(59, 'IMF152', 'MASTAKI', 'CINAMA', NULL, NULL, '2000-01-01', NULL, '+243972598107', 'Camp Snel', NULL, NULL, NULL, NULL, 'Commerçant', NULL, NULL, NULL, NULL, NULL, NULL, NULL, NULL, NULL, NULL, NULL, NULL, NULL, NULL, NULL, NULL, NULL, NULL, NULL, 'mastakicim@amb.com', NULL, '$2y$12$30TDr6Lpf5T9RU7SrUo0L.cl6B.ooMZ.5q6adEHa3cEGU1O1hEUTy', 'membre', 1, NULL, '2025-06-19 17:11:37', '2025-06-19 17:11:37'),
(60, 'IMF153', 'BYAMUNGU', 'BYAMUNGU', NULL, NULL, '2000-01-01', NULL, '+243999999911', 'Bukavu', NULL, NULL, NULL, NULL, 'Commerçant', NULL, NULL, NULL, NULL, NULL, NULL, NULL, NULL, NULL, NULL, NULL, NULL, NULL, NULL, NULL, NULL, NULL, NULL, NULL, 'kangomekib@amb.com', NULL, '$2y$12$HmOdpdolflO1C/.dGveCueSrGAM2.XIDRF9i9OCDEQruXI9jHTKnS', 'membre', 1, NULL, '2025-06-19 17:12:58', '2025-06-19 17:38:39'),
(61, 'IMF154', 'CINAMA', 'JULIENNE', NULL, NULL, '2000-01-01', NULL, '+243999955111', 'Bukavu', NULL, NULL, NULL, NULL, 'Commerçant', NULL, NULL, NULL, NULL, NULL, NULL, NULL, NULL, NULL, NULL, NULL, NULL, NULL, NULL, NULL, NULL, NULL, NULL, NULL, 'cinamajul@amb.com', NULL, '$2y$12$CO4CBTJ4oFcfSLzLGhpZTuR.ZEM7CFbdN8pN6CqvlrZwyrD/SU6CO', 'membre', 1, NULL, '2025-06-19 17:14:23', '2025-06-19 17:14:23'),
(62, 'IMF155', 'ISHARA', 'EMANI', NULL, NULL, '2000-01-01', NULL, '+243970318218', 'Nyawera', NULL, NULL, NULL, NULL, 'Commerçant', NULL, NULL, NULL, NULL, NULL, NULL, NULL, NULL, NULL, NULL, NULL, NULL, NULL, NULL, NULL, NULL, NULL, NULL, NULL, 'isharaem@amb.com', NULL, '$2y$12$1mAadeiXZSmjo/nfxmNgXeggq7vDdH70xoW9ChZzlz2xsL8vxlwV.', 'membre', 1, NULL, '2025-06-19 17:16:18', '2025-06-19 17:16:18'),
(63, 'IMF156', 'BYAMUNGU', 'BIREGO', NULL, NULL, '2000-01-01', NULL, '+243992581505', 'Quartier Latin', NULL, NULL, NULL, NULL, 'Commerçant', NULL, NULL, NULL, NULL, NULL, NULL, NULL, NULL, NULL, NULL, NULL, NULL, NULL, NULL, NULL, NULL, NULL, NULL, NULL, 'byamungubir@amb.com', NULL, '$2y$12$dRKIo2.1aY8qvQCAr7qPO.SvO2k.LGEWl9gGApBOgHVuklkvjcJ5i', 'membre', 1, NULL, '2025-06-19 17:26:28', '2025-06-19 17:26:28'),
(64, 'IMF157', 'KANGOME', 'KIBALI', 'ISRAEL', NULL, '2000-01-01', NULL, '+243999111111', 'Quartier Latin', NULL, NULL, NULL, NULL, 'Commerçant', NULL, NULL, NULL, NULL, NULL, NULL, NULL, NULL, NULL, NULL, NULL, NULL, NULL, NULL, NULL, NULL, NULL, NULL, NULL, 'israelkib@amb.com', NULL, '$2y$12$Ad6wrr9Bmg161Mf6Aa0xaOWwZMK1TNsoDw61XOdUaCkv0rvIFiFwa', 'membre', 1, NULL, '2025-06-19 17:27:25', '2025-06-19 17:38:21'),
(65, 'IMF158', 'BAGULA ', 'BAHATI', NULL, NULL, '2000-01-01', NULL, '+243999997778', 'Nyawera', NULL, NULL, NULL, NULL, 'Commerçant', NULL, NULL, NULL, NULL, NULL, NULL, NULL, NULL, NULL, NULL, NULL, NULL, NULL, NULL, NULL, NULL, NULL, NULL, NULL, 'bagolaba@amb.com', NULL, '$2y$12$qNKzZjpaf3ommsadHuSKj.SPSV7Ezi3RUf9dlIx..HcTFaND.XoVe', 'membre', 1, NULL, '2025-06-19 17:54:28', '2025-06-19 17:54:28'),
(66, 'IMF159', 'HELEINA', 'MWARUKARUKA', NULL, NULL, '2000-01-01', NULL, '+243988888889', 'Nyawera', NULL, NULL, NULL, NULL, 'Commerçant', NULL, NULL, NULL, NULL, NULL, NULL, NULL, NULL, NULL, NULL, NULL, NULL, NULL, NULL, NULL, NULL, NULL, NULL, NULL, 'heleinamw@amb.com', NULL, '$2y$12$X7x.KCcL1j1soe4ZqAjC.uco0GHig9C.UjR7N3TSOxYrmD1GGuXB6', 'membre', 1, NULL, '2025-06-19 17:55:44', '2025-06-19 17:55:44'),
(67, 'IMF160', 'BLAISE ', 'MUSHAGALUSA', NULL, NULL, '2000-01-01', NULL, '+243902893450', 'Nyawera', NULL, NULL, NULL, NULL, NULL, NULL, NULL, NULL, NULL, NULL, NULL, NULL, NULL, NULL, NULL, NULL, NULL, NULL, NULL, NULL, NULL, NULL, NULL, NULL, 'blaisemu@amb.com', NULL, '$2y$12$gS1Yn8qstjP0vJN3GwLbPO2u1aJ1LtmM/HzeYTYXsYKea9pHzkssy', 'membre', 1, NULL, '2025-06-19 17:57:35', '2025-06-19 17:57:35'),
(68, 'IMF161', 'BARAKA', 'CHIRHAKARHULA', NULL, NULL, '2000-01-01', NULL, '+243992914007', 'Kadutu', NULL, NULL, NULL, NULL, NULL, NULL, NULL, NULL, NULL, NULL, NULL, NULL, NULL, NULL, NULL, NULL, NULL, NULL, NULL, NULL, NULL, NULL, NULL, NULL, 'barakach@amb.com', NULL, '$2y$12$nFLVfj8l33IkTy1gOC15mebqTPkpa9S05hxN7VY5wAQDbEFYe2YdG', 'membre', 1, NULL, '2025-06-19 17:58:47', '2025-06-19 17:58:47'),
(69, 'IMF162', 'ISHARA ', 'BUDERHWA', 'BIS 2000F', NULL, '2000-01-01', NULL, '+243999911122', 'Nyawera', NULL, NULL, NULL, NULL, 'Commerçant', NULL, NULL, NULL, NULL, NULL, NULL, NULL, NULL, NULL, NULL, NULL, NULL, NULL, NULL, NULL, NULL, NULL, NULL, NULL, 'isharabud@amb.com', NULL, '$2y$12$flQvnwK3j2YHcHquRK86sekCoL0JQO8okYjF/QLr/5grM9YKxkGSe', 'membre', 1, NULL, '2025-06-19 18:02:28', '2025-06-19 18:02:28'),
(71, 'IMF164', 'SENGI', 'MWALAVUMBA', NULL, NULL, '2000-01-01', NULL, '+243997777777', 'Nyawera', NULL, NULL, NULL, NULL, NULL, NULL, NULL, NULL, NULL, NULL, NULL, NULL, NULL, NULL, NULL, NULL, NULL, NULL, NULL, NULL, NULL, NULL, NULL, NULL, 'sengimw@amb.com', NULL, '$2y$12$b.QIm6VCkJxUraDXnVHxBe3WnitlByz4qa5As1dfIDJspUALlOtcy', 'membre', 1, NULL, '2025-06-19 18:08:13', '2025-06-19 18:08:13'),
(72, 'IMF165', 'BINJA', 'WINGA', NULL, NULL, '2000-01-01', NULL, '+243988777665', 'Bukavu', NULL, NULL, NULL, NULL, NULL, NULL, NULL, NULL, NULL, NULL, NULL, NULL, NULL, NULL, NULL, NULL, NULL, NULL, NULL, NULL, NULL, NULL, NULL, NULL, 'binjawi@amb.com', NULL, '$2y$12$ZUa8EQ5q6Fsx6651GgnUXO4ugTKdZkMTLgwYByvbabOlg3BDpHT6q', 'membre', 1, NULL, '2025-06-19 19:01:17', '2025-06-19 19:01:17'),
(73, 'IMF166', 'MURHULA ', 'BALAGIZI ', NULL, NULL, '2025-06-20', NULL, '+243966666666', 'Bukavu/Ibanda/Ndendere/av Poste 1', NULL, NULL, NULL, NULL, 'Commerçant ', NULL, NULL, NULL, NULL, NULL, NULL, NULL, NULL, NULL, NULL, NULL, NULL, NULL, NULL, NULL, NULL, NULL, NULL, NULL, 'murhulabal@amb.com', NULL, '$2y$12$32gmReFiGsK6lD4bE11scelq./RB0.ndDCE/1YtG2i//5exu2pewq', 'membre', 1, NULL, '2025-06-20 18:40:17', '2025-06-20 18:40:17'),
(74, 'IMF167', 'OMBA ', 'MUNGU', NULL, NULL, '2025-06-20', NULL, '+243955555555', 'Bukavu/Ibanda/Ndendere/av Poste 1', NULL, NULL, NULL, NULL, 'Com', NULL, NULL, NULL, NULL, NULL, NULL, NULL, NULL, NULL, NULL, NULL, NULL, NULL, NULL, NULL, NULL, NULL, NULL, NULL, 'ombamu@amb.com', NULL, '$2y$12$aobPxvNOozPWZ59dKw1IkOuw5zJeBoPtf13gv59GuNHnJuALsgAzG', 'membre', 1, NULL, '2025-06-20 18:41:49', '2025-06-20 18:41:49'),
(75, 'IMF168', 'VENTE', 'CARNETS', NULL, NULL, '2000-01-01', NULL, '+243000000000', 'Bukavu/Ibanda/Ndendere/av Poste 1', NULL, NULL, NULL, NULL, 'VENTE', NULL, NULL, NULL, NULL, NULL, NULL, NULL, NULL, NULL, NULL, NULL, NULL, NULL, NULL, NULL, NULL, NULL, NULL, NULL, 'ventecarnet@amb.com', NULL, '$2y$12$pFu.WZaMOQkbRuKYUC0QFeuX6.oUk/0HC2z6pPf0TK8WD8sx4hCRm', 'membre', 1, NULL, '2025-06-21 10:26:23', '2025-06-21 10:26:23'),
(76, 'IMF169', 'COMPTE', 'MANQUANT', NULL, NULL, '2000-01-01', NULL, '+243900000000', 'imf', NULL, NULL, NULL, NULL, 'MANQUANT', NULL, NULL, NULL, NULL, NULL, NULL, NULL, NULL, NULL, NULL, NULL, NULL, NULL, NULL, NULL, NULL, NULL, NULL, NULL, 'comptemanquant@amb.com', NULL, '$2y$12$tEne.dhJw18VV/.eINtHbeJq198X5w8/jqIR545BPi9t5/GxYJ2VO', 'membre', 1, NULL, '2025-06-21 13:35:12', '2025-06-21 13:35:12'),
(77, 'IMF170', 'BABU', 'GISLAIN', 'BIS 5000', NULL, '2000-01-01', NULL, '+243988333334', 'IMF', NULL, NULL, NULL, NULL, 'Commerçant', NULL, NULL, NULL, NULL, NULL, NULL, NULL, NULL, NULL, NULL, NULL, NULL, NULL, NULL, NULL, NULL, NULL, NULL, NULL, 'babugis@amb.com', NULL, '$2y$12$OaeIfD1NJciUV1aABUZ2Gej8kFSJ3bZUUO5v1vou8e/fcsMZti322', 'membre', 1, NULL, '2025-06-21 14:18:18', '2025-06-21 14:25:25'),
(78, 'IMF171', 'ISHARA', 'NAMEGABE', 'EMMANUEL', NULL, '2000-01-01', NULL, '+243985248054', 'Av Kalemba, Nyalukemba, Ibanda Bukavu', NULL, NULL, NULL, NULL, 'Chauffeur', NULL, NULL, NULL, NULL, NULL, NULL, NULL, NULL, NULL, NULL, NULL, NULL, NULL, NULL, NULL, NULL, NULL, NULL, NULL, 'isharanam@amb.com', NULL, '$2y$12$BO0yI8TNdcYrIsiT.J/GGu8/hRoRO.ZQNAx5Vwy3Mn2ajOZzud2nK', 'membre', 1, NULL, '2025-06-21 17:50:52', '2025-06-21 17:50:52'),
(79, 'IMF172', 'MELANIE', 'BAGUMA', NULL, NULL, '2000-01-01', NULL, '+243999442211', 'Bukavu/Irambo', NULL, NULL, NULL, NULL, 'Elève', NULL, NULL, NULL, NULL, NULL, NULL, NULL, NULL, NULL, NULL, NULL, NULL, NULL, NULL, NULL, NULL, NULL, NULL, NULL, 'melaniebag@amb.com', NULL, '$2y$12$UfQr7jcU2eTDx6znkw3cYuq4q6Pyh3yAbLGitwiFyfd1WFgbXE2sa', 'membre', 1, NULL, '2025-06-21 18:05:01', '2025-06-21 18:05:01'),
(80, 'IMF173', 'BULONZA', 'ROSETTE', NULL, NULL, '2000-01-01', NULL, '+243992840755', 'Bukavu/Nyawera', NULL, NULL, NULL, NULL, 'Commerçant', NULL, NULL, NULL, NULL, NULL, NULL, NULL, NULL, NULL, NULL, NULL, NULL, NULL, NULL, NULL, NULL, NULL, NULL, NULL, 'bulonzaro@amb.com', NULL, '$2y$12$RneEGAKOwHIlPwm1lDQpdumqdtAyW0VlvHFzgtHa.ZWXp1kkDgFE.', 'membre', 1, NULL, '2025-06-21 18:06:30', '2025-06-21 18:06:30'),
(81, 'IMF174', 'ARMAND', 'KULONDWA', NULL, NULL, '2000-01-01', NULL, '+243977346602', 'Bukavu/Nyawera', NULL, NULL, NULL, NULL, 'Commerçant', NULL, NULL, NULL, NULL, NULL, NULL, NULL, NULL, NULL, NULL, NULL, NULL, NULL, NULL, NULL, NULL, NULL, NULL, NULL, 'armandkul@amb.com', NULL, '$2y$12$A37/MuKiRgGFhC8fTJKtpOeXpQOglUuhkBAdQMRjJw0f/eVAoTU06', 'membre', 1, NULL, '2025-06-21 18:31:57', '2025-06-21 18:31:57'),
(82, 'IMF175', 'JEAN ', 'BRAYANNE', 'BAGUMA', NULL, '2000-01-01', NULL, '+243966661111', 'Bukavu/Irambo', NULL, NULL, NULL, NULL, 'Elève', NULL, NULL, NULL, NULL, NULL, NULL, NULL, NULL, NULL, NULL, NULL, NULL, NULL, NULL, NULL, NULL, NULL, NULL, NULL, 'jeanbrayane@amb.com', NULL, '$2y$12$xCfpOE1amVH46mQMZQXMW.9udel530d1eR9Jv85GV8/Q5.PlcaeMS', 'membre', 1, NULL, '2025-06-21 18:33:53', '2025-06-21 18:33:53'),
(83, 'IMF176', 'Nabintu', 'Rwizibuka', 'Gorette ', NULL, '1983-06-06', NULL, '+243978630075', 'Bukavu', NULL, NULL, NULL, NULL, 'Commerçante', NULL, NULL, NULL, NULL, NULL, NULL, NULL, NULL, NULL, NULL, NULL, NULL, NULL, NULL, NULL, NULL, NULL, NULL, NULL, 'nabinturwizibuka@gmail.com', NULL, '$2y$12$j4X6pGIHTOUTpIhlfOToVuJGjI7JUQQO0b99DBSd8ZyZgDC6bKyQa', 'membre', 1, NULL, '2025-06-23 16:35:32', '2025-06-23 16:35:32'),
(84, 'IMF177', 'Irenge ', 'Mulandu Innocent', 'BIS 20000', NULL, '2000-01-01', NULL, '+243995555554', 'IMF', NULL, NULL, NULL, NULL, 'Commerçant', NULL, NULL, NULL, NULL, NULL, NULL, NULL, NULL, NULL, NULL, NULL, NULL, NULL, NULL, NULL, NULL, NULL, NULL, NULL, 'mulanduinn@amb.com', NULL, '$2y$12$G5K/5j631Iez3rQ.oik1uOKTxqufVEuLVU1Ly08Zd0MQMcyKe3.di', 'membre', 1, NULL, '2025-06-23 18:15:50', '2025-06-23 18:15:50'),
(85, 'IMF178', 'Kabika', 'Zirhalirwa ', 'Yvette ', NULL, '2000-01-01', NULL, '+243985646783', NULL, NULL, NULL, NULL, NULL, NULL, NULL, NULL, NULL, NULL, NULL, NULL, NULL, NULL, NULL, NULL, NULL, NULL, NULL, NULL, NULL, NULL, NULL, NULL, NULL, 'kabikazirhalirwa@gmail.com', NULL, '$2y$12$K4q/2c.Y5OjxHZ/xUJlTLuGctJ81HnSukSPgsLAKth114/lVuJrBy', 'membre', 1, NULL, '2025-06-24 15:14:28', '2025-06-24 15:14:28'),
(86, 'IMF179', 'MUDEKEREZA ', 'Bashombe ', 'Adrien ', NULL, '2000-01-01', NULL, '+243997558465', NULL, NULL, NULL, NULL, NULL, 'Service ', NULL, NULL, NULL, NULL, NULL, NULL, NULL, NULL, NULL, NULL, NULL, NULL, NULL, NULL, NULL, NULL, NULL, NULL, NULL, 'mudekerezabashombe@gmail.com', NULL, '$2y$12$BdDgP2sGisNx/8M7ZMF/v.wcmjsUFYAMakMKl0RTolhL06idL97Vy', 'membre', 1, NULL, '2025-06-24 15:19:14', '2025-06-24 15:19:14'),
(87, 'IMF180', 'Mugisho ', 'Mweze ', NULL, NULL, '2000-01-01', NULL, '+243977818502', NULL, NULL, NULL, NULL, NULL, NULL, NULL, NULL, NULL, NULL, NULL, NULL, NULL, NULL, NULL, NULL, NULL, NULL, NULL, NULL, NULL, NULL, NULL, NULL, NULL, 'mugishomweze@gmail.com', NULL, '$2y$12$KIW8RGSJIRhcdmkpy2ZPdeV96I0c8YK3G5tg1vyzKwvxeaotArwn2', 'membre', 1, NULL, '2025-06-24 17:51:45', '2025-06-24 17:51:45'),
(88, 'IMF181', 'Kilungu ', 'Ramazani ', NULL, NULL, '2000-02-01', NULL, '+243999999999', NULL, NULL, NULL, NULL, NULL, NULL, NULL, NULL, NULL, NULL, NULL, NULL, NULL, NULL, NULL, NULL, NULL, NULL, NULL, NULL, NULL, NULL, NULL, NULL, NULL, 'kilunguramazani@gmail.com', NULL, '$2y$12$hxhbp2navfPATih5ysYyoep9N6ViZ//8K1gDhc/zBK2HjGQtMin1q', 'membre', 1, NULL, '2025-06-24 18:02:16', '2025-06-24 18:02:16'),
(89, 'IMF182', 'Mungu akonkwa ', 'Aimedo', NULL, NULL, '2000-02-01', NULL, '+243999999999', NULL, NULL, NULL, NULL, NULL, NULL, NULL, NULL, NULL, NULL, NULL, NULL, NULL, NULL, NULL, NULL, NULL, NULL, NULL, NULL, NULL, NULL, NULL, NULL, NULL, 'munguakonkwaaimedo@gmail.com', NULL, '$2y$12$nYUL5Gb29JfO0tiAOQEs0eR.mXm/Wado0c1tSxGnMUJvIjoEGix/m', 'membre', 1, NULL, '2025-06-24 18:04:36', '2025-06-24 18:04:36'),
(90, 'IMF183', 'Mugisho ', 'Musaka ', 'Divin ', NULL, '2000-01-01', NULL, '+243992123192', NULL, NULL, NULL, NULL, NULL, NULL, NULL, NULL, NULL, NULL, NULL, NULL, NULL, NULL, NULL, NULL, NULL, NULL, NULL, NULL, NULL, NULL, NULL, NULL, NULL, 'mugishomusaka@gmail.com', NULL, '$2y$12$ongAHBkHAxHlVR/P9PMimOR5ab6MojK4arbkp.YvMktBrNMOvuANe', 'membre', 1, NULL, '2025-06-25 10:51:23', '2025-06-25 10:51:23'),
(91, 'IMF184', 'Esther ', 'Birhashwirwa', NULL, NULL, '2000-02-01', NULL, '+243971366184', NULL, NULL, NULL, NULL, NULL, NULL, NULL, NULL, NULL, NULL, NULL, NULL, NULL, NULL, NULL, NULL, NULL, NULL, NULL, NULL, NULL, NULL, NULL, NULL, NULL, 'estherbirhashwirwa@gmail.com', NULL, '$2y$12$2avZd7jC7zmPSoLRFx6v6OylguyMr/RZ1kkwu5qLVfST0WNPcI.g.', 'membre', 1, NULL, '2025-06-25 13:14:23', '2025-06-25 13:14:23'),
(92, 'IMF185', 'Mapenzi ', 'Yvonne ', NULL, NULL, '2000-01-01', NULL, '+243999999999', NULL, NULL, NULL, NULL, NULL, NULL, NULL, NULL, NULL, NULL, NULL, NULL, NULL, NULL, NULL, NULL, NULL, NULL, NULL, NULL, NULL, NULL, NULL, NULL, NULL, 'mapenziyvonne@gmail.com', NULL, '$2y$12$GzfhWvRJTwD6Jz65/iPix.CEGEqI.swV5KAU.r5xF31zEmtDCmgCS', 'membre', 1, NULL, '2025-06-25 17:18:15', '2025-06-25 17:18:15'),
(93, 'IMF186', 'Baliahamwabo', 'Mulandu', 'Gratien', NULL, '2000-06-01', NULL, '+243993913167', NULL, NULL, NULL, NULL, NULL, NULL, NULL, NULL, NULL, NULL, NULL, NULL, NULL, NULL, NULL, NULL, NULL, NULL, NULL, NULL, NULL, NULL, NULL, NULL, NULL, 'baliahamwabomulando@gmail.com', NULL, '$2y$12$LOna41/ltO3GCfEvnbfX6.T1mVSd/2UYnebBSFvOYbPZIHZFUtO8i', 'membre', 1, NULL, '2025-06-25 17:20:28', '2025-06-25 17:20:28'),
(94, 'IMF187', 'COMMISSION', 'CREDITS', 'Profit', NULL, '2000-06-01', NULL, '+243900000000', NULL, NULL, NULL, NULL, NULL, NULL, NULL, NULL, NULL, NULL, NULL, NULL, NULL, NULL, NULL, NULL, NULL, NULL, NULL, NULL, NULL, NULL, NULL, NULL, NULL, 'credit@amf.com', NULL, '$2y$12$VCNaftJqJ/WwKXoICmVOz.6AHqxilwn63oK8vFLjmeR281utP/VVy', 'recouvreur', 1, NULL, '2025-06-25 17:20:28', '2025-06-25 17:20:28'),
(95, 'IMF188', 'COMPTE ', 'INTERET', 'Profit', NULL, '2000-06-01', NULL, '+243900000001', NULL, NULL, NULL, NULL, NULL, NULL, NULL, NULL, NULL, NULL, NULL, NULL, NULL, NULL, NULL, NULL, NULL, NULL, NULL, NULL, NULL, NULL, NULL, NULL, NULL, 'penalite@amf.com', NULL, '$2y$12$VCNaftJqJ/WwKXoICmVOz.6AHqxilwn63oK8vFLjmeR281utP/VVy', 'recouvreur', 1, NULL, '2025-06-25 17:20:28', '2025-06-25 17:20:28'),
(97, 'IMF189', 'COMMISSION', 'CARNET', 'Profit', NULL, '2000-06-01', NULL, '+243900000002', NULL, NULL, NULL, NULL, NULL, NULL, NULL, NULL, NULL, NULL, NULL, NULL, NULL, NULL, NULL, NULL, NULL, NULL, NULL, NULL, NULL, NULL, NULL, NULL, NULL, 'carnet@amf.com', NULL, '$2y$12$VCNaftJqJ/WwKXoICmVOz.6AHqxilwn63oK8vFLjmeR281utP/VVy', 'recouvreur', 1, NULL, '2025-06-25 17:20:28', '2025-06-25 17:20:28'),
(98, 'IMF190', 'IRENGE ', 'Byamungu ', 'Gloire ', NULL, '2000-01-01', NULL, '+243973616057', NULL, NULL, NULL, NULL, NULL, NULL, NULL, NULL, NULL, NULL, NULL, NULL, NULL, NULL, NULL, NULL, NULL, NULL, NULL, NULL, NULL, NULL, NULL, NULL, NULL, 'irengebyamungu@gmail.com', NULL, '$2y$12$3AHtxAe/bnE/FLCHiQds3Oe.LcwcitS3TQv1Ad/WoE9ChaMwCahMu', 'membre', 1, NULL, '2025-06-25 17:48:36', '2025-06-25 17:48:36'),
(99, 'IMF191', 'Bilumya', 'Lawi', NULL, NULL, '2000-01-01', NULL, '+243999999999', NULL, NULL, NULL, NULL, NULL, '', NULL, NULL, NULL, NULL, NULL, NULL, NULL, NULL, NULL, NULL, NULL, NULL, NULL, NULL, NULL, NULL, NULL, NULL, NULL, 'bilumyalawi@gmail.com', NULL, '$2y$12$UCZVgWBjgMX.mQhKydvrluLADornZmXLj0j4whodMXdiLo2h8bNLW', 'membre', 1, NULL, '2025-06-25 17:50:51', '2025-06-25 17:50:51'),
(100, 'IMF192', 'Amua', 'Clémence ', NULL, NULL, '2000-01-01', NULL, '+243999999999', NULL, NULL, NULL, NULL, NULL, NULL, NULL, NULL, NULL, NULL, NULL, NULL, NULL, NULL, NULL, NULL, NULL, NULL, NULL, NULL, NULL, NULL, NULL, NULL, NULL, 'amuaclemence@gmail.com', NULL, '$2y$12$sSg4ztMwJ9T8w1Avi1SE3OJLelbqosz7Oj6DFzpDFIM2EdRLnebsG', 'membre', 1, NULL, '2025-06-25 17:55:54', '2025-06-25 17:55:54'),
(101, 'IMF193', 'MARIE JEANNE', 'NSIMIRE', NULL, NULL, '2000-01-01', NULL, '+243922111111', 'IMF', NULL, NULL, NULL, NULL, 'Commerçant', NULL, NULL, NULL, NULL, NULL, NULL, NULL, NULL, NULL, NULL, NULL, NULL, NULL, NULL, NULL, NULL, NULL, NULL, NULL, 'mariejeanne@amb.com', NULL, '$2y$12$AIuDiqqEiPvISNcabMasWeN6R1spbEuKRBOspsUUdL.9MZc1OrxyO', 'membre', 1, NULL, '2025-06-25 18:57:26', '2025-06-25 18:57:26'),
(102, 'IMF194', 'NAOMIE', 'CIZA', NULL, NULL, '2000-01-01', NULL, '+243976665555', 'IMF', NULL, NULL, NULL, NULL, 'Commerçant', NULL, NULL, NULL, NULL, NULL, NULL, NULL, NULL, NULL, NULL, NULL, NULL, NULL, NULL, NULL, NULL, NULL, NULL, NULL, 'naomieci@amf.com', NULL, '$2y$12$RDezDQA6jOywbDqOHzbT2.l/Z6EThHANsxZl.rdIFzL43ZSUQ/CAC', 'membre', 1, NULL, '2025-06-25 19:08:09', '2025-06-25 19:08:09'),
(103, 'IMF195', 'Aganze ', 'Ziganira ', 'Lucien ', NULL, '2000-01-01', NULL, '+243993211985', NULL, NULL, NULL, NULL, NULL, NULL, NULL, NULL, NULL, NULL, NULL, NULL, NULL, NULL, NULL, NULL, NULL, NULL, NULL, NULL, NULL, NULL, NULL, NULL, NULL, 'aganzeziganira@gmail.com', NULL, '$2y$12$3UxnT7VV.m6QHqlGiSCXhObQ5tS.UD64WHJ.0wnub8qZ5sEbjtzSi', 'membre', 1, NULL, '2025-06-26 08:56:11', '2025-06-26 08:56:11'),
(104, 'IMF196', 'SIFA', 'MURHEMULA', NULL, NULL, '2000-01-01', NULL, '+243976540357', 'Bukavu/Ibanda/Ndendere/Panzi', NULL, NULL, NULL, NULL, NULL, NULL, NULL, NULL, NULL, NULL, NULL, NULL, NULL, NULL, NULL, NULL, NULL, NULL, NULL, NULL, NULL, NULL, NULL, NULL, 'sifamu@amb.com', NULL, '$2y$12$jAiu4rjMUfZvZJGEJg8KROZ/bdz50cbPzhx2w2fWGfCtKNpyWsLHW', 'membre', 1, NULL, '2025-06-26 19:53:15', '2025-06-26 19:53:15'),
(105, 'IMF197', 'Rosine ', 'Mwamini ', 'Kamuntu ', NULL, '2000-01-01', NULL, '+243980427111', NULL, NULL, NULL, NULL, NULL, NULL, NULL, NULL, NULL, NULL, NULL, NULL, NULL, NULL, NULL, NULL, NULL, NULL, NULL, NULL, NULL, NULL, NULL, NULL, NULL, 'rosinemwamini@gmail.com', NULL, '$2y$12$W1VmFdBCnMm.87WdsklKV./.tTAKAIx/CZkcJiQy5JfJiJmzgJWim', 'membre', 1, NULL, '2025-06-27 09:30:25', '2025-06-27 09:30:25'),
(106, 'IMF198', 'Ciza ', 'Bisimwa ', 'Elizee', NULL, '2000-01-01', NULL, '+243991698868', NULL, NULL, NULL, NULL, NULL, NULL, NULL, NULL, NULL, NULL, NULL, NULL, NULL, NULL, NULL, NULL, NULL, NULL, NULL, NULL, NULL, NULL, NULL, NULL, NULL, 'cizabisimwa@gmail.com', NULL, '$2y$12$543dOi3HpDN9O2SdE10GJ.FFGublpqNiylFOE7IfE8vlkpqmwuWxO', 'membre', 1, NULL, '2025-06-27 09:42:34', '2025-06-27 09:42:34'),
(107, 'IMF199', 'Jonanthan', 'Christian ', NULL, NULL, '2000-01-01', NULL, '+243996860920', NULL, NULL, NULL, NULL, NULL, NULL, NULL, NULL, NULL, NULL, NULL, NULL, NULL, NULL, NULL, NULL, NULL, NULL, NULL, NULL, NULL, NULL, NULL, NULL, NULL, 'jonanthanchristian@gmail.com', NULL, '$2y$12$ALz1QGB8V7puCG82DDz8ZeaZUF5SkNHSbMh3BEoS8bJjA0Ylr3omC', 'membre', 1, NULL, '2025-06-27 09:44:41', '2025-06-27 09:44:41'),
(108, 'IMF200', 'Zawadi', 'Mukasa', 'Odride', NULL, '2000-01-01', NULL, '+243974094918', NULL, NULL, NULL, NULL, NULL, NULL, NULL, NULL, NULL, NULL, NULL, NULL, NULL, NULL, NULL, NULL, NULL, NULL, NULL, NULL, NULL, NULL, NULL, NULL, NULL, 'zawadimukasa@gmail.com', NULL, '$2y$12$hTv.rTy91vJbhSPNdsUyhe.NgjcLPaua.RHNuzy7BQHaXtBEy0Q2q', 'membre', 1, NULL, '2025-06-27 16:17:38', '2025-06-27 16:17:38'),
(109, 'IMF201', 'Nabintu ', 'Bitumba ', 'Claudine ', NULL, '2000-01-01', NULL, '+243991142506', NULL, NULL, NULL, NULL, NULL, NULL, NULL, NULL, NULL, NULL, NULL, NULL, NULL, NULL, NULL, NULL, NULL, NULL, NULL, NULL, NULL, NULL, NULL, NULL, NULL, 'nabintubitumba@gmail.com', NULL, '$2y$12$9z1qffly9fQnXF4cWcqzxu.6.dduB5nGG28jcBpSZ3zy1./AoW2ga', 'membre', 1, NULL, '2025-06-27 16:21:20', '2025-06-27 16:21:20'),
(110, 'IMF202', 'Nabintu ', 'Charmante ', NULL, NULL, '2000-02-01', NULL, '+243906721704', NULL, NULL, NULL, NULL, NULL, NULL, NULL, NULL, NULL, NULL, NULL, NULL, NULL, NULL, NULL, NULL, NULL, NULL, NULL, NULL, NULL, NULL, NULL, NULL, NULL, 'nabintucharmante@gmail.com', NULL, '$2y$12$qMB4b1jNFFSEwZbaQEmF0.qnB07fXIT3aN.V9k4GuFFAqOyeDI4Zu', 'membre', 1, NULL, '2025-06-27 16:23:35', '2025-06-27 16:23:35'),
(111, 'IMF203', 'Murhula ', 'Birhashwirwa', 'Justin ', NULL, '2000-01-01', NULL, '+243984800515', NULL, NULL, NULL, NULL, NULL, NULL, NULL, NULL, NULL, NULL, NULL, NULL, NULL, NULL, NULL, NULL, NULL, NULL, NULL, NULL, NULL, NULL, NULL, NULL, NULL, 'murhulabirhashwirwa@gmail', NULL, '$2y$12$sSYaMLtBmiKZaDRT8gic.uwf3UgI9ZWtXTh74U5XDBRBrAMJnpzqW', 'membre', 1, NULL, '2025-06-27 16:25:56', '2025-06-27 16:25:56'),
(112, 'IMF204', 'Ciza', 'Masonga ', NULL, NULL, '2000-01-01', NULL, '+243902319001', NULL, NULL, NULL, NULL, NULL, NULL, NULL, NULL, NULL, NULL, NULL, NULL, NULL, NULL, NULL, NULL, NULL, NULL, NULL, NULL, NULL, NULL, NULL, NULL, NULL, 'cizamasonga@gmail.com', NULL, '$2y$12$UrkRNsnqcsLf2lwUS2xHE.IvQR2HhG8PSZJvOrE48sPbP8iFMlcl2', 'membre', 1, NULL, '2025-06-27 16:30:53', '2025-06-27 16:30:53'),
(113, 'IMF205', 'Nankafu', 'Kunzi ', NULL, NULL, '2000-01-01', NULL, '+243975933237', NULL, NULL, NULL, NULL, NULL, NULL, NULL, NULL, NULL, NULL, NULL, NULL, NULL, NULL, NULL, NULL, NULL, NULL, NULL, NULL, NULL, NULL, NULL, NULL, NULL, 'nankafukunzi@gmail.com', NULL, '$2y$12$xKoucVr1c3LblsqvH9sefOShvwz.ov3YX8i35Ip9Z3ZxKCy/xHvr.', 'membre', 1, NULL, '2025-06-27 16:47:51', '2025-06-27 16:47:51'),
(114, 'IMF206', 'Bienvenue ', 'Mubalama', NULL, NULL, '2000-01-01', NULL, '+243998260998', NULL, NULL, NULL, NULL, NULL, NULL, NULL, NULL, NULL, NULL, NULL, NULL, NULL, NULL, NULL, NULL, NULL, NULL, NULL, NULL, NULL, NULL, NULL, NULL, NULL, 'bienvenumubalama@gmail.com', NULL, '$2y$12$scWHjX7l32QhTMW8QCNVcOkYXw/B05F3yKMc7lb96HtSmSMaF/szy', 'membre', 1, NULL, '2025-06-27 16:50:39', '2025-06-27 16:50:39'),
(115, 'IMF207', 'Safi ', 'Cizungu', 'Charmante ', NULL, '2000-01-01', NULL, '+243892489846', NULL, NULL, NULL, NULL, NULL, NULL, NULL, NULL, NULL, NULL, NULL, NULL, NULL, NULL, NULL, NULL, NULL, NULL, NULL, NULL, NULL, NULL, NULL, NULL, NULL, 'saficizungu@gmail.com', NULL, '$2y$12$gGsP5H0WYSTgpijdR535nuWrO19H.zEmUNmy0d68n369pgw6xbSzq', 'membre', 1, NULL, '2025-06-27 16:54:03', '2025-06-27 16:54:03'),
(116, 'IMF208', 'CUBAKA', 'MOTOTO', NULL, NULL, '2000-01-01', NULL, '+243990000011', 'KIBOMBO', NULL, NULL, NULL, NULL, 'Commerçant', NULL, NULL, NULL, NULL, NULL, NULL, NULL, NULL, NULL, NULL, NULL, NULL, NULL, NULL, NULL, NULL, NULL, NULL, NULL, 'cubakamo@amb.com', NULL, '$2y$12$sS0EgHRlqRMP79lxmLYsf.yR/qp8ocxxifH5wLhHe8Pr.rpvsiXSS', 'membre', 1, NULL, '2025-06-27 18:48:18', '2025-06-27 18:48:18'),
(117, 'IMF209', 'NZIGIRE', 'MIHIGO', NULL, NULL, '2000-01-01', NULL, '+243893770412', 'Bukavu/Ibanda/Ndendere/av Panzi', NULL, NULL, NULL, NULL, 'Commerçant', NULL, NULL, NULL, NULL, NULL, NULL, NULL, NULL, NULL, NULL, NULL, NULL, NULL, NULL, NULL, NULL, NULL, NULL, NULL, 'nzigiremi@amb.com', NULL, '$2y$12$l.EeeTnF1f1jWAWz37mfKOyL26r0lKMM8ZErGnA2D.YXoNxoEeYVy', 'membre', 1, NULL, '2025-06-27 18:51:18', '2025-06-27 18:51:18'),
(118, 'IMF210', 'BISIMWA', 'CISHUGI', NULL, NULL, '2000-01-01', NULL, '+243990384374', 'Bukavu/Bagira/Q D', NULL, NULL, NULL, NULL, 'Commerçant', NULL, NULL, NULL, NULL, NULL, NULL, NULL, NULL, NULL, NULL, NULL, NULL, NULL, NULL, NULL, NULL, NULL, NULL, NULL, 'bisimwaci@amb.com', NULL, '$2y$12$PEw/RHe7erNX0DdS5ExTkO.3m5JFhg1AaTejkrPAIxBhnp8LljGsG', 'membre', 1, NULL, '2025-06-27 18:52:48', '2025-06-27 18:52:48'),
(119, 'IMF211', 'Evelyne ', 'Binja', NULL, NULL, '2000-01-01', NULL, '+243995421351', NULL, NULL, NULL, NULL, NULL, NULL, NULL, NULL, NULL, NULL, NULL, NULL, NULL, NULL, NULL, NULL, NULL, NULL, NULL, NULL, NULL, NULL, NULL, NULL, NULL, 'evelynebinja@gmail.com', NULL, '$2y$12$z0OZGogMh/GooIegb.f4iO7yk9jp.x6t5Ws3fbDzajfskydsTA/0O', 'membre', 1, NULL, '2025-06-28 16:19:34', '2025-06-28 16:19:34'),
(120, 'IMF212', 'MUTUELLE ', 'MAISHA ', 'BORA', NULL, '2000-01-01', NULL, '+243900000002', 'Bukavu/Ibanda/Ndendere/av Vamaro', NULL, NULL, NULL, NULL, NULL, NULL, NULL, NULL, NULL, NULL, NULL, NULL, NULL, NULL, NULL, NULL, NULL, NULL, NULL, NULL, NULL, NULL, NULL, NULL, 'mutellemai@amb.com', NULL, '$2y$12$EimenR27PrIVJHPV57DXkuVRvUmljyQ/jgTFd7N6lrNTkka8FPAym', 'membre', 1, NULL, '2025-06-28 18:31:05', '2025-06-28 18:31:05'),
(121, 'IMF213', 'Jeannette ', 'Muderwa ', NULL, NULL, '2000-01-01', NULL, '+243999999999', NULL, NULL, NULL, NULL, NULL, NULL, NULL, NULL, NULL, NULL, NULL, NULL, NULL, NULL, NULL, NULL, NULL, NULL, NULL, NULL, NULL, NULL, NULL, NULL, NULL, 'jeannettemuderwa@gmail.com', NULL, '$2y$12$v1mw4UkASbA8UURPI5NO4.NpLq/Rp19UEAAuJCuM2PI48gHj.7bWS', 'membre', 1, NULL, '2025-07-01 10:57:27', '2025-07-01 10:57:27'),
(130, 'IMF222', 'Wani', 'Migabo', 'Michael ', NULL, '1997-07-10', NULL, '+243974925156', NULL, NULL, NULL, NULL, NULL, 'Fonctionnaire ', NULL, NULL, NULL, NULL, NULL, NULL, NULL, NULL, NULL, NULL, NULL, NULL, NULL, NULL, NULL, NULL, NULL, NULL, NULL, 'wanimigabo@gmail.com', NULL, '$2y$12$DHA3ydX4iz3QPZowBZuybOLh/jQGa1To9nV8KEytziKvVDQ9tOMo2', 'membre', 1, NULL, '2025-07-01 13:15:39', '2025-07-01 13:15:39'),
(131, 'IMF223', 'Byamungu ', 'Bibishe ', 'Birego ', NULL, '2000-01-01', NULL, '+243999999999', NULL, NULL, NULL, NULL, NULL, NULL, NULL, NULL, NULL, NULL, NULL, NULL, NULL, NULL, NULL, NULL, NULL, NULL, NULL, NULL, NULL, NULL, NULL, NULL, NULL, 'byamungubibishe@gmail.com', NULL, '$2y$12$ALo2lF31Qlk4msXCF0KeH.1MVFGXjq7MH62E8m2eG1OPKA6eiY5c2', 'membre', 1, NULL, '2025-07-01 14:09:21', '2025-07-01 14:09:21'),
(132, 'IMF224', 'Nzigire ', 'Namegabe', NULL, NULL, '2000-01-01', NULL, '+243978141205', NULL, NULL, NULL, NULL, NULL, NULL, NULL, NULL, NULL, NULL, NULL, NULL, NULL, NULL, NULL, NULL, NULL, NULL, NULL, NULL, NULL, NULL, NULL, NULL, NULL, 'nzigirenamegabe@gmail.com', NULL, '$2y$12$xufef6i3ubghvN9GFHC9CueU19emaCfYv5y1QFKdDCdiTwiRvfVNK', 'membre', 1, NULL, '2025-07-01 14:17:29', '2025-07-01 14:17:29'),
(133, 'IMF225', 'Tumusifu', 'Bashize', 'Sifa ', NULL, '2000-01-01', NULL, '+243840039233', NULL, NULL, NULL, NULL, NULL, '', NULL, NULL, NULL, NULL, NULL, NULL, NULL, NULL, NULL, NULL, NULL, NULL, NULL, NULL, NULL, NULL, NULL, NULL, NULL, 'tumusifubashize@gmail.com', NULL, '$2y$12$UD2YjcQ2dbpt3NZ5BqUFq.3bks8.BDeg5HtXhOHOrup2fb0mzA24q', 'membre', 1, NULL, '2025-07-01 14:40:11', '2025-07-01 14:40:11'),
(134, 'IMF226', 'Sarah ', 'Merveille ', NULL, NULL, '2000-01-01', NULL, '+243999999999', NULL, NULL, NULL, NULL, NULL, NULL, NULL, NULL, NULL, NULL, NULL, NULL, NULL, NULL, NULL, NULL, NULL, NULL, NULL, NULL, NULL, NULL, NULL, NULL, NULL, 'sarahmerveille@gmail.com', NULL, '$2y$12$CvIF3VDXmRc4ST2BkIAmve2jLwjpqTxxwKmq2IQvW3NRVsZQDA2LK', 'membre', 1, NULL, '2025-07-01 16:11:09', '2025-07-01 16:11:09'),
(135, 'IMF227', 'Esther ', 'Cito', 'Simbya', NULL, '2000-01-01', NULL, '+243855376476', NULL, NULL, NULL, NULL, NULL, NULL, NULL, NULL, NULL, NULL, NULL, NULL, NULL, NULL, NULL, NULL, NULL, NULL, NULL, NULL, NULL, NULL, NULL, NULL, NULL, 'esthercito@gmail.com', NULL, '$2y$12$BuBJv5fO8x3w7FqNMoz7R.BSImFonCX5DipBTMNg3OoilPVIO3ay2', 'membre', 1, NULL, '2025-07-01 17:47:14', '2025-07-01 17:47:14'),
(136, 'IMF228', 'Rita', 'Mirindi', 'Alice', NULL, '2000-01-01', NULL, '+243997907764', NULL, NULL, NULL, NULL, NULL, NULL, NULL, NULL, NULL, NULL, NULL, NULL, NULL, NULL, NULL, NULL, NULL, NULL, NULL, NULL, NULL, NULL, NULL, NULL, NULL, 'ritamirindi@gmail.com', NULL, '$2y$12$PBX.qzTS3zbjSyXrCG2nCejYLA/LWJGXwgI0FaT37JiEzd36yETHe', 'membre', 1, NULL, '2025-07-01 17:48:33', '2025-07-01 17:48:33');
INSERT INTO `users` (`id`, `code`, `name`, `postnom`, `prenom`, `sexe`, `date_naissance`, `lieu_naissance`, `telephone`, `adresse_physique`, `province`, `ville`, `commune`, `quartier`, `profession`, `type_piece`, `numero_piece`, `date_expiration_piece`, `etat_civil`, `nombre_dependants`, `revenu_mensuel`, `source_revenu`, `nom_employeur`, `nom_conjoint`, `telephone_conjoint`, `nom_reference`, `telephone_reference`, `lien_reference`, `photo_profil`, `scan_piece`, `date_adhesion`, `nationalite`, `niveau_etude`, `remarque`, `email`, `email_verified_at`, `password`, `role`, `status`, `remember_token`, `created_at`, `updated_at`) VALUES
(137, 'IMF229', 'Borauzima', 'Kilundu', NULL, NULL, '2000-01-01', NULL, '+243899404170', NULL, NULL, NULL, NULL, NULL, NULL, NULL, NULL, NULL, NULL, NULL, NULL, NULL, NULL, NULL, NULL, NULL, NULL, NULL, NULL, NULL, NULL, NULL, NULL, NULL, 'borauzima@gmail.com', NULL, '$2y$12$btbfesKqZ0afv9VZtaVXReh9lB1kmmJtrvarnCMMRBy9AThq2aZlm', 'membre', 1, NULL, '2025-07-01 17:49:39', '2025-07-01 17:49:39'),
(138, 'IMF230', 'AAAAA', 'Natus ut eligendi eo', 'Non dolor non id do', 'Masculin', '2017-09-24', 'BUKAVU', '+243978333676', 'Bukavu/Ibanda/Ndendere/av Poste 1', 'SUD-KIVU', 'Bukavu', 'Ibanda', 'NDENDERE', 'COMMERCANT', 'CARTE ELECTEUR', '4567890', '2025-07-03', 'célibataire', 2, 200.00, 'COMMERCE', NULL, 'FOKO', '0978333652', 'NYAWERA', '0978333654', NULL, 'photos_profil/gE1rDiZ00a9vJ0hUvfiXZCbryLPNkHbXvxOCbaT5.jpg', 'scans_pieces/XLWziClgzvXIsapDoPL9jfUVTWV1glrNwJbtU0tZ.pdf', NULL, NULL, 'Grade', NULL, 'pebujyveb@mailinator.com', NULL, '$2y$12$l2wAiqB.cRAIMe7mgjBHteIrS9liRRYiceBJpuVgrVLFW7BDzZmVu', 'membre', 1, NULL, '2025-07-05 15:09:51', '2025-07-09 15:11:01');

--
-- Index pour les tables déchargées
--

--
-- Index pour la table `accounts`
--
ALTER TABLE `accounts`
  ADD PRIMARY KEY (`id`),
  ADD KEY `accounts_user_id_foreign` (`user_id`);

--
-- Index pour la table `agent_accounts`
--
ALTER TABLE `agent_accounts`
  ADD PRIMARY KEY (`id`),
  ADD KEY `agent_accounts_user_id_foreign` (`user_id`);

--
-- Index pour la table `cache`
--
ALTER TABLE `cache`
  ADD PRIMARY KEY (`key`);

--
-- Index pour la table `cache_locks`
--
ALTER TABLE `cache_locks`
  ADD PRIMARY KEY (`key`);

--
-- Index pour la table `cash_registers`
--
ALTER TABLE `cash_registers`
  ADD PRIMARY KEY (`id`);

--
-- Index pour la table `contribution_books`
--
ALTER TABLE `contribution_books`
  ADD PRIMARY KEY (`id`),
  ADD UNIQUE KEY `contribution_books_code_unique` (`code`),
  ADD KEY `contribution_books_subscription_id_foreign` (`subscription_id`);

--
-- Index pour la table `contribution_lines`
--
ALTER TABLE `contribution_lines`
  ADD PRIMARY KEY (`id`),
  ADD KEY `contribution_lines_contribution_book_id_foreign` (`contribution_book_id`);

--
-- Index pour la table `credits`
--
ALTER TABLE `credits`
  ADD PRIMARY KEY (`id`),
  ADD KEY `credits_user_id_foreign` (`user_id`),
  ADD KEY `credits_account_id_foreign` (`account_id`);

--
-- Index pour la table `daily_contributions`
--
ALTER TABLE `daily_contributions`
  ADD PRIMARY KEY (`id`),
  ADD KEY `daily_contributions_membership_card_id_foreign` (`membership_card_id`);

--
-- Index pour la table `exchange_rates`
--
ALTER TABLE `exchange_rates`
  ADD PRIMARY KEY (`id`);

--
-- Index pour la table `failed_jobs`
--
ALTER TABLE `failed_jobs`
  ADD PRIMARY KEY (`id`),
  ADD UNIQUE KEY `failed_jobs_uuid_unique` (`uuid`);

--
-- Index pour la table `jobs`
--
ALTER TABLE `jobs`
  ADD PRIMARY KEY (`id`),
  ADD KEY `jobs_queue_index` (`queue`);

--
-- Index pour la table `job_batches`
--
ALTER TABLE `job_batches`
  ADD PRIMARY KEY (`id`);

--
-- Index pour la table `main_cash_registers`
--
ALTER TABLE `main_cash_registers`
  ADD PRIMARY KEY (`id`);

--
-- Index pour la table `membership_cards`
--
ALTER TABLE `membership_cards`
  ADD PRIMARY KEY (`id`),
  ADD UNIQUE KEY `membership_cards_code_unique` (`code`),
  ADD KEY `membership_cards_member_id_foreign` (`member_id`);

--
-- Index pour la table `migrations`
--
ALTER TABLE `migrations`
  ADD PRIMARY KEY (`id`);

--
-- Index pour la table `model_has_permissions`
--
ALTER TABLE `model_has_permissions`
  ADD PRIMARY KEY (`permission_id`,`model_id`,`model_type`),
  ADD KEY `model_has_permissions_model_id_model_type_index` (`model_id`,`model_type`);

--
-- Index pour la table `model_has_roles`
--
ALTER TABLE `model_has_roles`
  ADD PRIMARY KEY (`role_id`,`model_id`,`model_type`),
  ADD KEY `model_has_roles_model_id_model_type_index` (`model_id`,`model_type`);

--
-- Index pour la table `notifications`
--
ALTER TABLE `notifications`
  ADD PRIMARY KEY (`id`),
  ADD KEY `notifications_user_id_foreign` (`user_id`);

--
-- Index pour la table `password_reset_tokens`
--
ALTER TABLE `password_reset_tokens`
  ADD PRIMARY KEY (`email`);

--
-- Index pour la table `permissions`
--
ALTER TABLE `permissions`
  ADD PRIMARY KEY (`id`),
  ADD UNIQUE KEY `permissions_name_guard_name_unique` (`name`,`guard_name`);

--
-- Index pour la table `repayments`
--
ALTER TABLE `repayments`
  ADD PRIMARY KEY (`id`),
  ADD KEY `repayments_credit_id_foreign` (`credit_id`);

--
-- Index pour la table `roles`
--
ALTER TABLE `roles`
  ADD PRIMARY KEY (`id`),
  ADD UNIQUE KEY `roles_name_guard_name_unique` (`name`,`guard_name`);

--
-- Index pour la table `role_has_permissions`
--
ALTER TABLE `role_has_permissions`
  ADD PRIMARY KEY (`permission_id`,`role_id`),
  ADD KEY `role_has_permissions_role_id_foreign` (`role_id`);

--
-- Index pour la table `sessions`
--
ALTER TABLE `sessions`
  ADD PRIMARY KEY (`id`),
  ADD KEY `sessions_user_id_index` (`user_id`),
  ADD KEY `sessions_last_activity_index` (`last_activity`);

--
-- Index pour la table `subscriptions`
--
ALTER TABLE `subscriptions`
  ADD PRIMARY KEY (`id`),
  ADD KEY `subscriptions_user_id_foreign` (`user_id`);

--
-- Index pour la table `transactions`
--
ALTER TABLE `transactions`
  ADD PRIMARY KEY (`id`),
  ADD KEY `transactions_account_id_foreign` (`account_id`),
  ADD KEY `transactions_agent_account_id_foreign` (`agent_account_id`),
  ADD KEY `transactions_user_id_foreign` (`user_id`),
  ADD KEY `transactions_credit_id_foreign` (`credit_id`);

--
-- Index pour la table `transferts`
--
ALTER TABLE `transferts`
  ADD PRIMARY KEY (`id`),
  ADD KEY `transferts_from_agent_account_id_foreign` (`from_agent_account_id`),
  ADD KEY `transferts_to_main_cash_register_id_foreign` (`to_main_cash_register_id`);

--
-- Index pour la table `users`
--
ALTER TABLE `users`
  ADD PRIMARY KEY (`id`),
  ADD UNIQUE KEY `users_email_unique` (`email`),
  ADD UNIQUE KEY `users_code_unique` (`code`);

--
-- AUTO_INCREMENT pour les tables déchargées
--

--
-- AUTO_INCREMENT pour la table `accounts`
--
ALTER TABLE `accounts`
  MODIFY `id` bigint UNSIGNED NOT NULL AUTO_INCREMENT, AUTO_INCREMENT=489;

--
-- AUTO_INCREMENT pour la table `agent_accounts`
--
ALTER TABLE `agent_accounts`
  MODIFY `id` bigint UNSIGNED NOT NULL AUTO_INCREMENT, AUTO_INCREMENT=34;

--
-- AUTO_INCREMENT pour la table `cash_registers`
--
ALTER TABLE `cash_registers`
  MODIFY `id` bigint UNSIGNED NOT NULL AUTO_INCREMENT;

--
-- AUTO_INCREMENT pour la table `contribution_books`
--
ALTER TABLE `contribution_books`
  MODIFY `id` bigint UNSIGNED NOT NULL AUTO_INCREMENT;

--
-- AUTO_INCREMENT pour la table `contribution_lines`
--
ALTER TABLE `contribution_lines`
  MODIFY `id` bigint UNSIGNED NOT NULL AUTO_INCREMENT;

--
-- AUTO_INCREMENT pour la table `credits`
--
ALTER TABLE `credits`
  MODIFY `id` bigint UNSIGNED NOT NULL AUTO_INCREMENT, AUTO_INCREMENT=34;

--
-- AUTO_INCREMENT pour la table `daily_contributions`
--
ALTER TABLE `daily_contributions`
  MODIFY `id` bigint UNSIGNED NOT NULL AUTO_INCREMENT, AUTO_INCREMENT=776;

--
-- AUTO_INCREMENT pour la table `exchange_rates`
--
ALTER TABLE `exchange_rates`
  MODIFY `id` bigint UNSIGNED NOT NULL AUTO_INCREMENT;

--
-- AUTO_INCREMENT pour la table `failed_jobs`
--
ALTER TABLE `failed_jobs`
  MODIFY `id` bigint UNSIGNED NOT NULL AUTO_INCREMENT;

--
-- AUTO_INCREMENT pour la table `jobs`
--
ALTER TABLE `jobs`
  MODIFY `id` bigint UNSIGNED NOT NULL AUTO_INCREMENT;

--
-- AUTO_INCREMENT pour la table `main_cash_registers`
--
ALTER TABLE `main_cash_registers`
  MODIFY `id` bigint UNSIGNED NOT NULL AUTO_INCREMENT, AUTO_INCREMENT=15;

--
-- AUTO_INCREMENT pour la table `membership_cards`
--
ALTER TABLE `membership_cards`
  MODIFY `id` bigint UNSIGNED NOT NULL AUTO_INCREMENT, AUTO_INCREMENT=27;

--
-- AUTO_INCREMENT pour la table `migrations`
--
ALTER TABLE `migrations`
  MODIFY `id` int UNSIGNED NOT NULL AUTO_INCREMENT, AUTO_INCREMENT=22;

--
-- AUTO_INCREMENT pour la table `notifications`
--
ALTER TABLE `notifications`
  MODIFY `id` bigint UNSIGNED NOT NULL AUTO_INCREMENT, AUTO_INCREMENT=69;

--
-- AUTO_INCREMENT pour la table `permissions`
--
ALTER TABLE `permissions`
  MODIFY `id` bigint UNSIGNED NOT NULL AUTO_INCREMENT, AUTO_INCREMENT=41;

--
-- AUTO_INCREMENT pour la table `repayments`
--
ALTER TABLE `repayments`
  MODIFY `id` bigint UNSIGNED NOT NULL AUTO_INCREMENT, AUTO_INCREMENT=61;

--
-- AUTO_INCREMENT pour la table `roles`
--
ALTER TABLE `roles`
  MODIFY `id` bigint UNSIGNED NOT NULL AUTO_INCREMENT, AUTO_INCREMENT=6;

--
-- AUTO_INCREMENT pour la table `subscriptions`
--
ALTER TABLE `subscriptions`
  MODIFY `id` bigint UNSIGNED NOT NULL AUTO_INCREMENT;

--
-- AUTO_INCREMENT pour la table `transactions`
--
ALTER TABLE `transactions`
  MODIFY `id` bigint UNSIGNED NOT NULL AUTO_INCREMENT, AUTO_INCREMENT=1289;

--
-- AUTO_INCREMENT pour la table `transferts`
--
ALTER TABLE `transferts`
  MODIFY `id` bigint UNSIGNED NOT NULL AUTO_INCREMENT, AUTO_INCREMENT=27;

--
-- AUTO_INCREMENT pour la table `users`
--
ALTER TABLE `users`
  MODIFY `id` bigint UNSIGNED NOT NULL AUTO_INCREMENT, AUTO_INCREMENT=139;

--
-- Contraintes pour les tables déchargées
--

--
-- Contraintes pour la table `accounts`
--
ALTER TABLE `accounts`
  ADD CONSTRAINT `accounts_user_id_foreign` FOREIGN KEY (`user_id`) REFERENCES `users` (`id`) ON DELETE CASCADE;

--
-- Contraintes pour la table `agent_accounts`
--
ALTER TABLE `agent_accounts`
  ADD CONSTRAINT `agent_accounts_user_id_foreign` FOREIGN KEY (`user_id`) REFERENCES `users` (`id`) ON DELETE CASCADE;

--
-- Contraintes pour la table `contribution_books`
--
ALTER TABLE `contribution_books`
  ADD CONSTRAINT `contribution_books_subscription_id_foreign` FOREIGN KEY (`subscription_id`) REFERENCES `subscriptions` (`id`);

--
-- Contraintes pour la table `contribution_lines`
--
ALTER TABLE `contribution_lines`
  ADD CONSTRAINT `contribution_lines_contribution_book_id_foreign` FOREIGN KEY (`contribution_book_id`) REFERENCES `contribution_books` (`id`);

--
-- Contraintes pour la table `credits`
--
ALTER TABLE `credits`
  ADD CONSTRAINT `credits_account_id_foreign` FOREIGN KEY (`account_id`) REFERENCES `accounts` (`id`) ON DELETE CASCADE,
  ADD CONSTRAINT `credits_user_id_foreign` FOREIGN KEY (`user_id`) REFERENCES `users` (`id`) ON DELETE CASCADE;

--
-- Contraintes pour la table `daily_contributions`
--
ALTER TABLE `daily_contributions`
  ADD CONSTRAINT `daily_contributions_membership_card_id_foreign` FOREIGN KEY (`membership_card_id`) REFERENCES `membership_cards` (`id`) ON DELETE CASCADE;

--
-- Contraintes pour la table `membership_cards`
--
ALTER TABLE `membership_cards`
  ADD CONSTRAINT `membership_cards_member_id_foreign` FOREIGN KEY (`member_id`) REFERENCES `users` (`id`);

--
-- Contraintes pour la table `model_has_permissions`
--
ALTER TABLE `model_has_permissions`
  ADD CONSTRAINT `model_has_permissions_permission_id_foreign` FOREIGN KEY (`permission_id`) REFERENCES `permissions` (`id`) ON DELETE CASCADE;

--
-- Contraintes pour la table `model_has_roles`
--
ALTER TABLE `model_has_roles`
  ADD CONSTRAINT `model_has_roles_role_id_foreign` FOREIGN KEY (`role_id`) REFERENCES `roles` (`id`) ON DELETE CASCADE;

--
-- Contraintes pour la table `notifications`
--
ALTER TABLE `notifications`
  ADD CONSTRAINT `notifications_user_id_foreign` FOREIGN KEY (`user_id`) REFERENCES `users` (`id`) ON DELETE CASCADE;

--
-- Contraintes pour la table `repayments`
--
ALTER TABLE `repayments`
  ADD CONSTRAINT `repayments_credit_id_foreign` FOREIGN KEY (`credit_id`) REFERENCES `credits` (`id`) ON DELETE CASCADE;

--
-- Contraintes pour la table `role_has_permissions`
--
ALTER TABLE `role_has_permissions`
  ADD CONSTRAINT `role_has_permissions_permission_id_foreign` FOREIGN KEY (`permission_id`) REFERENCES `permissions` (`id`) ON DELETE CASCADE,
  ADD CONSTRAINT `role_has_permissions_role_id_foreign` FOREIGN KEY (`role_id`) REFERENCES `roles` (`id`) ON DELETE CASCADE;

--
-- Contraintes pour la table `subscriptions`
--
ALTER TABLE `subscriptions`
  ADD CONSTRAINT `subscriptions_user_id_foreign` FOREIGN KEY (`user_id`) REFERENCES `users` (`id`);

--
-- Contraintes pour la table `transactions`
--
ALTER TABLE `transactions`
  ADD CONSTRAINT `transactions_account_id_foreign` FOREIGN KEY (`account_id`) REFERENCES `accounts` (`id`) ON DELETE SET NULL,
  ADD CONSTRAINT `transactions_agent_account_id_foreign` FOREIGN KEY (`agent_account_id`) REFERENCES `agent_accounts` (`id`) ON DELETE SET NULL,
  ADD CONSTRAINT `transactions_credit_id_foreign` FOREIGN KEY (`credit_id`) REFERENCES `credits` (`id`) ON DELETE SET NULL,
  ADD CONSTRAINT `transactions_user_id_foreign` FOREIGN KEY (`user_id`) REFERENCES `users` (`id`) ON DELETE CASCADE;

--
-- Contraintes pour la table `transferts`
--
ALTER TABLE `transferts`
  ADD CONSTRAINT `transferts_from_agent_account_id_foreign` FOREIGN KEY (`from_agent_account_id`) REFERENCES `agent_accounts` (`id`) ON DELETE CASCADE,
  ADD CONSTRAINT `transferts_to_main_cash_register_id_foreign` FOREIGN KEY (`to_main_cash_register_id`) REFERENCES `main_cash_registers` (`id`) ON DELETE CASCADE;
COMMIT;

/*!40101 SET CHARACTER_SET_CLIENT=@OLD_CHARACTER_SET_CLIENT */;
/*!40101 SET CHARACTER_SET_RESULTS=@OLD_CHARACTER_SET_RESULTS */;
/*!40101 SET COLLATION_CONNECTION=@OLD_COLLATION_CONNECTION */;
